"NUM_CLIENTE","MES_FAT","VALOR_FATURAMENTO"
9179,"Janeiro",555.46
9179,"Fevereiro",407.67
9179,"Março",312.68
9179,"Abril",1351.99
9179,"Maio",360.42
9179,"Junho",98.69
9179,"Julho",132.64
9179,"Agosto",911.69
9179,"Setembro",223.71
9179,"Outubro",937.34
9179,"Novembro",422.67
9179,"Dezembro",287.26
5844,"Janeiro",840.41
5844,"Fevereiro",1127.81
5844,"Março",714.87
5844,"Abril",176.53
5844,"Maio",563.02
5844,"Junho",734.26
5844,"Julho",43.61
5844,"Agosto",153.38
5844,"Setembro",793.1
5844,"Outubro",657.38
5844,"Novembro",740.96
5844,"Dezembro",419.4
2028,"Janeiro",629.59
2028,"Fevereiro",118.24
2028,"Março",825.78
2028,"Abril",396.89
2028,"Maio",985.53
2028,"Junho",98.97
2028,"Julho",129.12
2028,"Agosto",247.2
2028,"Setembro",16.05
2028,"Outubro",979.11
2028,"Novembro",362.88
2028,"Dezembro",1064.86
8041,"Janeiro",769.8
8041,"Fevereiro",812.99
8041,"Março",134.81
8041,"Abril",1371.1
8041,"Maio",327.22
8041,"Junho",1050.51
8041,"Julho",896.27
8041,"Agosto",1043.62
8041,"Setembro",864.67
8041,"Outubro",24.63
8041,"Novembro",122.92
8041,"Dezembro",398.85
2292,"Janeiro",529.85
2292,"Fevereiro",384.55
2292,"Março",350.04
2292,"Abril",728.06
2292,"Maio",403.94
2292,"Junho",178.37
2292,"Julho",1045.19
2292,"Agosto",711.41
2292,"Setembro",620.07
2292,"Outubro",279.15
2292,"Novembro",505.25
2292,"Dezembro",670.72
9591,"Janeiro",724.76
9591,"Fevereiro",362
9591,"Março",1167.67
9591,"Abril",31.1
9591,"Maio",793.06
9591,"Junho",744.65
9591,"Julho",777.35
9591,"Agosto",913.94
9591,"Setembro",502.1
9591,"Outubro",87.34
9591,"Novembro",394.4
9591,"Dezembro",151.19
3902,"Janeiro",280.75
3902,"Fevereiro",490.08
3902,"Março",793.19
3902,"Abril",279.54
3902,"Maio",111.35
3902,"Junho",917.59
3902,"Julho",267.01
3902,"Agosto",96.72
3902,"Setembro",652.07
3902,"Outubro",330.47
3902,"Novembro",543.72
3902,"Dezembro",1042.28
5363,"Janeiro",76.88
5363,"Fevereiro",1228.51
5363,"Março",85.82
5363,"Abril",1182.87
5363,"Maio",220.46
5363,"Junho",542.64
5363,"Julho",668.46
5363,"Agosto",1211.77
5363,"Setembro",820.46
5363,"Outubro",81.88
5363,"Novembro",782.21
5363,"Dezembro",591.59
9492,"Janeiro",5.72
9492,"Fevereiro",999.1
9492,"Março",364.06
9492,"Abril",211.16
9492,"Maio",1140.77
9492,"Junho",63.19
9492,"Julho",223.43
9492,"Agosto",45.42
9492,"Setembro",664.27
9492,"Outubro",228.81
9492,"Novembro",564.92
9492,"Dezembro",130.23
4842,"Janeiro",412.06
4842,"Fevereiro",75.1
4842,"Março",376.47
4842,"Abril",544.33
4842,"Maio",251.46
4842,"Junho",152.17
4842,"Julho",347.14
4842,"Agosto",315.01
4842,"Setembro",431.15
4842,"Outubro",813.92
4842,"Novembro",756.02
4842,"Dezembro",429.4
6898,"Janeiro",360.69
6898,"Fevereiro",133.33
6898,"Março",788.38
6898,"Abril",116.87
6898,"Maio",576.41
6898,"Junho",725.08
6898,"Julho",932.88
6898,"Agosto",1317.34
6898,"Setembro",822.09
6898,"Outubro",66.38
6898,"Novembro",721.74
6898,"Dezembro",498.88
6050,"Janeiro",240.24
6050,"Fevereiro",733.88
6050,"Março",656.85
6050,"Abril",753.3
6050,"Maio",773.31
6050,"Junho",578.89
6050,"Julho",415.58
6050,"Agosto",75.16
6050,"Setembro",587.49
6050,"Outubro",461.92
6050,"Novembro",857.34
6050,"Dezembro",93.8
1945,"Janeiro",125.55
1945,"Fevereiro",806.84
1945,"Março",796.05
1945,"Abril",439.86
1945,"Maio",591.67
1945,"Junho",1367.17
1945,"Julho",919.41
1945,"Agosto",132.41
1945,"Setembro",429.74
1945,"Outubro",750.61
1945,"Novembro",762.2
1945,"Dezembro",265.82
1075,"Janeiro",317.6
1075,"Fevereiro",156.33
1075,"Março",165.88
1075,"Abril",579.68
1075,"Maio",717.45
1075,"Junho",818.66
1075,"Julho",265.38
1075,"Agosto",736.77
1075,"Setembro",27.34
1075,"Outubro",565.8
1075,"Novembro",45.25
1075,"Dezembro",520.92
9734,"Janeiro",343.1
9734,"Fevereiro",21.44
9734,"Março",557.99
9734,"Abril",1233.3
9734,"Maio",804.18
9734,"Junho",606.03
9734,"Julho",101.16
9734,"Agosto",835.86
9734,"Setembro",504.01
9734,"Outubro",1120.75
9734,"Novembro",510.2
9734,"Dezembro",1450.04
1740,"Janeiro",941.44
1740,"Fevereiro",1052.2
1740,"Março",309.91
1740,"Abril",450.76
1740,"Maio",361.14
1740,"Junho",438.77
1740,"Julho",729.38
1740,"Agosto",785.82
1740,"Setembro",733.95
1740,"Outubro",714.47
1740,"Novembro",196.4
1740,"Dezembro",378.35
9268,"Janeiro",244.81
9268,"Fevereiro",786.88
9268,"Março",454.15
9268,"Abril",661.76
9268,"Maio",999.24
9268,"Junho",762.69
9268,"Julho",995.21
9268,"Agosto",848.35
9268,"Setembro",411.01
9268,"Outubro",263.65
9268,"Novembro",1332
9268,"Dezembro",570.91
187,"Janeiro",639.1
187,"Fevereiro",199.27
187,"Março",108.24
187,"Abril",382.49
187,"Maio",283.55
187,"Junho",948.21
187,"Julho",940.51
187,"Agosto",705.45
187,"Setembro",729.5
187,"Outubro",1001.24
187,"Novembro",685.07
187,"Dezembro",298.93
1632,"Janeiro",1146.31
1632,"Fevereiro",615.85
1632,"Março",9.7
1632,"Abril",76.16
1632,"Maio",890.8
1632,"Junho",647.77
1632,"Julho",1122.42
1632,"Agosto",787.36
1632,"Setembro",241.07
1632,"Outubro",1010.07
1632,"Novembro",150.82
1632,"Dezembro",1332.04
6715,"Janeiro",539.21
6715,"Fevereiro",1338.39
6715,"Março",205.39
6715,"Abril",224.05
6715,"Maio",280.03
6715,"Junho",543.7
6715,"Julho",378.01
6715,"Agosto",928.65
6715,"Setembro",383.55
6715,"Outubro",950.35
6715,"Novembro",1495.38
6715,"Dezembro",617.24
4304,"Janeiro",583.3
4304,"Fevereiro",558.79
4304,"Março",816.24
4304,"Abril",850.15
4304,"Maio",1141.13
4304,"Junho",755.41
4304,"Julho",313.25
4304,"Agosto",1047.45
4304,"Setembro",642.1
4304,"Outubro",582.5
4304,"Novembro",143.05
4304,"Dezembro",792.17
1330,"Janeiro",487.8
1330,"Fevereiro",796.17
1330,"Março",1306.05
1330,"Abril",752.78
1330,"Maio",342.5
1330,"Junho",641.02
1330,"Julho",1016.79
1330,"Agosto",1051.02
1330,"Setembro",650.74
1330,"Outubro",274.92
1330,"Novembro",195.94
1330,"Dezembro",127.73
590,"Janeiro",402.07
590,"Fevereiro",1378.71
590,"Março",634.6
590,"Abril",180.16
590,"Maio",691.51
590,"Junho",974.06
590,"Julho",203.23
590,"Agosto",698.13
590,"Setembro",227.53
590,"Outubro",624.32
590,"Novembro",398.16
590,"Dezembro",284.41
8656,"Janeiro",743.67
8656,"Fevereiro",910.86
8656,"Março",374.56
8656,"Abril",1220.28
8656,"Maio",624.3
8656,"Junho",6.44
8656,"Julho",197.2
8656,"Agosto",8.89
8656,"Setembro",553.84
8656,"Outubro",1104.91
8656,"Novembro",56.51
8656,"Dezembro",1299.64
4421,"Janeiro",1000.57
4421,"Fevereiro",887.73
4421,"Março",487.56
4421,"Abril",627.95
4421,"Maio",383.07
4421,"Junho",61.8
4421,"Julho",188.33
4421,"Agosto",656.78
4421,"Setembro",665.3
4421,"Outubro",938.23
4421,"Novembro",187.87
4421,"Dezembro",727.41
8611,"Janeiro",608.73
8611,"Fevereiro",421.9
8611,"Março",647
8611,"Abril",488.24
8611,"Maio",484.43
8611,"Junho",281.3
8611,"Julho",101.78
8611,"Agosto",868.25
8611,"Setembro",421.31
8611,"Outubro",399.97
8611,"Novembro",1266.54
8611,"Dezembro",709.08
3901,"Janeiro",1337.63
3901,"Fevereiro",889.53
3901,"Março",1180.9
3901,"Abril",624.69
3901,"Maio",580.73
3901,"Junho",493.3
3901,"Julho",681.28
3901,"Agosto",168.25
3901,"Setembro",122.78
3901,"Outubro",108.84
3901,"Novembro",30.5
3901,"Dezembro",896.33
3202,"Janeiro",1068.69
3202,"Fevereiro",124.95
3202,"Março",459.91
3202,"Abril",315.48
3202,"Maio",500.32
3202,"Junho",629.21
3202,"Julho",733.94
3202,"Agosto",110.4
3202,"Setembro",333.59
3202,"Outubro",259.75
3202,"Novembro",514.62
3202,"Dezembro",121.31
3652,"Janeiro",1124.74
3652,"Fevereiro",181.23
3652,"Março",358.29
3652,"Abril",598.81
3652,"Maio",883.95
3652,"Junho",32.51
3652,"Julho",561.17
3652,"Agosto",1055.03
3652,"Setembro",0.75
3652,"Outubro",263.04
3652,"Novembro",788.26
3652,"Dezembro",893.99
4021,"Janeiro",1110.93
4021,"Fevereiro",1187.56
4021,"Março",646.76
4021,"Abril",1121.62
4021,"Maio",485.2
4021,"Junho",356.16
4021,"Julho",32.54
4021,"Agosto",41.44
4021,"Setembro",500.75
4021,"Outubro",543.52
4021,"Novembro",967.7
4021,"Dezembro",1230
2617,"Janeiro",712.46
2617,"Fevereiro",834.12
2617,"Março",804.01
2617,"Abril",507.89
2617,"Maio",749.41
2617,"Junho",859.47
2617,"Julho",527.13
2617,"Agosto",129.41
2617,"Setembro",738.75
2617,"Outubro",199.12
2617,"Novembro",657.78
2617,"Dezembro",190.34
9427,"Janeiro",228.31
9427,"Fevereiro",480.05
9427,"Março",146.97
9427,"Abril",624.07
9427,"Maio",653.45
9427,"Junho",851.95
9427,"Julho",876.39
9427,"Agosto",1094.03
9427,"Setembro",301.37
9427,"Outubro",1015.75
9427,"Novembro",223.43
9427,"Dezembro",440.1
6028,"Janeiro",163.83
6028,"Fevereiro",162.22
6028,"Março",1185.78
6028,"Abril",548.57
6028,"Maio",1424.37
6028,"Junho",909.45
6028,"Julho",443.92
6028,"Agosto",54.12
6028,"Setembro",1200.17
6028,"Outubro",16.34
6028,"Novembro",202.37
6028,"Dezembro",55.53
2331,"Janeiro",1196.65
2331,"Fevereiro",143.47
2331,"Março",887.34
2331,"Abril",96.13
2331,"Maio",132.93
2331,"Junho",477.99
2331,"Julho",1000.89
2331,"Agosto",478.08
2331,"Setembro",220.32
2331,"Outubro",1277.8
2331,"Novembro",39.52
2331,"Dezembro",642.97
8319,"Janeiro",788.46
8319,"Fevereiro",1055.27
8319,"Março",424.12
8319,"Abril",747.76
8319,"Maio",641.31
8319,"Junho",77.37
8319,"Julho",637.2
8319,"Agosto",61.04
8319,"Setembro",843.99
8319,"Outubro",295.08
8319,"Novembro",174.3
8319,"Dezembro",979.47
4223,"Janeiro",401.96
4223,"Fevereiro",303.39
4223,"Março",442.8
4223,"Abril",1478.57
4223,"Maio",1136.28
4223,"Junho",773.27
4223,"Julho",395.07
4223,"Agosto",186.64
4223,"Setembro",736.25
4223,"Outubro",774.24
4223,"Novembro",438.75
4223,"Dezembro",428.81
3339,"Janeiro",442.39
3339,"Fevereiro",320.88
3339,"Março",103.8
3339,"Abril",883.92
3339,"Maio",890.38
3339,"Junho",601.34
3339,"Julho",194.61
3339,"Agosto",1489.71
3339,"Setembro",422.46
3339,"Outubro",1045.35
3339,"Novembro",11.26
3339,"Dezembro",1016.62
7966,"Janeiro",1119.31
7966,"Fevereiro",151.36
7966,"Março",489.92
7966,"Abril",256.98
7966,"Maio",95.3
7966,"Junho",176.24
7966,"Julho",617
7966,"Agosto",595.97
7966,"Setembro",90.89
7966,"Outubro",288.63
7966,"Novembro",105.72
7966,"Dezembro",766.73
8531,"Janeiro",830.72
8531,"Fevereiro",756.16
8531,"Março",46.46
8531,"Abril",67.51
8531,"Maio",2.43
8531,"Junho",951.01
8531,"Julho",841.94
8531,"Agosto",480.44
8531,"Setembro",438.86
8531,"Outubro",948.92
8531,"Novembro",1190.57
8531,"Dezembro",160.81
876,"Janeiro",842.5
876,"Fevereiro",210.22
876,"Março",660.56
876,"Abril",128.07
876,"Maio",178.97
876,"Junho",560.93
876,"Julho",874.84
876,"Agosto",232.04
876,"Setembro",1306.84
876,"Outubro",658.97
876,"Novembro",393.42
876,"Dezembro",822.89
1253,"Janeiro",863.91
1253,"Fevereiro",781.62
1253,"Março",74.21
1253,"Abril",723.25
1253,"Maio",1062.2
1253,"Junho",896.03
1253,"Julho",239.1
1253,"Agosto",293.74
1253,"Setembro",564.35
1253,"Outubro",679.93
1253,"Novembro",757.86
1253,"Dezembro",413.5
9122,"Janeiro",738.69
9122,"Fevereiro",912.12
9122,"Março",36.96
9122,"Abril",526.7
9122,"Maio",490.24
9122,"Junho",941.56
9122,"Julho",671.21
9122,"Agosto",217.84
9122,"Setembro",160.48
9122,"Outubro",815.31
9122,"Novembro",353.93
9122,"Dezembro",728.7
7741,"Janeiro",634.49
7741,"Fevereiro",937.8
7741,"Março",412.59
7741,"Abril",861.05
7741,"Maio",270.96
7741,"Junho",1136.87
7741,"Julho",1455.86
7741,"Agosto",670.6
7741,"Setembro",703.93
7741,"Outubro",1185.12
7741,"Novembro",315.48
7741,"Dezembro",443.92
8625,"Janeiro",457.74
8625,"Fevereiro",550.13
8625,"Março",956.32
8625,"Abril",280.65
8625,"Maio",234.85
8625,"Junho",213.1
8625,"Julho",701.92
8625,"Agosto",1183.96
8625,"Setembro",834.95
8625,"Outubro",938.83
8625,"Novembro",78.64
8625,"Dezembro",1210.61
2882,"Janeiro",863.91
2882,"Fevereiro",83.64
2882,"Março",1277.22
2882,"Abril",719.58
2882,"Maio",880.88
2882,"Junho",762.85
2882,"Julho",971.86
2882,"Agosto",728.64
2882,"Setembro",1115.17
2882,"Outubro",854.1
2882,"Novembro",991.73
2882,"Dezembro",1069.45
3858,"Janeiro",189.26
3858,"Fevereiro",662.79
3858,"Março",1102.48
3858,"Abril",599.25
3858,"Maio",873.4
3858,"Junho",263.36
3858,"Julho",36.92
3858,"Agosto",990.24
3858,"Setembro",475.32
3858,"Outubro",173.68
3858,"Novembro",737.53
3858,"Dezembro",675.05
7555,"Janeiro",934.84
7555,"Fevereiro",711.31
7555,"Março",406.78
7555,"Abril",396.26
7555,"Maio",976.62
7555,"Junho",730.9
7555,"Julho",260.04
7555,"Agosto",437.13
7555,"Setembro",853.72
7555,"Outubro",1185.52
7555,"Novembro",133.95
7555,"Dezembro",887.23
4232,"Janeiro",315.27
4232,"Fevereiro",568.7
4232,"Março",612.96
4232,"Abril",449.92
4232,"Maio",246.23
4232,"Junho",393.67
4232,"Julho",1155.58
4232,"Agosto",787.41
4232,"Setembro",1021.38
4232,"Outubro",612.7
4232,"Novembro",760.4
4232,"Dezembro",535.87
9931,"Janeiro",470.49
9931,"Fevereiro",790.16
9931,"Março",185.2
9931,"Abril",229.66
9931,"Maio",362.29
9931,"Junho",235.27
9931,"Julho",827.74
9931,"Agosto",111.91
9931,"Setembro",805.5
9931,"Outubro",1146.01
9931,"Novembro",1142.31
9931,"Dezembro",615.23
4600,"Janeiro",453.02
4600,"Fevereiro",787.84
4600,"Março",427.1
4600,"Abril",1104
4600,"Maio",1375.11
4600,"Junho",38.46
4600,"Julho",1078.7
4600,"Agosto",840.77
4600,"Setembro",471.67
4600,"Outubro",63.67
4600,"Novembro",482.14
4600,"Dezembro",594.73
6945,"Janeiro",714.18
6945,"Fevereiro",633.61
6945,"Março",978.22
6945,"Abril",63.24
6945,"Maio",845.59
6945,"Junho",17.93
6945,"Julho",737.42
6945,"Agosto",440.55
6945,"Setembro",971.74
6945,"Outubro",830.68
6945,"Novembro",997.93
6945,"Dezembro",479.78
6053,"Janeiro",578.23
6053,"Fevereiro",534.19
6053,"Março",337.99
6053,"Abril",955.59
6053,"Maio",183.47
6053,"Junho",769.65
6053,"Julho",988.11
6053,"Agosto",847.02
6053,"Setembro",715.88
6053,"Outubro",1007.7
6053,"Novembro",14.26
6053,"Dezembro",224.61
7850,"Janeiro",435.22
7850,"Fevereiro",425.64
7850,"Março",418.86
7850,"Abril",1194.53
7850,"Maio",519.51
7850,"Junho",264.6
7850,"Julho",305.58
7850,"Agosto",398.58
7850,"Setembro",573.84
7850,"Outubro",514.81
7850,"Novembro",515.97
7850,"Dezembro",135.09
3252,"Janeiro",589.14
3252,"Fevereiro",232.81
3252,"Março",160.37
3252,"Abril",1011.14
3252,"Maio",23.7
3252,"Junho",25.49
3252,"Julho",349.11
3252,"Agosto",825.51
3252,"Setembro",243.15
3252,"Outubro",1168.74
3252,"Novembro",318.3
3252,"Dezembro",289.32
489,"Janeiro",517.07
489,"Fevereiro",1014.84
489,"Março",962.58
489,"Abril",460.18
489,"Maio",82.71
489,"Junho",732.19
489,"Julho",1033.72
489,"Agosto",639.12
489,"Setembro",491.83
489,"Outubro",626.84
489,"Novembro",259.2
489,"Dezembro",1027.82
6491,"Janeiro",86.49
6491,"Fevereiro",968.5
6491,"Março",759.28
6491,"Abril",712.06
6491,"Maio",68.3
6491,"Junho",1286.46
6491,"Julho",699.14
6491,"Agosto",524.69
6491,"Setembro",111.08
6491,"Outubro",225.16
6491,"Novembro",1132.01
6491,"Dezembro",179.66
432,"Janeiro",2.32
432,"Fevereiro",1189.7
432,"Março",1345.35
432,"Abril",682.88
432,"Maio",875.42
432,"Junho",869.42
432,"Julho",193.38
432,"Agosto",103.09
432,"Setembro",652.02
432,"Outubro",950.14
432,"Novembro",218.44
432,"Dezembro",1156.86
6272,"Janeiro",601.06
6272,"Fevereiro",160.78
6272,"Março",262.59
6272,"Abril",206.51
6272,"Maio",261
6272,"Junho",635.82
6272,"Julho",281.27
6272,"Agosto",1094.03
6272,"Setembro",739.79
6272,"Outubro",580.42
6272,"Novembro",262.39
6272,"Dezembro",73.61
9979,"Janeiro",780.57
9979,"Fevereiro",922.68
9979,"Março",534.87
9979,"Abril",92.13
9979,"Maio",1171.86
9979,"Junho",935.01
9979,"Julho",728.93
9979,"Agosto",330.08
9979,"Setembro",472.97
9979,"Outubro",87.65
9979,"Novembro",98.16
9979,"Dezembro",517.44
3547,"Janeiro",719.07
3547,"Fevereiro",606.68
3547,"Março",360.78
3547,"Abril",512.04
3547,"Maio",667.78
3547,"Junho",1111.04
3547,"Julho",510.49
3547,"Agosto",102.88
3547,"Setembro",660.79
3547,"Outubro",1154.87
3547,"Novembro",848.13
3547,"Dezembro",1085.67
5339,"Janeiro",723.69
5339,"Fevereiro",646.79
5339,"Março",68.07
5339,"Abril",275.04
5339,"Maio",169.18
5339,"Junho",1182.49
5339,"Julho",412.06
5339,"Agosto",791.03
5339,"Setembro",364.64
5339,"Outubro",667.47
5339,"Novembro",189.57
5339,"Dezembro",1000.7
2386,"Janeiro",656.62
2386,"Fevereiro",30.07
2386,"Março",160.69
2386,"Abril",770.87
2386,"Maio",609.24
2386,"Junho",610.37
2386,"Julho",899.47
2386,"Agosto",128.03
2386,"Setembro",648.52
2386,"Outubro",564.48
2386,"Novembro",1144.15
2386,"Dezembro",304.8
1780,"Janeiro",172.14
1780,"Fevereiro",385.59
1780,"Março",826.83
1780,"Abril",376.67
1780,"Maio",988.76
1780,"Junho",839.44
1780,"Julho",682.25
1780,"Agosto",1324.99
1780,"Setembro",896.06
1780,"Outubro",605.07
1780,"Novembro",214.46
1780,"Dezembro",141.24
5466,"Janeiro",423.46
5466,"Fevereiro",307.96
5466,"Março",785.77
5466,"Abril",43.41
5466,"Maio",146.77
5466,"Junho",566.25
5466,"Julho",414.96
5466,"Agosto",592.71
5466,"Setembro",472.97
5466,"Outubro",245.32
5466,"Novembro",886.71
5466,"Dezembro",471.73
864,"Janeiro",1443.06
864,"Fevereiro",970.19
864,"Março",608.32
864,"Abril",234.52
864,"Maio",1228.66
864,"Junho",11.53
864,"Julho",1050.43
864,"Agosto",764.52
864,"Setembro",533.79
864,"Outubro",888.23
864,"Novembro",1076.63
864,"Dezembro",998.23
3217,"Janeiro",553.58
3217,"Fevereiro",964.22
3217,"Março",500
3217,"Abril",81.67
3217,"Maio",382.42
3217,"Junho",1274.55
3217,"Julho",1116.73
3217,"Agosto",729.17
3217,"Setembro",975.62
3217,"Outubro",758.86
3217,"Novembro",253.68
3217,"Dezembro",1183.06
8693,"Janeiro",38.84
8693,"Fevereiro",813.8
8693,"Março",257.64
8693,"Abril",920.51
8693,"Maio",888.51
8693,"Junho",1299.68
8693,"Julho",645.82
8693,"Agosto",170.05
8693,"Setembro",799.17
8693,"Outubro",305.27
8693,"Novembro",730.28
8693,"Dezembro",39.64
8045,"Janeiro",185.08
8045,"Fevereiro",880.01
8045,"Março",660.24
8045,"Abril",323.87
8045,"Maio",948.39
8045,"Junho",527.47
8045,"Julho",462.82
8045,"Agosto",1008.83
8045,"Setembro",220.73
8045,"Outubro",455.58
8045,"Novembro",798.45
8045,"Dezembro",159.65
6570,"Janeiro",480.5
6570,"Fevereiro",1136.21
6570,"Março",563.27
6570,"Abril",80.65
6570,"Maio",715.7
6570,"Junho",633.62
6570,"Julho",446.2
6570,"Agosto",17.83
6570,"Setembro",141.31
6570,"Outubro",1169.32
6570,"Novembro",713.31
6570,"Dezembro",571.49
6823,"Janeiro",535.12
6823,"Fevereiro",188.2
6823,"Março",273.65
6823,"Abril",518.17
6823,"Maio",423.9
6823,"Junho",701.43
6823,"Julho",168.72
6823,"Agosto",1237.72
6823,"Setembro",267.61
6823,"Outubro",1332.64
6823,"Novembro",1033.94
6823,"Dezembro",476.22
7369,"Janeiro",907.72
7369,"Fevereiro",294.4
7369,"Março",754.87
7369,"Abril",737.83
7369,"Maio",900.23
7369,"Junho",454.79
7369,"Julho",926.14
7369,"Agosto",522.92
7369,"Setembro",625.33
7369,"Outubro",1066.68
7369,"Novembro",1138.23
7369,"Dezembro",420.29
984,"Janeiro",515.39
984,"Fevereiro",175.52
984,"Março",279.02
984,"Abril",217.29
984,"Maio",90.33
984,"Junho",210.92
984,"Julho",28.77
984,"Agosto",115.65
984,"Setembro",1475.49
984,"Outubro",924.91
984,"Novembro",1077.2
984,"Dezembro",1069.41
1822,"Janeiro",863.13
1822,"Fevereiro",457.46
1822,"Março",1200.7
1822,"Abril",294.36
1822,"Maio",1322.44
1822,"Junho",1049.21
1822,"Julho",147.64
1822,"Agosto",1074.36
1822,"Setembro",768.97
1822,"Outubro",521.79
1822,"Novembro",64.81
1822,"Dezembro",126.79
3328,"Janeiro",11.57
3328,"Fevereiro",211.75
3328,"Março",348.97
3328,"Abril",179.48
3328,"Maio",133.39
3328,"Junho",403.31
3328,"Julho",451.46
3328,"Agosto",1219.15
3328,"Setembro",78.62
3328,"Outubro",28.74
3328,"Novembro",454.03
3328,"Dezembro",857.54
102,"Janeiro",353.28
102,"Fevereiro",588.81
102,"Março",360.54
102,"Abril",283.74
102,"Maio",445.07
102,"Junho",1341.45
102,"Julho",271.62
102,"Agosto",628.89
102,"Setembro",326.43
102,"Outubro",299.37
102,"Novembro",595.87
102,"Dezembro",101.49
8042,"Janeiro",37.17
8042,"Fevereiro",483.76
8042,"Março",1110.1
8042,"Abril",322.5
8042,"Maio",79.63
8042,"Junho",618.07
8042,"Julho",1036.66
8042,"Agosto",348.86
8042,"Setembro",796.64
8042,"Outubro",441
8042,"Novembro",1352.36
8042,"Dezembro",502.38
8058,"Janeiro",276.36
8058,"Fevereiro",689.35
8058,"Março",298.06
8058,"Abril",784.81
8058,"Maio",125.16
8058,"Junho",622.11
8058,"Julho",307.57
8058,"Agosto",397.48
8058,"Setembro",149.14
8058,"Outubro",944.98
8058,"Novembro",794.21
8058,"Dezembro",9.3
5379,"Janeiro",430.07
5379,"Fevereiro",770.6
5379,"Março",517.78
5379,"Abril",644.85
5379,"Maio",812.79
5379,"Junho",197.53
5379,"Julho",323.19
5379,"Agosto",55.07
5379,"Setembro",827.11
5379,"Outubro",260.29
5379,"Novembro",338.21
5379,"Dezembro",848.98
4071,"Janeiro",179.36
4071,"Fevereiro",261.21
4071,"Março",470.18
4071,"Abril",612.26
4071,"Maio",906.91
4071,"Junho",341.11
4071,"Julho",59.42
4071,"Agosto",623.28
4071,"Setembro",1004.3
4071,"Outubro",563.91
4071,"Novembro",1105.75
4071,"Dezembro",406.44
5596,"Janeiro",228.26
5596,"Fevereiro",181.98
5596,"Março",186.68
5596,"Abril",835.5
5596,"Maio",1001.05
5596,"Junho",511.34
5596,"Julho",847.4
5596,"Agosto",742.06
5596,"Setembro",857.98
5596,"Outubro",742.02
5596,"Novembro",1007.03
5596,"Dezembro",1034.7
9561,"Janeiro",1122.98
9561,"Fevereiro",1059.48
9561,"Março",1071.55
9561,"Abril",267.77
9561,"Maio",518.96
9561,"Junho",80.64
9561,"Julho",744.47
9561,"Agosto",1225.53
9561,"Setembro",641.94
9561,"Outubro",1140.89
9561,"Novembro",320.85
9561,"Dezembro",818.77
6983,"Janeiro",12.81
6983,"Fevereiro",636.87
6983,"Março",873.26
6983,"Abril",519.72
6983,"Maio",35.65
6983,"Junho",228.87
6983,"Julho",233.89
6983,"Agosto",1117.89
6983,"Setembro",773.41
6983,"Outubro",447.85
6983,"Novembro",983.13
6983,"Dezembro",578.14
5715,"Janeiro",348.73
5715,"Fevereiro",704.13
5715,"Março",711.53
5715,"Abril",256.53
5715,"Maio",409.4
5715,"Junho",819.54
5715,"Julho",64.13
5715,"Agosto",390.45
5715,"Setembro",242.62
5715,"Outubro",526.84
5715,"Novembro",777.59
5715,"Dezembro",698.51
7262,"Janeiro",546.78
7262,"Fevereiro",462.8
7262,"Março",296.39
7262,"Abril",1015.65
7262,"Maio",1228.17
7262,"Junho",330.08
7262,"Julho",550.52
7262,"Agosto",119.34
7262,"Setembro",1064.4
7262,"Outubro",257.18
7262,"Novembro",810.95
7262,"Dezembro",441.35
1944,"Janeiro",538.7
1944,"Fevereiro",960.92
1944,"Março",243.86
1944,"Abril",512.85
1944,"Maio",231.81
1944,"Junho",1195.32
1944,"Julho",422.21
1944,"Agosto",34.3
1944,"Setembro",624.35
1944,"Outubro",1187.67
1944,"Novembro",875.68
1944,"Dezembro",413.14
9709,"Janeiro",805.44
9709,"Fevereiro",676.61
9709,"Março",346.55
9709,"Abril",989.19
9709,"Maio",25.86
9709,"Junho",960.37
9709,"Julho",42.59
9709,"Agosto",65.25
9709,"Setembro",879.85
9709,"Outubro",230.75
9709,"Novembro",730.36
9709,"Dezembro",826.26
2051,"Janeiro",548.54
2051,"Fevereiro",34.78
2051,"Março",95.54
2051,"Abril",731.64
2051,"Maio",724.23
2051,"Junho",426.31
2051,"Julho",91.62
2051,"Agosto",377.41
2051,"Setembro",1022.24
2051,"Outubro",1200.27
2051,"Novembro",707.58
2051,"Dezembro",570.82
9896,"Janeiro",946.85
9896,"Fevereiro",215.33
9896,"Março",1014.25
9896,"Abril",793.29
9896,"Maio",424.45
9896,"Junho",562.07
9896,"Julho",128.13
9896,"Agosto",773.58
9896,"Setembro",842.22
9896,"Outubro",1092.84
9896,"Novembro",637.96
9896,"Dezembro",450.57
6412,"Janeiro",1427.9
6412,"Fevereiro",360.19
6412,"Março",1174.27
6412,"Abril",634.38
6412,"Maio",449.79
6412,"Junho",485.33
6412,"Julho",1098.95
6412,"Agosto",917
6412,"Setembro",387.91
6412,"Outubro",0.78
6412,"Novembro",17.77
6412,"Dezembro",457.77
5052,"Janeiro",9.32
5052,"Fevereiro",1043
5052,"Março",1018.91
5052,"Abril",386.56
5052,"Maio",248.68
5052,"Junho",51.17
5052,"Julho",350.43
5052,"Agosto",870.71
5052,"Setembro",826.06
5052,"Outubro",351.92
5052,"Novembro",430.72
5052,"Dezembro",398.05
2301,"Janeiro",1268.47
2301,"Fevereiro",1387.56
2301,"Março",142.92
2301,"Abril",732.64
2301,"Maio",564.55
2301,"Junho",441.26
2301,"Julho",902.44
2301,"Agosto",1189.3
2301,"Setembro",198.47
2301,"Outubro",342.13
2301,"Novembro",49.62
2301,"Dezembro",114.16
8591,"Janeiro",823.17
8591,"Fevereiro",437.94
8591,"Março",889.27
8591,"Abril",405.87
8591,"Maio",312.16
8591,"Junho",1046.25
8591,"Julho",476.13
8591,"Agosto",197.61
8591,"Setembro",258.31
8591,"Outubro",625.28
8591,"Novembro",69.23
8591,"Dezembro",181.57
7480,"Janeiro",615.77
7480,"Fevereiro",637.92
7480,"Março",584.17
7480,"Abril",1323.13
7480,"Maio",1024.75
7480,"Junho",128.36
7480,"Julho",583.34
7480,"Agosto",641
7480,"Setembro",203.08
7480,"Outubro",679.63
7480,"Novembro",1097.23
7480,"Dezembro",557.47
4255,"Janeiro",574.85
4255,"Fevereiro",166.18
4255,"Março",665.13
4255,"Abril",730.87
4255,"Maio",814.6
4255,"Junho",668.56
4255,"Julho",371.02
4255,"Agosto",454.83
4255,"Setembro",377.5
4255,"Outubro",785.38
4255,"Novembro",691.08
4255,"Dezembro",434.75
2015,"Janeiro",795.09
2015,"Fevereiro",8.52
2015,"Março",589.47
2015,"Abril",617.1
2015,"Maio",234.25
2015,"Junho",469.28
2015,"Julho",150.85
2015,"Agosto",270.31
2015,"Setembro",236.61
2015,"Outubro",111.05
2015,"Novembro",604.8
2015,"Dezembro",162.03
6374,"Janeiro",973.81
6374,"Fevereiro",902.71
6374,"Março",640.66
6374,"Abril",637.81
6374,"Maio",737.54
6374,"Junho",110.77
6374,"Julho",342.89
6374,"Agosto",1148.97
6374,"Setembro",151.85
6374,"Outubro",626.06
6374,"Novembro",1093.67
6374,"Dezembro",1091.23
5355,"Janeiro",140.23
5355,"Fevereiro",902.62
5355,"Março",587.52
5355,"Abril",1349.25
5355,"Maio",352.33
5355,"Junho",936.89
5355,"Julho",729.69
5355,"Agosto",1170.73
5355,"Setembro",523.97
5355,"Outubro",22.72
5355,"Novembro",805.55
5355,"Dezembro",244.59
5482,"Janeiro",1088.14
5482,"Fevereiro",244.71
5482,"Março",286.05
5482,"Abril",186.21
5482,"Maio",434.42
5482,"Junho",678.54
5482,"Julho",537.52
5482,"Agosto",769.09
5482,"Setembro",259.33
5482,"Outubro",1397.08
5482,"Novembro",396.89
5482,"Dezembro",84.92
8823,"Janeiro",68.17
8823,"Fevereiro",753.97
8823,"Março",772.54
8823,"Abril",158.2
8823,"Maio",30.66
8823,"Junho",678.95
8823,"Julho",100.29
8823,"Agosto",73.97
8823,"Setembro",718.19
8823,"Outubro",1311.37
8823,"Novembro",475.34
8823,"Dezembro",726.1
2389,"Janeiro",633.06
2389,"Fevereiro",1011.36
2389,"Março",665.29
2389,"Abril",195.84
2389,"Maio",270.44
2389,"Junho",545.84
2389,"Julho",378.66
2389,"Agosto",736.6
2389,"Setembro",525.76
2389,"Outubro",1143.28
2389,"Novembro",1108.1
2389,"Dezembro",1030.31
7467,"Janeiro",734.38
7467,"Fevereiro",569.64
7467,"Março",357.33
7467,"Abril",240.07
7467,"Maio",243.21
7467,"Junho",843.3
7467,"Julho",682.09
7467,"Agosto",612.83
7467,"Setembro",682.48
7467,"Outubro",100.53
7467,"Novembro",669.97
7467,"Dezembro",688.8
4094,"Janeiro",50.86
4094,"Fevereiro",924.62
4094,"Março",639.5
4094,"Abril",658
4094,"Maio",635.32
4094,"Junho",204.91
4094,"Julho",226.63
4094,"Agosto",176.46
4094,"Setembro",353.77
4094,"Outubro",62.42
4094,"Novembro",623.48
4094,"Dezembro",542.34
9882,"Janeiro",448.44
9882,"Fevereiro",631.35
9882,"Março",257.39
9882,"Abril",591.03
9882,"Maio",126.31
9882,"Junho",59.81
9882,"Julho",349.12
9882,"Agosto",1269.33
9882,"Setembro",223.51
9882,"Outubro",43.43
9882,"Novembro",1094.94
9882,"Dezembro",414.06
3071,"Janeiro",218.95
3071,"Fevereiro",738.88
3071,"Março",583.6
3071,"Abril",24.98
3071,"Maio",393.7
3071,"Junho",5.61
3071,"Julho",691.45
3071,"Agosto",9.43
3071,"Setembro",407.15
3071,"Outubro",1339.65
3071,"Novembro",576.3
3071,"Dezembro",152.58
6280,"Janeiro",1006.46
6280,"Fevereiro",200.54
6280,"Março",798.96
6280,"Abril",526.64
6280,"Maio",93.41
6280,"Junho",1089.48
6280,"Julho",284.3
6280,"Agosto",1380.51
6280,"Setembro",867.51
6280,"Outubro",632.86
6280,"Novembro",86.71
6280,"Dezembro",778.08
7500,"Janeiro",63.32
7500,"Fevereiro",411.01
7500,"Março",890.49
7500,"Abril",717.84
7500,"Maio",779.66
7500,"Junho",380.75
7500,"Julho",98.54
7500,"Agosto",723.92
7500,"Setembro",875.57
7500,"Outubro",730.27
7500,"Novembro",278.78
7500,"Dezembro",1083.06
5477,"Janeiro",92.22
5477,"Fevereiro",843.72
5477,"Março",455.42
5477,"Abril",1012.29
5477,"Maio",211.67
5477,"Junho",706.8
5477,"Julho",541.44
5477,"Agosto",25.18
5477,"Setembro",26.63
5477,"Outubro",244.43
5477,"Novembro",17.27
5477,"Dezembro",116.65
6261,"Janeiro",65.9
6261,"Fevereiro",530.37
6261,"Março",801.68
6261,"Abril",270.69
6261,"Maio",1480.5
6261,"Junho",889.32
6261,"Julho",640.72
6261,"Agosto",2.65
6261,"Setembro",775.21
6261,"Outubro",605.61
6261,"Novembro",840.76
6261,"Dezembro",440.99
3149,"Janeiro",598.38
3149,"Fevereiro",14.07
3149,"Março",403.94
3149,"Abril",1277.6
3149,"Maio",425.25
3149,"Junho",379.08
3149,"Julho",442.25
3149,"Agosto",709.64
3149,"Setembro",984.85
3149,"Outubro",181.28
3149,"Novembro",150.11
3149,"Dezembro",1116.43
7621,"Janeiro",335.36
7621,"Fevereiro",617.72
7621,"Março",215.96
7621,"Abril",205.88
7621,"Maio",358.35
7621,"Junho",547.01
7621,"Julho",1284.39
7621,"Agosto",865.93
7621,"Setembro",736.93
7621,"Outubro",1188.84
7621,"Novembro",910.64
7621,"Dezembro",372.81
2855,"Janeiro",832.13
2855,"Fevereiro",210.15
2855,"Março",1003.01
2855,"Abril",11.18
2855,"Maio",71.05
2855,"Junho",972.01
2855,"Julho",374.5
2855,"Agosto",1093.56
2855,"Setembro",720.94
2855,"Outubro",442.48
2855,"Novembro",1222.48
2855,"Dezembro",1177.96
8119,"Janeiro",230.43
8119,"Fevereiro",660.52
8119,"Março",1119.52
8119,"Abril",189.33
8119,"Maio",275
8119,"Junho",191.08
8119,"Julho",359.78
8119,"Agosto",246.73
8119,"Setembro",507.36
8119,"Outubro",14.16
8119,"Novembro",1299.48
8119,"Dezembro",646.83
5903,"Janeiro",1226.54
5903,"Fevereiro",49.09
5903,"Março",817.88
5903,"Abril",258.59
5903,"Maio",384.55
5903,"Junho",131.59
5903,"Julho",218.92
5903,"Agosto",271.59
5903,"Setembro",1052.74
5903,"Outubro",592.66
5903,"Novembro",409.82
5903,"Dezembro",606.74
4692,"Janeiro",584.75
4692,"Fevereiro",1141.27
4692,"Março",1350.36
4692,"Abril",837.03
4692,"Maio",625.57
4692,"Junho",509.17
4692,"Julho",817.11
4692,"Agosto",681.56
4692,"Setembro",722.09
4692,"Outubro",950.84
4692,"Novembro",654.35
4692,"Dezembro",1338.67
3098,"Janeiro",1164.88
3098,"Fevereiro",62.78
3098,"Março",218.96
3098,"Abril",392.94
3098,"Maio",96.72
3098,"Junho",559.88
3098,"Julho",406.58
3098,"Agosto",615.05
3098,"Setembro",188.34
3098,"Outubro",1291.68
3098,"Novembro",398.17
3098,"Dezembro",704.24
4657,"Janeiro",725.75
4657,"Fevereiro",193.21
4657,"Março",347.76
4657,"Abril",1389.53
4657,"Maio",77.47
4657,"Junho",766.03
4657,"Julho",466.04
4657,"Agosto",316.11
4657,"Setembro",1012.74
4657,"Outubro",332.07
4657,"Novembro",380.02
4657,"Dezembro",579.7
6981,"Janeiro",1225.88
6981,"Fevereiro",1249.72
6981,"Março",89.9
6981,"Abril",368.34
6981,"Maio",764.53
6981,"Junho",302.15
6981,"Julho",120.38
6981,"Agosto",43.26
6981,"Setembro",1018.34
6981,"Outubro",821.85
6981,"Novembro",293.44
6981,"Dezembro",236.32
7763,"Janeiro",128.88
7763,"Fevereiro",736.31
7763,"Março",689.14
7763,"Abril",157.33
7763,"Maio",384.07
7763,"Junho",928.87
7763,"Julho",681.02
7763,"Agosto",1254.52
7763,"Setembro",407.44
7763,"Outubro",1085.45
7763,"Novembro",122.35
7763,"Dezembro",336.34
1597,"Janeiro",161.65
1597,"Fevereiro",482.41
1597,"Março",140.47
1597,"Abril",387.36
1597,"Maio",1346.75
1597,"Junho",124.45
1597,"Julho",773.77
1597,"Agosto",1309.56
1597,"Setembro",789.33
1597,"Outubro",453.79
1597,"Novembro",929.9
1597,"Dezembro",189.31
6859,"Janeiro",438.68
6859,"Fevereiro",1406.82
6859,"Março",851.21
6859,"Abril",1104.64
6859,"Maio",1132.26
6859,"Junho",260.62
6859,"Julho",624.39
6859,"Agosto",23
6859,"Setembro",787.91
6859,"Outubro",792.57
6859,"Novembro",420.58
6859,"Dezembro",1313.11
749,"Janeiro",407.1
749,"Fevereiro",354.36
749,"Março",221.61
749,"Abril",357.3
749,"Maio",227.76
749,"Junho",505.7
749,"Julho",956.17
749,"Agosto",457.82
749,"Setembro",481.11
749,"Outubro",747.7
749,"Novembro",463.63
749,"Dezembro",762.01
9505,"Janeiro",733.24
9505,"Fevereiro",363.11
9505,"Março",53.73
9505,"Abril",905.86
9505,"Maio",486.92
9505,"Junho",740.23
9505,"Julho",233.9
9505,"Agosto",435.27
9505,"Setembro",872.52
9505,"Outubro",413.78
9505,"Novembro",543.39
9505,"Dezembro",610.23
9671,"Janeiro",125.88
9671,"Fevereiro",832.16
9671,"Março",1473.93
9671,"Abril",71.48
9671,"Maio",439.3
9671,"Junho",91.88
9671,"Julho",373.47
9671,"Agosto",557.31
9671,"Setembro",483.9
9671,"Outubro",741.26
9671,"Novembro",442.6
9671,"Dezembro",644.15
3675,"Janeiro",1151.45
3675,"Fevereiro",270.72
3675,"Março",344.15
3675,"Abril",254.89
3675,"Maio",133.52
3675,"Junho",115.88
3675,"Julho",448.32
3675,"Agosto",1211.6
3675,"Setembro",1358.1
3675,"Outubro",895.71
3675,"Novembro",37.67
3675,"Dezembro",912.53
6637,"Janeiro",258.9
6637,"Fevereiro",535.34
6637,"Março",655.43
6637,"Abril",1025.44
6637,"Maio",416.61
6637,"Junho",2.46
6637,"Julho",531.17
6637,"Agosto",399.61
6637,"Setembro",347.03
6637,"Outubro",30.53
6637,"Novembro",185.62
6637,"Dezembro",833.91
1476,"Janeiro",439.25
1476,"Fevereiro",45.19
1476,"Março",731.66
1476,"Abril",989.71
1476,"Maio",599.07
1476,"Junho",126.1
1476,"Julho",389.81
1476,"Agosto",709.6
1476,"Setembro",373.59
1476,"Outubro",406.58
1476,"Novembro",815.45
1476,"Dezembro",497.78
8154,"Janeiro",165.78
8154,"Fevereiro",359.83
8154,"Março",516.94
8154,"Abril",251.08
8154,"Maio",547.05
8154,"Junho",1332.61
8154,"Julho",344.16
8154,"Agosto",256.24
8154,"Setembro",1005.34
8154,"Outubro",815.11
8154,"Novembro",689.17
8154,"Dezembro",627.81
2366,"Janeiro",150.52
2366,"Fevereiro",204.87
2366,"Março",1179.33
2366,"Abril",142.55
2366,"Maio",718.64
2366,"Junho",464.7
2366,"Julho",876.91
2366,"Agosto",945.16
2366,"Setembro",633.77
2366,"Outubro",490.78
2366,"Novembro",141.18
2366,"Dezembro",200.8
11,"Janeiro",1412.01
11,"Fevereiro",540.32
11,"Março",152.63
11,"Abril",118.03
11,"Maio",232.25
11,"Junho",537.23
11,"Julho",33.15
11,"Agosto",383.4
11,"Setembro",1125.67
11,"Outubro",33.11
11,"Novembro",660.47
11,"Dezembro",79.12
6717,"Janeiro",331.97
6717,"Fevereiro",7.96
6717,"Março",912.54
6717,"Abril",808.22
6717,"Maio",1287.36
6717,"Junho",324
6717,"Julho",181.45
6717,"Agosto",801.61
6717,"Setembro",579.77
6717,"Outubro",796.59
6717,"Novembro",837.62
6717,"Dezembro",712.74
6779,"Janeiro",945.67
6779,"Fevereiro",440.94
6779,"Março",658.83
6779,"Abril",598.2
6779,"Maio",335.84
6779,"Junho",1094.2
6779,"Julho",737.45
6779,"Agosto",1300.8
6779,"Setembro",642.83
6779,"Outubro",692.89
6779,"Novembro",279.17
6779,"Dezembro",1108.93
469,"Janeiro",172.22
469,"Fevereiro",962.57
469,"Março",490.55
469,"Abril",671.66
469,"Maio",727.14
469,"Junho",20.62
469,"Julho",606.64
469,"Agosto",270.98
469,"Setembro",589.12
469,"Outubro",360.64
469,"Novembro",675.34
469,"Dezembro",1397.22
1385,"Janeiro",433.66
1385,"Fevereiro",182.71
1385,"Março",1382.84
1385,"Abril",39.58
1385,"Maio",957.57
1385,"Junho",943.88
1385,"Julho",417.37
1385,"Agosto",795.98
1385,"Setembro",426.94
1385,"Outubro",274.47
1385,"Novembro",105.47
1385,"Dezembro",1169.88
1586,"Janeiro",276.57
1586,"Fevereiro",1125.28
1586,"Março",1019.59
1586,"Abril",193.11
1586,"Maio",317.58
1586,"Junho",1165.82
1586,"Julho",747.46
1586,"Agosto",33.68
1586,"Setembro",706.6
1586,"Outubro",34.44
1586,"Novembro",1003.55
1586,"Dezembro",1090.42
2690,"Janeiro",75.61
2690,"Fevereiro",420.68
2690,"Março",1036.2
2690,"Abril",1175.4
2690,"Maio",879.84
2690,"Junho",613.7
2690,"Julho",156.26
2690,"Agosto",684.06
2690,"Setembro",127.17
2690,"Outubro",285.83
2690,"Novembro",331.83
2690,"Dezembro",108.21
2456,"Janeiro",722.02
2456,"Fevereiro",937.94
2456,"Março",978.94
2456,"Abril",247.42
2456,"Maio",468.29
2456,"Junho",1028.18
2456,"Julho",130.19
2456,"Agosto",606.99
2456,"Setembro",869.96
2456,"Outubro",625.17
2456,"Novembro",474.59
2456,"Dezembro",864.11
4343,"Janeiro",161.07
4343,"Fevereiro",112.22
4343,"Março",592.08
4343,"Abril",1080.33
4343,"Maio",955
4343,"Junho",509.14
4343,"Julho",307.47
4343,"Agosto",349.75
4343,"Setembro",124.43
4343,"Outubro",595.73
4343,"Novembro",255.14
4343,"Dezembro",153.48
6387,"Janeiro",426.2
6387,"Fevereiro",33.09
6387,"Março",687.09
6387,"Abril",378.36
6387,"Maio",1091.84
6387,"Junho",483.22
6387,"Julho",719.95
6387,"Agosto",827.99
6387,"Setembro",143.47
6387,"Outubro",885.06
6387,"Novembro",432.02
6387,"Dezembro",987.86
1061,"Janeiro",521.56
1061,"Fevereiro",734.89
1061,"Março",630.84
1061,"Abril",1037.52
1061,"Maio",23.84
1061,"Junho",421.88
1061,"Julho",593.08
1061,"Agosto",476.83
1061,"Setembro",810.65
1061,"Outubro",270.36
1061,"Novembro",891.78
1061,"Dezembro",392.47
3114,"Janeiro",859.98
3114,"Fevereiro",427.39
3114,"Março",118.22
3114,"Abril",1164.57
3114,"Maio",1079.48
3114,"Junho",918.49
3114,"Julho",705.65
3114,"Agosto",568.21
3114,"Setembro",794.37
3114,"Outubro",1012.72
3114,"Novembro",756.56
3114,"Dezembro",724.29
3155,"Janeiro",227.92
3155,"Fevereiro",425.33
3155,"Março",1091.11
3155,"Abril",1208.09
3155,"Maio",727.79
3155,"Junho",455.72
3155,"Julho",1097.78
3155,"Agosto",753.23
3155,"Setembro",1493.39
3155,"Outubro",704.31
3155,"Novembro",248.27
3155,"Dezembro",792.35
8404,"Janeiro",109.45
8404,"Fevereiro",396.06
8404,"Março",389.76
8404,"Abril",199.74
8404,"Maio",303.92
8404,"Junho",488.07
8404,"Julho",1250.7
8404,"Agosto",796.29
8404,"Setembro",435.65
8404,"Outubro",811.95
8404,"Novembro",1278.72
8404,"Dezembro",184.8
4294,"Janeiro",224.51
4294,"Fevereiro",437.28
4294,"Março",899.78
4294,"Abril",985.52
4294,"Maio",108.59
4294,"Junho",721.92
4294,"Julho",678.18
4294,"Agosto",700.83
4294,"Setembro",639.17
4294,"Outubro",233.99
4294,"Novembro",1350.66
4294,"Dezembro",1262.95
1305,"Janeiro",468.64
1305,"Fevereiro",591.79
1305,"Março",424.38
1305,"Abril",92.59
1305,"Maio",286.36
1305,"Junho",901.65
1305,"Julho",123.67
1305,"Agosto",23.41
1305,"Setembro",536.52
1305,"Outubro",448.68
1305,"Novembro",0.53
1305,"Dezembro",1164.16
1447,"Janeiro",413.4
1447,"Fevereiro",604.29
1447,"Março",287.12
1447,"Abril",642.46
1447,"Maio",825.35
1447,"Junho",953.98
1447,"Julho",801.12
1447,"Agosto",445.21
1447,"Setembro",897.26
1447,"Outubro",210.03
1447,"Novembro",1282.27
1447,"Dezembro",245.34
2057,"Janeiro",1124.54
2057,"Fevereiro",202.16
2057,"Março",163.28
2057,"Abril",516.01
2057,"Maio",1067.81
2057,"Junho",1210.94
2057,"Julho",616.97
2057,"Agosto",327.9
2057,"Setembro",181.39
2057,"Outubro",1105.07
2057,"Novembro",118.45
2057,"Dezembro",712.17
7112,"Janeiro",1382.11
7112,"Fevereiro",909.58
7112,"Março",644.24
7112,"Abril",999.24
7112,"Maio",281.93
7112,"Junho",949.22
7112,"Julho",728.43
7112,"Agosto",619.28
7112,"Setembro",690.63
7112,"Outubro",767.63
7112,"Novembro",179.56
7112,"Dezembro",1124.9
9484,"Janeiro",1177.17
9484,"Fevereiro",768.92
9484,"Março",1054.54
9484,"Abril",58.97
9484,"Maio",535.96
9484,"Junho",304.97
9484,"Julho",775.97
9484,"Agosto",59.07
9484,"Setembro",579.69
9484,"Outubro",623.38
9484,"Novembro",275.84
9484,"Dezembro",187.77
5393,"Janeiro",1249.71
5393,"Fevereiro",962.96
5393,"Março",405.03
5393,"Abril",308.37
5393,"Maio",974.03
5393,"Junho",1209.88
5393,"Julho",333.74
5393,"Agosto",155.9
5393,"Setembro",827.59
5393,"Outubro",1073.81
5393,"Novembro",930.42
5393,"Dezembro",13.09
7029,"Janeiro",725.54
7029,"Fevereiro",586.28
7029,"Março",1212.57
7029,"Abril",152.47
7029,"Maio",875.35
7029,"Junho",124.47
7029,"Julho",446.57
7029,"Agosto",800.68
7029,"Setembro",551.8
7029,"Outubro",242.24
7029,"Novembro",305.07
7029,"Dezembro",122.1
8939,"Janeiro",118.96
8939,"Fevereiro",750.62
8939,"Março",360.98
8939,"Abril",967.24
8939,"Maio",1294.96
8939,"Junho",743.34
8939,"Julho",264.51
8939,"Agosto",257.87
8939,"Setembro",134.89
8939,"Outubro",851.37
8939,"Novembro",718.45
8939,"Dezembro",770.24
5850,"Janeiro",464.76
5850,"Fevereiro",481.68
5850,"Março",796.03
5850,"Abril",393.55
5850,"Maio",1329.45
5850,"Junho",1.13
5850,"Julho",1092.7
5850,"Agosto",479.25
5850,"Setembro",514.25
5850,"Outubro",419.78
5850,"Novembro",859.05
5850,"Dezembro",1019.7
1053,"Janeiro",609.32
1053,"Fevereiro",879.43
1053,"Março",160.67
1053,"Abril",746.24
1053,"Maio",1170.19
1053,"Junho",690.38
1053,"Julho",316.73
1053,"Agosto",543.48
1053,"Setembro",536.36
1053,"Outubro",1180.89
1053,"Novembro",903.46
1053,"Dezembro",136.44
6801,"Janeiro",1393.85
6801,"Fevereiro",699.53
6801,"Março",1300.82
6801,"Abril",943.4
6801,"Maio",283.35
6801,"Junho",1372.03
6801,"Julho",923.79
6801,"Agosto",93.03
6801,"Setembro",586.71
6801,"Outubro",1217.59
6801,"Novembro",240.84
6801,"Dezembro",116.45
3358,"Janeiro",639.19
3358,"Fevereiro",82.25
3358,"Março",757.41
3358,"Abril",63.43
3358,"Maio",455.05
3358,"Junho",1183.4
3358,"Julho",763.12
3358,"Agosto",155.99
3358,"Setembro",858.15
3358,"Outubro",402.56
3358,"Novembro",591.11
3358,"Dezembro",770.42
8510,"Janeiro",681.89
8510,"Fevereiro",494.52
8510,"Março",277.53
8510,"Abril",1083.22
8510,"Maio",33.99
8510,"Junho",1225.61
8510,"Julho",411.87
8510,"Agosto",445.04
8510,"Setembro",63.16
8510,"Outubro",463.99
8510,"Novembro",241.24
8510,"Dezembro",1098.87
7027,"Janeiro",917.34
7027,"Fevereiro",635.35
7027,"Março",88.97
7027,"Abril",1176.09
7027,"Maio",1322.66
7027,"Junho",398.73
7027,"Julho",430.57
7027,"Agosto",709.9
7027,"Setembro",259.61
7027,"Outubro",864.8
7027,"Novembro",505.61
7027,"Dezembro",127.78
5548,"Janeiro",682.71
5548,"Fevereiro",1254.78
5548,"Março",227.18
5548,"Abril",1008.75
5548,"Maio",944.8
5548,"Junho",1128.54
5548,"Julho",163.59
5548,"Agosto",290.28
5548,"Setembro",1377.2
5548,"Outubro",901.61
5548,"Novembro",704.72
5548,"Dezembro",1208.95
3740,"Janeiro",1108.88
3740,"Fevereiro",597.29
3740,"Março",350.36
3740,"Abril",320.53
3740,"Maio",988.99
3740,"Junho",545
3740,"Julho",112.32
3740,"Agosto",116.75
3740,"Setembro",308.82
3740,"Outubro",84.21
3740,"Novembro",243.45
3740,"Dezembro",1322.09
8974,"Janeiro",913.76
8974,"Fevereiro",1411.01
8974,"Março",149.94
8974,"Abril",460.3
8974,"Maio",67.63
8974,"Junho",1369.05
8974,"Julho",959.34
8974,"Agosto",1201.37
8974,"Setembro",363.44
8974,"Outubro",292.86
8974,"Novembro",804.92
8974,"Dezembro",144.53
9344,"Janeiro",519.29
9344,"Fevereiro",275.39
9344,"Março",794.87
9344,"Abril",591.39
9344,"Maio",4.86
9344,"Junho",1303.31
9344,"Julho",12.69
9344,"Agosto",200.68
9344,"Setembro",508.23
9344,"Outubro",1018.27
9344,"Novembro",1138.25
9344,"Dezembro",676.66
1167,"Janeiro",979.33
1167,"Fevereiro",613.54
1167,"Março",1365.57
1167,"Abril",185.77
1167,"Maio",349.04
1167,"Junho",478.92
1167,"Julho",237.99
1167,"Agosto",340.06
1167,"Setembro",935.88
1167,"Outubro",54.77
1167,"Novembro",27.07
1167,"Dezembro",179.08
6017,"Janeiro",483.47
6017,"Fevereiro",1049.95
6017,"Março",1212.58
6017,"Abril",565.97
6017,"Maio",466.52
6017,"Junho",1231.6
6017,"Julho",243.09
6017,"Agosto",516.37
6017,"Setembro",881.23
6017,"Outubro",304.94
6017,"Novembro",154.51
6017,"Dezembro",992.45
9521,"Janeiro",1059.09
9521,"Fevereiro",70.47
9521,"Março",1133.37
9521,"Abril",113.98
9521,"Maio",369.27
9521,"Junho",196.8
9521,"Julho",143.57
9521,"Agosto",104.9
9521,"Setembro",412.88
9521,"Outubro",1125.41
9521,"Novembro",1212.76
9521,"Dezembro",1013.59
2733,"Janeiro",657.1
2733,"Fevereiro",86.76
2733,"Março",157.86
2733,"Abril",1150.92
2733,"Maio",331.72
2733,"Junho",632
2733,"Julho",1207.81
2733,"Agosto",31.77
2733,"Setembro",58.98
2733,"Outubro",1063.69
2733,"Novembro",601.48
2733,"Dezembro",760.86
6420,"Janeiro",96.17
6420,"Fevereiro",738.98
6420,"Março",453.75
6420,"Abril",53.15
6420,"Maio",280.68
6420,"Junho",1321.49
6420,"Julho",312.7
6420,"Agosto",1025.23
6420,"Setembro",467.87
6420,"Outubro",13.12
6420,"Novembro",519.65
6420,"Dezembro",815.44
5015,"Janeiro",603.6
5015,"Fevereiro",54.11
5015,"Março",167.84
5015,"Abril",536.76
5015,"Maio",110.34
5015,"Junho",186.46
5015,"Julho",273.49
5015,"Agosto",172.38
5015,"Setembro",901.72
5015,"Outubro",386.52
5015,"Novembro",767.62
5015,"Dezembro",775.67
6014,"Janeiro",744.64
6014,"Fevereiro",394.04
6014,"Março",133.57
6014,"Abril",1030.29
6014,"Maio",598.49
6014,"Junho",69.78
6014,"Julho",21.12
6014,"Agosto",455.09
6014,"Setembro",1001.08
6014,"Outubro",129.52
6014,"Novembro",578.03
6014,"Dezembro",939.16
3171,"Janeiro",1427.37
3171,"Fevereiro",218.59
3171,"Março",211.53
3171,"Abril",1164.47
3171,"Maio",1208.82
3171,"Junho",279.13
3171,"Julho",791.7
3171,"Agosto",486.22
3171,"Setembro",821.59
3171,"Outubro",408.81
3171,"Novembro",192.99
3171,"Dezembro",545.73
867,"Janeiro",1160.38
867,"Fevereiro",743.59
867,"Março",225.33
867,"Abril",179.08
867,"Maio",1122.91
867,"Junho",400.19
867,"Julho",56.25
867,"Agosto",919.5
867,"Setembro",117.88
867,"Outubro",899.37
867,"Novembro",551.28
867,"Dezembro",1019.05
7940,"Janeiro",136
7940,"Fevereiro",674.53
7940,"Março",531.73
7940,"Abril",856.89
7940,"Maio",73.1
7940,"Junho",1462.53
7940,"Julho",892.41
7940,"Agosto",1170.51
7940,"Setembro",1205.69
7940,"Outubro",1097.49
7940,"Novembro",1061.59
7940,"Dezembro",225.78
1948,"Janeiro",209.46
1948,"Fevereiro",147.19
1948,"Março",590.43
1948,"Abril",533.1
1948,"Maio",386.76
1948,"Junho",800.82
1948,"Julho",600.46
1948,"Agosto",1048.6
1948,"Setembro",111.85
1948,"Outubro",426.78
1948,"Novembro",502.19
1948,"Dezembro",351.96
8785,"Janeiro",1245.97
8785,"Fevereiro",937.2
8785,"Março",1042.09
8785,"Abril",1087.65
8785,"Maio",678.62
8785,"Junho",122.57
8785,"Julho",502.23
8785,"Agosto",522.17
8785,"Setembro",31.33
8785,"Outubro",286.94
8785,"Novembro",871.75
8785,"Dezembro",623.39
4734,"Janeiro",355.92
4734,"Fevereiro",279.31
4734,"Março",1100.78
4734,"Abril",226.8
4734,"Maio",498.82
4734,"Junho",93.78
4734,"Julho",50.88
4734,"Agosto",99.88
4734,"Setembro",630.2
4734,"Outubro",797.91
4734,"Novembro",373.46
4734,"Dezembro",514.68
8256,"Janeiro",641.61
8256,"Fevereiro",150.47
8256,"Março",30.59
8256,"Abril",860.33
8256,"Maio",991.04
8256,"Junho",445.49
8256,"Julho",700.94
8256,"Agosto",825.59
8256,"Setembro",76.55
8256,"Outubro",1269.01
8256,"Novembro",564.82
8256,"Dezembro",864.65
8838,"Janeiro",685.62
8838,"Fevereiro",1139.58
8838,"Março",455.69
8838,"Abril",120.83
8838,"Maio",113.46
8838,"Junho",368.25
8838,"Julho",42.23
8838,"Agosto",150.19
8838,"Setembro",187.02
8838,"Outubro",1171.76
8838,"Novembro",696.08
8838,"Dezembro",212.12
7969,"Janeiro",751.36
7969,"Fevereiro",547.71
7969,"Março",1391.88
7969,"Abril",586.22
7969,"Maio",34.56
7969,"Junho",440.21
7969,"Julho",108.43
7969,"Agosto",692.11
7969,"Setembro",820.86
7969,"Outubro",104.55
7969,"Novembro",380.36
7969,"Dezembro",493.08
4988,"Janeiro",397.7
4988,"Fevereiro",481.82
4988,"Março",107.42
4988,"Abril",589.76
4988,"Maio",1044.4
4988,"Junho",460.89
4988,"Julho",494.45
4988,"Agosto",956.6
4988,"Setembro",1015.33
4988,"Outubro",906.56
4988,"Novembro",639.5
4988,"Dezembro",333.12
5899,"Janeiro",163.42
5899,"Fevereiro",846.32
5899,"Março",693.51
5899,"Abril",665.7
5899,"Maio",6.9
5899,"Junho",302.69
5899,"Julho",44.06
5899,"Agosto",341.61
5899,"Setembro",1392.15
5899,"Outubro",220.55
5899,"Novembro",609.54
5899,"Dezembro",5.26
5509,"Janeiro",518.62
5509,"Fevereiro",8.12
5509,"Março",103.55
5509,"Abril",465.52
5509,"Maio",163.42
5509,"Junho",1090.45
5509,"Julho",806.65
5509,"Agosto",617.63
5509,"Setembro",608.3
5509,"Outubro",638.8
5509,"Novembro",1186.94
5509,"Dezembro",288.57
1264,"Janeiro",519.77
1264,"Fevereiro",124.54
1264,"Março",1102.18
1264,"Abril",795.99
1264,"Maio",126.72
1264,"Junho",117.86
1264,"Julho",904.25
1264,"Agosto",1022.89
1264,"Setembro",160.92
1264,"Outubro",1235.32
1264,"Novembro",535.72
1264,"Dezembro",63.49
8217,"Janeiro",454.53
8217,"Fevereiro",35.02
8217,"Março",640.16
8217,"Abril",286.21
8217,"Maio",981.91
8217,"Junho",168.6
8217,"Julho",1153.14
8217,"Agosto",795.44
8217,"Setembro",913.93
8217,"Outubro",81.94
8217,"Novembro",390.02
8217,"Dezembro",50.77
5504,"Janeiro",73.69
5504,"Fevereiro",709.44
5504,"Março",242.33
5504,"Abril",2.78
5504,"Maio",168.88
5504,"Junho",555.11
5504,"Julho",759.6
5504,"Agosto",1001.53
5504,"Setembro",173.4
5504,"Outubro",607.4
5504,"Novembro",592.78
5504,"Dezembro",298.77
1695,"Janeiro",277.43
1695,"Fevereiro",618.44
1695,"Março",241.14
1695,"Abril",17.33
1695,"Maio",667.39
1695,"Junho",540.36
1695,"Julho",1370.64
1695,"Agosto",893.08
1695,"Setembro",523.2
1695,"Outubro",1326.92
1695,"Novembro",14.95
1695,"Dezembro",274.5
8400,"Janeiro",898.67
8400,"Fevereiro",562.87
8400,"Março",690.24
8400,"Abril",998.83
8400,"Maio",1068.78
8400,"Junho",845.04
8400,"Julho",224.92
8400,"Agosto",522.34
8400,"Setembro",371.04
8400,"Outubro",555.08
8400,"Novembro",339.17
8400,"Dezembro",135.65
2981,"Janeiro",82.96
2981,"Fevereiro",699.96
2981,"Março",544.58
2981,"Abril",1138.6
2981,"Maio",313.15
2981,"Junho",973.37
2981,"Julho",309.37
2981,"Agosto",961.04
2981,"Setembro",535.49
2981,"Outubro",201.64
2981,"Novembro",390.94
2981,"Dezembro",1141.83
173,"Janeiro",848.29
173,"Fevereiro",589.7
173,"Março",124.45
173,"Abril",155.58
173,"Maio",907.43
173,"Junho",1116.29
173,"Julho",758.14
173,"Agosto",221.65
173,"Setembro",599.7
173,"Outubro",892.15
173,"Novembro",124.88
173,"Dezembro",436.13
5720,"Janeiro",1001.32
5720,"Fevereiro",914.48
5720,"Março",246.22
5720,"Abril",298.84
5720,"Maio",860.35
5720,"Junho",15.67
5720,"Julho",186.91
5720,"Agosto",648.46
5720,"Setembro",466.84
5720,"Outubro",327.68
5720,"Novembro",399.06
5720,"Dezembro",408.55
5053,"Janeiro",504.83
5053,"Fevereiro",445.95
5053,"Março",1027.82
5053,"Abril",428.69
5053,"Maio",562.43
5053,"Junho",327.68
5053,"Julho",1368.07
5053,"Agosto",911.52
5053,"Setembro",320.95
5053,"Outubro",98.38
5053,"Novembro",1140.22
5053,"Dezembro",123.65
204,"Janeiro",456.52
204,"Fevereiro",369.39
204,"Março",1338.59
204,"Abril",539.11
204,"Maio",525.88
204,"Junho",502.69
204,"Julho",1049.59
204,"Agosto",263.6
204,"Setembro",969.33
204,"Outubro",808.51
204,"Novembro",184.76
204,"Dezembro",830.82
8517,"Janeiro",1350.97
8517,"Fevereiro",436.04
8517,"Março",153.53
8517,"Abril",1020.86
8517,"Maio",519.27
8517,"Junho",729.71
8517,"Julho",233.06
8517,"Agosto",420.13
8517,"Setembro",539.11
8517,"Outubro",723.87
8517,"Novembro",140.08
8517,"Dezembro",517.37
5096,"Janeiro",958.72
5096,"Fevereiro",756.18
5096,"Março",261.02
5096,"Abril",182.44
5096,"Maio",490.78
5096,"Junho",1020.92
5096,"Julho",42.45
5096,"Agosto",687.53
5096,"Setembro",590.21
5096,"Outubro",1161.44
5096,"Novembro",660.84
5096,"Dezembro",448.59
5931,"Janeiro",132.99
5931,"Fevereiro",113.75
5931,"Março",857.54
5931,"Abril",899.2
5931,"Maio",853.95
5931,"Junho",619.82
5931,"Julho",385.58
5931,"Agosto",652.15
5931,"Setembro",342.84
5931,"Outubro",1119.4
5931,"Novembro",506.73
5931,"Dezembro",251.97
3694,"Janeiro",755.65
3694,"Fevereiro",380.54
3694,"Março",611.56
3694,"Abril",59.46
3694,"Maio",59.38
3694,"Junho",1038.89
3694,"Julho",639.75
3694,"Agosto",452.21
3694,"Setembro",1134.92
3694,"Outubro",43.16
3694,"Novembro",1319.56
3694,"Dezembro",295.17
5946,"Janeiro",636.75
5946,"Fevereiro",661.34
5946,"Março",388.9
5946,"Abril",238.02
5946,"Maio",138.62
5946,"Junho",588.32
5946,"Julho",495.05
5946,"Agosto",1301.68
5946,"Setembro",1081.31
5946,"Outubro",481.56
5946,"Novembro",1068.43
5946,"Dezembro",1098.17
8356,"Janeiro",862.8
8356,"Fevereiro",1493.7
8356,"Março",387.14
8356,"Abril",693.43
8356,"Maio",1149.74
8356,"Junho",31.38
8356,"Julho",1020.47
8356,"Agosto",443.31
8356,"Setembro",461.06
8356,"Outubro",107.3
8356,"Novembro",979.72
8356,"Dezembro",473.55
2561,"Janeiro",1347.61
2561,"Fevereiro",964.76
2561,"Março",321.81
2561,"Abril",578.18
2561,"Maio",769.31
2561,"Junho",202.04
2561,"Julho",26.08
2561,"Agosto",833.27
2561,"Setembro",1127.25
2561,"Outubro",591.45
2561,"Novembro",363.17
2561,"Dezembro",671.58
6180,"Janeiro",649.55
6180,"Fevereiro",142.23
6180,"Março",504.47
6180,"Abril",35.38
6180,"Maio",73.76
6180,"Junho",110.71
6180,"Julho",324.18
6180,"Agosto",508.23
6180,"Setembro",829.29
6180,"Outubro",552.88
6180,"Novembro",394.74
6180,"Dezembro",321.56
9684,"Janeiro",747.63
9684,"Fevereiro",656.69
9684,"Março",811.8
9684,"Abril",1162.82
9684,"Maio",279.2
9684,"Junho",536.05
9684,"Julho",48.09
9684,"Agosto",461.38
9684,"Setembro",29.14
9684,"Outubro",336.14
9684,"Novembro",948.29
9684,"Dezembro",858.9
9906,"Janeiro",24.92
9906,"Fevereiro",332.31
9906,"Março",1001.09
9906,"Abril",1175.95
9906,"Maio",45.15
9906,"Junho",278.2
9906,"Julho",1377.85
9906,"Agosto",316.67
9906,"Setembro",444.24
9906,"Outubro",451.92
9906,"Novembro",475.27
9906,"Dezembro",327.8
4605,"Janeiro",1032.12
4605,"Fevereiro",1256.93
4605,"Março",1284.04
4605,"Abril",154.55
4605,"Maio",1098.21
4605,"Junho",1161.52
4605,"Julho",75.49
4605,"Agosto",1052.41
4605,"Setembro",245.63
4605,"Outubro",180.25
4605,"Novembro",463.29
4605,"Dezembro",1020.84
549,"Janeiro",83.35
549,"Fevereiro",491.2
549,"Março",1128.42
549,"Abril",973.22
549,"Maio",1080.66
549,"Junho",977.53
549,"Julho",746.46
549,"Agosto",148.58
549,"Setembro",347.02
549,"Outubro",689.23
549,"Novembro",16.34
549,"Dezembro",270.4
2880,"Janeiro",404.9
2880,"Fevereiro",1048.94
2880,"Março",261.12
2880,"Abril",36.72
2880,"Maio",727.29
2880,"Junho",872.23
2880,"Julho",415.51
2880,"Agosto",579.47
2880,"Setembro",116.68
2880,"Outubro",96.71
2880,"Novembro",531.62
2880,"Dezembro",1164.54
375,"Janeiro",999.97
375,"Fevereiro",486.4
375,"Março",206.02
375,"Abril",854.29
375,"Maio",1445.44
375,"Junho",793.74
375,"Julho",704.74
375,"Agosto",138.62
375,"Setembro",1022.26
375,"Outubro",58.16
375,"Novembro",24.63
375,"Dezembro",757.34
7953,"Janeiro",128.3
7953,"Fevereiro",36.08
7953,"Março",45.22
7953,"Abril",66.2
7953,"Maio",299.8
7953,"Junho",181.64
7953,"Julho",728.39
7953,"Agosto",876.62
7953,"Setembro",701.56
7953,"Outubro",827.21
7953,"Novembro",95.52
7953,"Dezembro",129.14
1007,"Janeiro",656.81
1007,"Fevereiro",91.27
1007,"Março",56.66
1007,"Abril",527.48
1007,"Maio",853.6
1007,"Junho",1024.76
1007,"Julho",680.1
1007,"Agosto",179.8
1007,"Setembro",237.22
1007,"Outubro",18.31
1007,"Novembro",807.28
1007,"Dezembro",97.08
1574,"Janeiro",815.04
1574,"Fevereiro",1200.86
1574,"Março",1354.37
1574,"Abril",729.53
1574,"Maio",147.23
1574,"Junho",985.56
1574,"Julho",942.52
1574,"Agosto",423.24
1574,"Setembro",527.66
1574,"Outubro",86.7
1574,"Novembro",68.37
1574,"Dezembro",433.42
3436,"Janeiro",520.11
3436,"Fevereiro",847.73
3436,"Março",311.53
3436,"Abril",721.41
3436,"Maio",114.44
3436,"Junho",705.66
3436,"Julho",128.43
3436,"Agosto",626.88
3436,"Setembro",761.17
3436,"Outubro",95.23
3436,"Novembro",579.47
3436,"Dezembro",673.87
9237,"Janeiro",1250.3
9237,"Fevereiro",704.3
9237,"Março",309.34
9237,"Abril",141.81
9237,"Maio",192.64
9237,"Junho",152.66
9237,"Julho",556.15
9237,"Agosto",865.18
9237,"Setembro",106.82
9237,"Outubro",110.05
9237,"Novembro",577.79
9237,"Dezembro",489.85
3282,"Janeiro",742.32
3282,"Fevereiro",724.09
3282,"Março",114.59
3282,"Abril",202.71
3282,"Maio",665.77
3282,"Junho",539.83
3282,"Julho",1245.62
3282,"Agosto",584.34
3282,"Setembro",1312.69
3282,"Outubro",1211
3282,"Novembro",389.86
3282,"Dezembro",906.88
201,"Janeiro",596.67
201,"Fevereiro",645.46
201,"Março",648.22
201,"Abril",94.32
201,"Maio",846.33
201,"Junho",439.28
201,"Julho",506.97
201,"Agosto",274.61
201,"Setembro",439.6
201,"Outubro",850.81
201,"Novembro",17.03
201,"Dezembro",215.85
3191,"Janeiro",440.44
3191,"Fevereiro",496.84
3191,"Março",830.33
3191,"Abril",706.12
3191,"Maio",212.29
3191,"Junho",252.29
3191,"Julho",379.6
3191,"Agosto",539.54
3191,"Setembro",727.07
3191,"Outubro",750.63
3191,"Novembro",284.51
3191,"Dezembro",604.38
7319,"Janeiro",664.08
7319,"Fevereiro",764.78
7319,"Março",828.6
7319,"Abril",311.32
7319,"Maio",344.14
7319,"Junho",777.68
7319,"Julho",274.95
7319,"Agosto",319.31
7319,"Setembro",247.28
7319,"Outubro",702.02
7319,"Novembro",1161.53
7319,"Dezembro",724.46
9804,"Janeiro",244.75
9804,"Fevereiro",821.5
9804,"Março",723.4
9804,"Abril",560.14
9804,"Maio",260.63
9804,"Junho",800.01
9804,"Julho",486.9
9804,"Agosto",337.55
9804,"Setembro",516.26
9804,"Outubro",822.67
9804,"Novembro",630.57
9804,"Dezembro",1354.61
276,"Janeiro",571.36
276,"Fevereiro",69.86
276,"Março",773.86
276,"Abril",490.11
276,"Maio",339.1
276,"Junho",496.91
276,"Julho",752.58
276,"Agosto",360.12
276,"Setembro",700.9
276,"Outubro",342.55
276,"Novembro",143.48
276,"Dezembro",836.69
9010,"Janeiro",423.91
9010,"Fevereiro",602.21
9010,"Março",686.65
9010,"Abril",90.6
9010,"Maio",141.24
9010,"Junho",649.82
9010,"Julho",292.61
9010,"Agosto",602.53
9010,"Setembro",272.1
9010,"Outubro",587.72
9010,"Novembro",390.61
9010,"Dezembro",349.61
1982,"Janeiro",502.76
1982,"Fevereiro",241.07
1982,"Março",1066.97
1982,"Abril",478.22
1982,"Maio",769.75
1982,"Junho",1070.99
1982,"Julho",763.1
1982,"Agosto",1052.82
1982,"Setembro",499.32
1982,"Outubro",339.88
1982,"Novembro",689.29
1982,"Dezembro",171.43
6153,"Janeiro",827.96
6153,"Fevereiro",1125.53
6153,"Março",333.11
6153,"Abril",306.85
6153,"Maio",880.82
6153,"Junho",249.05
6153,"Julho",1277.98
6153,"Agosto",1224.52
6153,"Setembro",8.19
6153,"Outubro",619.02
6153,"Novembro",1217.7
6153,"Dezembro",301.72
2990,"Janeiro",486.11
2990,"Fevereiro",285.77
2990,"Março",1047.07
2990,"Abril",22.02
2990,"Maio",1219.29
2990,"Junho",33.17
2990,"Julho",854.18
2990,"Agosto",99.25
2990,"Setembro",174.87
2990,"Outubro",893.55
2990,"Novembro",1061.63
2990,"Dezembro",915.38
6657,"Janeiro",120.61
6657,"Fevereiro",718.96
6657,"Março",385.28
6657,"Abril",1043.34
6657,"Maio",237.03
6657,"Junho",667.54
6657,"Julho",1142.21
6657,"Agosto",437.05
6657,"Setembro",148.07
6657,"Outubro",570.67
6657,"Novembro",191.06
6657,"Dezembro",1105.51
2489,"Janeiro",515.93
2489,"Fevereiro",1075.87
2489,"Março",608.93
2489,"Abril",160.65
2489,"Maio",411.6
2489,"Junho",939.46
2489,"Julho",41.4
2489,"Agosto",778.58
2489,"Setembro",61.02
2489,"Outubro",69.59
2489,"Novembro",1057.43
2489,"Dezembro",779.33
190,"Janeiro",94.4
190,"Fevereiro",588.41
190,"Março",1059.42
190,"Abril",394.51
190,"Maio",265.27
190,"Junho",508.79
190,"Julho",1067.4
190,"Agosto",405.47
190,"Setembro",137.89
190,"Outubro",156.02
190,"Novembro",39.55
190,"Dezembro",649.03
7539,"Janeiro",1365.96
7539,"Fevereiro",296.81
7539,"Março",755.07
7539,"Abril",741.18
7539,"Maio",1218.19
7539,"Junho",1484.16
7539,"Julho",401.78
7539,"Agosto",507.67
7539,"Setembro",59.35
7539,"Outubro",877.56
7539,"Novembro",210.16
7539,"Dezembro",765.51
5080,"Janeiro",634.26
5080,"Fevereiro",1154.32
5080,"Março",408.86
5080,"Abril",543.17
5080,"Maio",658.09
5080,"Junho",168.38
5080,"Julho",592.21
5080,"Agosto",304.92
5080,"Setembro",62.74
5080,"Outubro",238.77
5080,"Novembro",775.28
5080,"Dezembro",765.4
8882,"Janeiro",39.05
8882,"Fevereiro",438.34
8882,"Março",697.27
8882,"Abril",467.36
8882,"Maio",420.16
8882,"Junho",661.23
8882,"Julho",33.49
8882,"Agosto",1082.97
8882,"Setembro",778.15
8882,"Outubro",319.76
8882,"Novembro",459.03
8882,"Dezembro",891.28
8779,"Janeiro",882.52
8779,"Fevereiro",547.34
8779,"Março",591.21
8779,"Abril",130.52
8779,"Maio",912.24
8779,"Junho",641.39
8779,"Julho",5.92
8779,"Agosto",306.89
8779,"Setembro",225
8779,"Outubro",512.66
8779,"Novembro",80.34
8779,"Dezembro",236.09
4894,"Janeiro",1091.34
4894,"Fevereiro",727.52
4894,"Março",762.81
4894,"Abril",634.25
4894,"Maio",1049.14
4894,"Junho",478.58
4894,"Julho",1070.25
4894,"Agosto",67.37
4894,"Setembro",806.48
4894,"Outubro",178.26
4894,"Novembro",303.05
4894,"Dezembro",249.19
5438,"Janeiro",920.35
5438,"Fevereiro",803.09
5438,"Março",133.19
5438,"Abril",742.64
5438,"Maio",1379.16
5438,"Junho",956.43
5438,"Julho",661.32
5438,"Agosto",1242.69
5438,"Setembro",922.07
5438,"Outubro",918.47
5438,"Novembro",176.16
5438,"Dezembro",880.93
7547,"Janeiro",575.24
7547,"Fevereiro",475.07
7547,"Março",9
7547,"Abril",369.68
7547,"Maio",627.09
7547,"Junho",875.47
7547,"Julho",905.28
7547,"Agosto",600.5
7547,"Setembro",424.15
7547,"Outubro",642.75
7547,"Novembro",498.02
7547,"Dezembro",204.6
1442,"Janeiro",521.57
1442,"Fevereiro",624.16
1442,"Março",277.43
1442,"Abril",853.85
1442,"Maio",649.38
1442,"Junho",344.55
1442,"Julho",237.17
1442,"Agosto",1047.02
1442,"Setembro",249.71
1442,"Outubro",951.63
1442,"Novembro",1430.53
1442,"Dezembro",512.1
506,"Janeiro",773.99
506,"Fevereiro",65.99
506,"Março",532.38
506,"Abril",936.65
506,"Maio",864.84
506,"Junho",521.33
506,"Julho",531.87
506,"Agosto",819.71
506,"Setembro",661.64
506,"Outubro",539.86
506,"Novembro",874.82
506,"Dezembro",182.72
4161,"Janeiro",5
4161,"Fevereiro",270.45
4161,"Março",1084.96
4161,"Abril",787.88
4161,"Maio",484.47
4161,"Junho",783.93
4161,"Julho",258.02
4161,"Agosto",362.88
4161,"Setembro",960.28
4161,"Outubro",326.86
4161,"Novembro",1041.52
4161,"Dezembro",339.17
9733,"Janeiro",781.2
9733,"Fevereiro",663.34
9733,"Março",760.91
9733,"Abril",227.07
9733,"Maio",541.31
9733,"Junho",123.61
9733,"Julho",625.81
9733,"Agosto",43.45
9733,"Setembro",192.84
9733,"Outubro",495.01
9733,"Novembro",415.85
9733,"Dezembro",757.45
1343,"Janeiro",972.68
1343,"Fevereiro",424.4
1343,"Março",602.23
1343,"Abril",322.54
1343,"Maio",934
1343,"Junho",546.77
1343,"Julho",574.82
1343,"Agosto",481.22
1343,"Setembro",900.38
1343,"Outubro",134.77
1343,"Novembro",362.52
1343,"Dezembro",548.79
6496,"Janeiro",1540.44
6496,"Fevereiro",431.53
6496,"Março",267.19
6496,"Abril",653.57
6496,"Maio",832.92
6496,"Junho",606.73
6496,"Julho",107.75
6496,"Agosto",867.44
6496,"Setembro",37.04
6496,"Outubro",1058.79
6496,"Novembro",1231.31
6496,"Dezembro",1234.29
2678,"Janeiro",392.74
2678,"Fevereiro",162.25
2678,"Março",860.15
2678,"Abril",336.67
2678,"Maio",349.19
2678,"Junho",339.02
2678,"Julho",317.41
2678,"Agosto",166.04
2678,"Setembro",92.65
2678,"Outubro",12.68
2678,"Novembro",262.05
2678,"Dezembro",880.13
6638,"Janeiro",169.61
6638,"Fevereiro",348.05
6638,"Março",461.97
6638,"Abril",63.49
6638,"Maio",470.12
6638,"Junho",536.29
6638,"Julho",492.85
6638,"Agosto",120.08
6638,"Setembro",949.48
6638,"Outubro",266.07
6638,"Novembro",1076.72
6638,"Dezembro",1128.17
4199,"Janeiro",1026.38
4199,"Fevereiro",1073.51
4199,"Março",511.64
4199,"Abril",1142.68
4199,"Maio",1442.02
4199,"Junho",329.74
4199,"Julho",986.68
4199,"Agosto",838.19
4199,"Setembro",419.95
4199,"Outubro",176.82
4199,"Novembro",841.41
4199,"Dezembro",362.99
4774,"Janeiro",1381.13
4774,"Fevereiro",444.49
4774,"Março",708.22
4774,"Abril",435.78
4774,"Maio",260.32
4774,"Junho",576.89
4774,"Julho",908.36
4774,"Agosto",426.6
4774,"Setembro",305.54
4774,"Outubro",1290.13
4774,"Novembro",599.22
4774,"Dezembro",645.26
6084,"Janeiro",765.33
6084,"Fevereiro",1119.69
6084,"Março",858.94
6084,"Abril",31.05
6084,"Maio",237.47
6084,"Junho",498.78
6084,"Julho",84.95
6084,"Agosto",638.74
6084,"Setembro",604.88
6084,"Outubro",481.42
6084,"Novembro",566
6084,"Dezembro",743.71
545,"Janeiro",192.19
545,"Fevereiro",273.82
545,"Março",350.1
545,"Abril",482.79
545,"Maio",10.77
545,"Junho",710.65
545,"Julho",647.91
545,"Agosto",783.22
545,"Setembro",776.01
545,"Outubro",919.67
545,"Novembro",409.97
545,"Dezembro",637.24
6494,"Janeiro",1146.59
6494,"Fevereiro",440.32
6494,"Março",775.58
6494,"Abril",302.78
6494,"Maio",189.85
6494,"Junho",797.95
6494,"Julho",881
6494,"Agosto",680.27
6494,"Setembro",726.49
6494,"Outubro",837.71
6494,"Novembro",404.08
6494,"Dezembro",502.14
7689,"Janeiro",1298.44
7689,"Fevereiro",461.6
7689,"Março",925.84
7689,"Abril",663.96
7689,"Maio",765.39
7689,"Junho",883.27
7689,"Julho",1300
7689,"Agosto",709.81
7689,"Setembro",816.18
7689,"Outubro",211.08
7689,"Novembro",207.72
7689,"Dezembro",758.51
8666,"Janeiro",754.93
8666,"Fevereiro",16.77
8666,"Março",636.55
8666,"Abril",232.88
8666,"Maio",624.29
8666,"Junho",1080.13
8666,"Julho",639.13
8666,"Agosto",712.33
8666,"Setembro",362.75
8666,"Outubro",413.06
8666,"Novembro",77.96
8666,"Dezembro",426.76
7149,"Janeiro",661.64
7149,"Fevereiro",1100.86
7149,"Março",421.18
7149,"Abril",80.22
7149,"Maio",346.97
7149,"Junho",680.48
7149,"Julho",962.6
7149,"Agosto",172.82
7149,"Setembro",381.24
7149,"Outubro",507.27
7149,"Novembro",1379.26
7149,"Dezembro",753.36
6988,"Janeiro",456.33
6988,"Fevereiro",718.63
6988,"Março",456.15
6988,"Abril",1058.72
6988,"Maio",204.86
6988,"Junho",1209.66
6988,"Julho",655.54
6988,"Agosto",564.7
6988,"Setembro",935.59
6988,"Outubro",363.36
6988,"Novembro",123.5
6988,"Dezembro",58.83
3533,"Janeiro",695.36
3533,"Fevereiro",145.04
3533,"Março",1216.85
3533,"Abril",362.28
3533,"Maio",493.32
3533,"Junho",483.36
3533,"Julho",77.96
3533,"Agosto",190.41
3533,"Setembro",816.18
3533,"Outubro",198.06
3533,"Novembro",566.73
3533,"Dezembro",733.57
6619,"Janeiro",1071.21
6619,"Fevereiro",269.36
6619,"Março",972.75
6619,"Abril",1356.17
6619,"Maio",421.78
6619,"Junho",692.13
6619,"Julho",1005.14
6619,"Agosto",224.71
6619,"Setembro",12.77
6619,"Outubro",483.4
6619,"Novembro",1379.45
6619,"Dezembro",415.27
9778,"Janeiro",506.13
9778,"Fevereiro",776.22
9778,"Março",433.55
9778,"Abril",272.84
9778,"Maio",1522.88
9778,"Junho",605.15
9778,"Julho",836.96
9778,"Agosto",773.89
9778,"Setembro",247.6
9778,"Outubro",887.45
9778,"Novembro",88.24
9778,"Dezembro",896.43
8023,"Janeiro",479.16
8023,"Fevereiro",28.7
8023,"Março",95.64
8023,"Abril",570.66
8023,"Maio",909.86
8023,"Junho",1029
8023,"Julho",586.82
8023,"Agosto",216.57
8023,"Setembro",710.66
8023,"Outubro",527.86
8023,"Novembro",427.93
8023,"Dezembro",1108.54
7275,"Janeiro",314.7
7275,"Fevereiro",77.65
7275,"Março",347.65
7275,"Abril",152.7
7275,"Maio",211.21
7275,"Junho",557.77
7275,"Julho",270.25
7275,"Agosto",199.03
7275,"Setembro",193.28
7275,"Outubro",423.65
7275,"Novembro",600.13
7275,"Dezembro",278.63
3778,"Janeiro",1065.6
3778,"Fevereiro",240.77
3778,"Março",21.15
3778,"Abril",1010.18
3778,"Maio",820.51
3778,"Junho",497.31
3778,"Julho",937.42
3778,"Agosto",1124.15
3778,"Setembro",820.99
3778,"Outubro",730.66
3778,"Novembro",723.98
3778,"Dezembro",319.88
2458,"Janeiro",523.69
2458,"Fevereiro",563.81
2458,"Março",974.31
2458,"Abril",253.1
2458,"Maio",702.87
2458,"Junho",748.53
2458,"Julho",26.61
2458,"Agosto",54.56
2458,"Setembro",43.35
2458,"Outubro",826.57
2458,"Novembro",255.37
2458,"Dezembro",386.65
1186,"Janeiro",207.72
1186,"Fevereiro",1015.42
1186,"Março",875.71
1186,"Abril",1083.84
1186,"Maio",432.09
1186,"Junho",1267.84
1186,"Julho",476.36
1186,"Agosto",816.23
1186,"Setembro",497.93
1186,"Outubro",487.48
1186,"Novembro",706.89
1186,"Dezembro",1491.02
473,"Janeiro",356.67
473,"Fevereiro",665.58
473,"Março",766.95
473,"Abril",489.58
473,"Maio",52.48
473,"Junho",270.69
473,"Julho",496.5
473,"Agosto",562.99
473,"Setembro",558.69
473,"Outubro",419.32
473,"Novembro",622.79
473,"Dezembro",589.69
2518,"Janeiro",185.99
2518,"Fevereiro",529.4
2518,"Março",807.18
2518,"Abril",552.95
2518,"Maio",3.25
2518,"Junho",127.8
2518,"Julho",31.26
2518,"Agosto",1216.36
2518,"Setembro",1278.43
2518,"Outubro",1080.88
2518,"Novembro",318.19
2518,"Dezembro",890.99
6530,"Janeiro",698.69
6530,"Fevereiro",1067.58
6530,"Março",247.89
6530,"Abril",463.54
6530,"Maio",313.55
6530,"Junho",731.91
6530,"Julho",886.04
6530,"Agosto",411.77
6530,"Setembro",1240.86
6530,"Outubro",1035.52
6530,"Novembro",1294.88
6530,"Dezembro",582.86
5729,"Janeiro",544.2
5729,"Fevereiro",705.43
5729,"Março",672.28
5729,"Abril",958.62
5729,"Maio",1056.21
5729,"Junho",233.67
5729,"Julho",748.51
5729,"Agosto",178.94
5729,"Setembro",101.39
5729,"Outubro",1105.67
5729,"Novembro",61.47
5729,"Dezembro",290.95
8833,"Janeiro",624.53
8833,"Fevereiro",286.6
8833,"Março",282.95
8833,"Abril",1023.31
8833,"Maio",1154.24
8833,"Junho",96.43
8833,"Julho",565.03
8833,"Agosto",801.12
8833,"Setembro",376.14
8833,"Outubro",461.26
8833,"Novembro",1047.32
8833,"Dezembro",550.05
443,"Janeiro",1206.27
443,"Fevereiro",111.99
443,"Março",503.14
443,"Abril",700.53
443,"Maio",1085.86
443,"Junho",671.71
443,"Julho",744.39
443,"Agosto",170.48
443,"Setembro",801.48
443,"Outubro",56.91
443,"Novembro",82.11
443,"Dezembro",440.43
1265,"Janeiro",636.07
1265,"Fevereiro",724.38
1265,"Março",813.11
1265,"Abril",691.72
1265,"Maio",405.92
1265,"Junho",556.43
1265,"Julho",118.88
1265,"Agosto",590.34
1265,"Setembro",821.95
1265,"Outubro",143.19
1265,"Novembro",3.27
1265,"Dezembro",232.27
9015,"Janeiro",401.23
9015,"Fevereiro",180.35
9015,"Março",1301.32
9015,"Abril",1239.18
9015,"Maio",604.82
9015,"Junho",804.42
9015,"Julho",140.39
9015,"Agosto",792.99
9015,"Setembro",316.52
9015,"Outubro",1084.49
9015,"Novembro",696.45
9015,"Dezembro",443.05
4796,"Janeiro",723.78
4796,"Fevereiro",444.45
4796,"Março",181.59
4796,"Abril",644.27
4796,"Maio",90.92
4796,"Junho",850.12
4796,"Julho",630.56
4796,"Agosto",473.22
4796,"Setembro",929.43
4796,"Outubro",875.74
4796,"Novembro",446.2
4796,"Dezembro",235.35
4833,"Janeiro",901.08
4833,"Fevereiro",667.86
4833,"Março",553.75
4833,"Abril",332.72
4833,"Maio",753
4833,"Junho",704.64
4833,"Julho",276.31
4833,"Agosto",825.97
4833,"Setembro",781.92
4833,"Outubro",657.31
4833,"Novembro",1142.03
4833,"Dezembro",158.38
3333,"Janeiro",568.47
3333,"Fevereiro",342.53
3333,"Março",106.05
3333,"Abril",574.26
3333,"Maio",656.08
3333,"Junho",606.63
3333,"Julho",699.69
3333,"Agosto",1192.88
3333,"Setembro",341.58
3333,"Outubro",248.54
3333,"Novembro",197.58
3333,"Dezembro",541.97
8540,"Janeiro",353.11
8540,"Fevereiro",187.45
8540,"Março",10.24
8540,"Abril",757.71
8540,"Maio",393.96
8540,"Junho",339.04
8540,"Julho",666.89
8540,"Agosto",167.61
8540,"Setembro",594.54
8540,"Outubro",596.98
8540,"Novembro",342.01
8540,"Dezembro",441.87
6926,"Janeiro",60.96
6926,"Fevereiro",181.72
6926,"Março",893.49
6926,"Abril",833.52
6926,"Maio",281.13
6926,"Junho",364.94
6926,"Julho",313.71
6926,"Agosto",204.1
6926,"Setembro",219.45
6926,"Outubro",220.5
6926,"Novembro",1021.91
6926,"Dezembro",461.34
8467,"Janeiro",679.25
8467,"Fevereiro",230.5
8467,"Março",442.79
8467,"Abril",140.63
8467,"Maio",86.73
8467,"Junho",840.79
8467,"Julho",462.79
8467,"Agosto",100.99
8467,"Setembro",406.29
8467,"Outubro",620.36
8467,"Novembro",653.65
8467,"Dezembro",182
4717,"Janeiro",838.31
4717,"Fevereiro",287.64
4717,"Março",861.69
4717,"Abril",573.87
4717,"Maio",243.52
4717,"Junho",1093.19
4717,"Julho",328.12
4717,"Agosto",577.11
4717,"Setembro",680
4717,"Outubro",814.24
4717,"Novembro",1360.76
4717,"Dezembro",36.98
8556,"Janeiro",5.34
8556,"Fevereiro",753.85
8556,"Março",313.09
8556,"Abril",1201.66
8556,"Maio",738.68
8556,"Junho",186.27
8556,"Julho",783.12
8556,"Agosto",627.31
8556,"Setembro",1056.3
8556,"Outubro",1068.89
8556,"Novembro",579.09
8556,"Dezembro",999.65
4250,"Janeiro",470.19
4250,"Fevereiro",1133.82
4250,"Março",1305.06
4250,"Abril",91.9
4250,"Maio",591.95
4250,"Junho",335.48
4250,"Julho",456.68
4250,"Agosto",219.97
4250,"Setembro",582.1
4250,"Outubro",655.77
4250,"Novembro",514.35
4250,"Dezembro",477.51
5910,"Janeiro",530.91
5910,"Fevereiro",15.59
5910,"Março",1140.65
5910,"Abril",113.11
5910,"Maio",647.51
5910,"Junho",614.37
5910,"Julho",327.81
5910,"Agosto",531.95
5910,"Setembro",846.74
5910,"Outubro",1289.66
5910,"Novembro",744
5910,"Dezembro",1218.99
6219,"Janeiro",198.54
6219,"Fevereiro",168.94
6219,"Março",250.22
6219,"Abril",175.43
6219,"Maio",849.47
6219,"Junho",1003.51
6219,"Julho",642.51
6219,"Agosto",39.8
6219,"Setembro",552.81
6219,"Outubro",259.05
6219,"Novembro",5.45
6219,"Dezembro",779.88
64,"Janeiro",656.89
64,"Fevereiro",130.58
64,"Março",174.61
64,"Abril",899.57
64,"Maio",1097.39
64,"Junho",769.65
64,"Julho",170.91
64,"Agosto",490.14
64,"Setembro",949.6
64,"Outubro",91.91
64,"Novembro",127.15
64,"Dezembro",297.87
4035,"Janeiro",795.02
4035,"Fevereiro",273.88
4035,"Março",217.95
4035,"Abril",803.08
4035,"Maio",415.66
4035,"Junho",623.3
4035,"Julho",375.73
4035,"Agosto",528.8
4035,"Setembro",345.22
4035,"Outubro",480.58
4035,"Novembro",1316.57
4035,"Dezembro",681.19
1891,"Janeiro",989.03
1891,"Fevereiro",1425.07
1891,"Março",79.03
1891,"Abril",423.31
1891,"Maio",3.24
1891,"Junho",586.73
1891,"Julho",313.54
1891,"Agosto",19.29
1891,"Setembro",173.25
1891,"Outubro",606.35
1891,"Novembro",672.78
1891,"Dezembro",1206.6
5619,"Janeiro",239.35
5619,"Fevereiro",961.23
5619,"Março",1116.25
5619,"Abril",357.67
5619,"Maio",255.22
5619,"Junho",787.56
5619,"Julho",71.85
5619,"Agosto",1046.3
5619,"Setembro",226.51
5619,"Outubro",206.15
5619,"Novembro",87.44
5619,"Dezembro",792.57
8770,"Janeiro",1108.26
8770,"Fevereiro",215.3
8770,"Março",618.26
8770,"Abril",441.99
8770,"Maio",399.81
8770,"Junho",785.7
8770,"Julho",112.89
8770,"Agosto",910.77
8770,"Setembro",838.24
8770,"Outubro",621.86
8770,"Novembro",95.53
8770,"Dezembro",447.23
2299,"Janeiro",9.79
2299,"Fevereiro",156.39
2299,"Março",31.12
2299,"Abril",1336.73
2299,"Maio",1419.79
2299,"Junho",190.39
2299,"Julho",368.91
2299,"Agosto",400.53
2299,"Setembro",1104.29
2299,"Outubro",489.54
2299,"Novembro",772.65
2299,"Dezembro",100.77
9013,"Janeiro",634.63
9013,"Fevereiro",842.93
9013,"Março",493.67
9013,"Abril",475.53
9013,"Maio",407.64
9013,"Junho",352.11
9013,"Julho",81.52
9013,"Agosto",675.11
9013,"Setembro",594.92
9013,"Outubro",904.64
9013,"Novembro",767.69
9013,"Dezembro",665.49
9548,"Janeiro",977.98
9548,"Fevereiro",207.62
9548,"Março",356.12
9548,"Abril",342.69
9548,"Maio",868.39
9548,"Junho",759.78
9548,"Julho",665.4
9548,"Agosto",880.45
9548,"Setembro",688.01
9548,"Outubro",270.96
9548,"Novembro",720.09
9548,"Dezembro",804.57
1318,"Janeiro",602.63
1318,"Fevereiro",699.74
1318,"Março",798.9
1318,"Abril",1083.23
1318,"Maio",241.92
1318,"Junho",895.98
1318,"Julho",576.6
1318,"Agosto",106.18
1318,"Setembro",752.77
1318,"Outubro",910.93
1318,"Novembro",1374.03
1318,"Dezembro",164.02
5199,"Janeiro",236.09
5199,"Fevereiro",1394.31
5199,"Março",343.81
5199,"Abril",548.32
5199,"Maio",1131.49
5199,"Junho",869.29
5199,"Julho",266.09
5199,"Agosto",1124.75
5199,"Setembro",384.93
5199,"Outubro",669.61
5199,"Novembro",740.59
5199,"Dezembro",615.92
525,"Janeiro",295.78
525,"Fevereiro",897.02
525,"Março",939.3
525,"Abril",1063.94
525,"Maio",441.8
525,"Junho",40.14
525,"Julho",269.9
525,"Agosto",391.39
525,"Setembro",632.2
525,"Outubro",71.34
525,"Novembro",4.47
525,"Dezembro",180.38
2881,"Janeiro",266.13
2881,"Fevereiro",324.06
2881,"Março",662.67
2881,"Abril",936.98
2881,"Maio",135.79
2881,"Junho",1012.09
2881,"Julho",1352.23
2881,"Agosto",793.87
2881,"Setembro",1154.51
2881,"Outubro",808.9
2881,"Novembro",175.07
2881,"Dezembro",282.89
7290,"Janeiro",1350.71
7290,"Fevereiro",180.53
7290,"Março",1027.39
7290,"Abril",69.41
7290,"Maio",828.82
7290,"Junho",121.57
7290,"Julho",643.58
7290,"Agosto",144.75
7290,"Setembro",876.05
7290,"Outubro",986.43
7290,"Novembro",953.46
7290,"Dezembro",885.42
4966,"Janeiro",306.02
4966,"Fevereiro",388.7
4966,"Março",830.23
4966,"Abril",119.7
4966,"Maio",653.85
4966,"Junho",202.53
4966,"Julho",783.11
4966,"Agosto",1020.67
4966,"Setembro",96.23
4966,"Outubro",436.08
4966,"Novembro",530.79
4966,"Dezembro",665.24
5498,"Janeiro",61.21
5498,"Fevereiro",408.88
5498,"Março",768.81
5498,"Abril",400.41
5498,"Maio",658.08
5498,"Junho",523.45
5498,"Julho",531.42
5498,"Agosto",193.22
5498,"Setembro",214.59
5498,"Outubro",1120.77
5498,"Novembro",855.71
5498,"Dezembro",484.72
875,"Janeiro",729.8
875,"Fevereiro",224.67
875,"Março",144.5
875,"Abril",240.84
875,"Maio",807
875,"Junho",53.64
875,"Julho",1099.42
875,"Agosto",1012.9
875,"Setembro",913.31
875,"Outubro",343.14
875,"Novembro",277.89
875,"Dezembro",1078.54
4494,"Janeiro",756.16
4494,"Fevereiro",689.71
4494,"Março",719.9
4494,"Abril",914.78
4494,"Maio",786.14
4494,"Junho",913.28
4494,"Julho",556.93
4494,"Agosto",464.66
4494,"Setembro",338.43
4494,"Outubro",411.99
4494,"Novembro",365.99
4494,"Dezembro",403.77
1270,"Janeiro",328.33
1270,"Fevereiro",787
1270,"Março",988.25
1270,"Abril",1425.96
1270,"Maio",1112.23
1270,"Junho",342.94
1270,"Julho",1010.77
1270,"Agosto",774.17
1270,"Setembro",641.23
1270,"Outubro",1164.9
1270,"Novembro",1019.94
1270,"Dezembro",1097.89
6574,"Janeiro",563.39
6574,"Fevereiro",962.18
6574,"Março",988.76
6574,"Abril",793.11
6574,"Maio",462.08
6574,"Junho",724.58
6574,"Julho",273.6
6574,"Agosto",608.35
6574,"Setembro",1158.51
6574,"Outubro",973.79
6574,"Novembro",872.45
6574,"Dezembro",256.21
1865,"Janeiro",36.86
1865,"Fevereiro",102.5
1865,"Março",700.34
1865,"Abril",622.4
1865,"Maio",760.21
1865,"Junho",160.01
1865,"Julho",238.17
1865,"Agosto",105.35
1865,"Setembro",1357.59
1865,"Outubro",640.79
1865,"Novembro",519.95
1865,"Dezembro",674.78
4119,"Janeiro",444.03
4119,"Fevereiro",290.37
4119,"Março",623.83
4119,"Abril",543.86
4119,"Maio",360.95
4119,"Junho",346.47
4119,"Julho",254.74
4119,"Agosto",861.56
4119,"Setembro",861.33
4119,"Outubro",402.65
4119,"Novembro",613.62
4119,"Dezembro",475.39
9423,"Janeiro",684.96
9423,"Fevereiro",1062.55
9423,"Março",708.72
9423,"Abril",1089.93
9423,"Maio",559.1
9423,"Junho",379.15
9423,"Julho",704.39
9423,"Agosto",797.94
9423,"Setembro",245.52
9423,"Outubro",351.55
9423,"Novembro",1193.84
9423,"Dezembro",1117.82
162,"Janeiro",634.11
162,"Fevereiro",273.59
162,"Março",928.36
162,"Abril",1100.09
162,"Maio",801.93
162,"Junho",123.74
162,"Julho",129.9
162,"Agosto",158.47
162,"Setembro",736.42
162,"Outubro",445.77
162,"Novembro",411.14
162,"Dezembro",550.47
8884,"Janeiro",395.32
8884,"Fevereiro",956.42
8884,"Março",463.12
8884,"Abril",869.02
8884,"Maio",665.82
8884,"Junho",693.73
8884,"Julho",413.53
8884,"Agosto",634.84
8884,"Setembro",427.12
8884,"Outubro",364.97
8884,"Novembro",1239.88
8884,"Dezembro",576.19
2621,"Janeiro",350.65
2621,"Fevereiro",363.49
2621,"Março",5.2
2621,"Abril",957.62
2621,"Maio",739.89
2621,"Junho",1004.23
2621,"Julho",1316.99
2621,"Agosto",1112.81
2621,"Setembro",711.75
2621,"Outubro",102.2
2621,"Novembro",701.71
2621,"Dezembro",660.84
4610,"Janeiro",570.05
4610,"Fevereiro",507.39
4610,"Março",805.55
4610,"Abril",284.76
4610,"Maio",968.89
4610,"Junho",828.08
4610,"Julho",773.76
4610,"Agosto",461.06
4610,"Setembro",837.05
4610,"Outubro",861.14
4610,"Novembro",108.88
4610,"Dezembro",825.7
258,"Janeiro",155.76
258,"Fevereiro",373.27
258,"Março",711.02
258,"Abril",32.98
258,"Maio",975.69
258,"Junho",904.75
258,"Julho",722.02
258,"Agosto",684.04
258,"Setembro",1311.29
258,"Outubro",214.02
258,"Novembro",373.46
258,"Dezembro",1093.36
8773,"Janeiro",300.38
8773,"Fevereiro",1057.4
8773,"Março",664.22
8773,"Abril",892.55
8773,"Maio",1013.43
8773,"Junho",756.32
8773,"Julho",598.35
8773,"Agosto",469.94
8773,"Setembro",424.84
8773,"Outubro",33.41
8773,"Novembro",718.36
8773,"Dezembro",137.04
6849,"Janeiro",818.08
6849,"Fevereiro",557.91
6849,"Março",641.51
6849,"Abril",138.91
6849,"Maio",913.88
6849,"Junho",890.97
6849,"Julho",1276.59
6849,"Agosto",899.22
6849,"Setembro",859.72
6849,"Outubro",557.45
6849,"Novembro",61.01
6849,"Dezembro",353.64
6906,"Janeiro",544.43
6906,"Fevereiro",1025.92
6906,"Março",342
6906,"Abril",117.1
6906,"Maio",752.39
6906,"Junho",748.26
6906,"Julho",232
6906,"Agosto",551.33
6906,"Setembro",328.18
6906,"Outubro",906.51
6906,"Novembro",140.73
6906,"Dezembro",379.07
4293,"Janeiro",414.48
4293,"Fevereiro",157.98
4293,"Março",1177.34
4293,"Abril",809.1
4293,"Maio",155.05
4293,"Junho",951.27
4293,"Julho",185.84
4293,"Agosto",462.02
4293,"Setembro",372.17
4293,"Outubro",1097.25
4293,"Novembro",136.33
4293,"Dezembro",985.01
8856,"Janeiro",208.68
8856,"Fevereiro",1126.72
8856,"Março",922.93
8856,"Abril",518.12
8856,"Maio",134.27
8856,"Junho",849.27
8856,"Julho",651.97
8856,"Agosto",483.97
8856,"Setembro",383.96
8856,"Outubro",325.39
8856,"Novembro",561.91
8856,"Dezembro",50.24
5828,"Janeiro",901.17
5828,"Fevereiro",175.28
5828,"Março",1076.41
5828,"Abril",378.3
5828,"Maio",40.36
5828,"Junho",402.93
5828,"Julho",177.48
5828,"Agosto",212.7
5828,"Setembro",426.81
5828,"Outubro",247.43
5828,"Novembro",561.67
5828,"Dezembro",770.82
4201,"Janeiro",640.66
4201,"Fevereiro",90.34
4201,"Março",1424.23
4201,"Abril",174.63
4201,"Maio",1207.92
4201,"Junho",898.66
4201,"Julho",205.33
4201,"Agosto",465.57
4201,"Setembro",229.27
4201,"Outubro",814.08
4201,"Novembro",379.01
4201,"Dezembro",8.19
4596,"Janeiro",1004.42
4596,"Fevereiro",778.27
4596,"Março",698.24
4596,"Abril",722.23
4596,"Maio",625.98
4596,"Junho",108.76
4596,"Julho",108.24
4596,"Agosto",22.8
4596,"Setembro",97.17
4596,"Outubro",543.85
4596,"Novembro",398.16
4596,"Dezembro",156.56
4100,"Janeiro",866.95
4100,"Fevereiro",81.28
4100,"Março",733.31
4100,"Abril",1015.46
4100,"Maio",691.7
4100,"Junho",787.86
4100,"Julho",827.63
4100,"Agosto",964.61
4100,"Setembro",215.22
4100,"Outubro",691.92
4100,"Novembro",399.12
4100,"Dezembro",249.38
4049,"Janeiro",110.52
4049,"Fevereiro",1160.35
4049,"Março",940.77
4049,"Abril",674.05
4049,"Maio",1454.74
4049,"Junho",109.59
4049,"Julho",100.32
4049,"Agosto",1067.6
4049,"Setembro",890.9
4049,"Outubro",985.05
4049,"Novembro",691.4
4049,"Dezembro",322.96
6089,"Janeiro",1222.42
6089,"Fevereiro",396.76
6089,"Março",540.1
6089,"Abril",855.89
6089,"Maio",63.28
6089,"Junho",243.15
6089,"Julho",289.13
6089,"Agosto",209.29
6089,"Setembro",426.53
6089,"Outubro",225.43
6089,"Novembro",82.74
6089,"Dezembro",24.4
5117,"Janeiro",301.99
5117,"Fevereiro",1367.22
5117,"Março",441.91
5117,"Abril",221.75
5117,"Maio",998.29
5117,"Junho",689.79
5117,"Julho",641.59
5117,"Agosto",433.15
5117,"Setembro",291.56
5117,"Outubro",685.3
5117,"Novembro",1033.73
5117,"Dezembro",642.55
9020,"Janeiro",351.93
9020,"Fevereiro",478.42
9020,"Março",438.33
9020,"Abril",812.02
9020,"Maio",428.59
9020,"Junho",50.24
9020,"Julho",1026.99
9020,"Agosto",718.76
9020,"Setembro",957.68
9020,"Outubro",574.41
9020,"Novembro",655.01
9020,"Dezembro",647.48
3727,"Janeiro",577.25
3727,"Fevereiro",598.43
3727,"Março",507.02
3727,"Abril",1227.94
3727,"Maio",545.08
3727,"Junho",827.49
3727,"Julho",817.38
3727,"Agosto",1023.86
3727,"Setembro",612.87
3727,"Outubro",1437.35
3727,"Novembro",243.95
3727,"Dezembro",61.35
2982,"Janeiro",163.2
2982,"Fevereiro",401.92
2982,"Março",189.29
2982,"Abril",809.75
2982,"Maio",488.62
2982,"Junho",374.15
2982,"Julho",646.21
2982,"Agosto",1232.64
2982,"Setembro",184.93
2982,"Outubro",383.94
2982,"Novembro",180.29
2982,"Dezembro",615.76
6676,"Janeiro",1096.73
6676,"Fevereiro",903.98
6676,"Março",563.65
6676,"Abril",170.26
6676,"Maio",104.03
6676,"Junho",712.48
6676,"Julho",1393.8
6676,"Agosto",453.33
6676,"Setembro",472.92
6676,"Outubro",1054.26
6676,"Novembro",1009.6
6676,"Dezembro",925.46
3329,"Janeiro",499.23
3329,"Fevereiro",916.4
3329,"Março",538.26
3329,"Abril",848.04
3329,"Maio",129.23
3329,"Junho",1273.62
3329,"Julho",554.18
3329,"Agosto",340.76
3329,"Setembro",551.77
3329,"Outubro",177.78
3329,"Novembro",218.34
3329,"Dezembro",147.69
6258,"Janeiro",275.83
6258,"Fevereiro",465.78
6258,"Março",940
6258,"Abril",830.42
6258,"Maio",267.97
6258,"Junho",691.41
6258,"Julho",532.91
6258,"Agosto",135.42
6258,"Setembro",202.56
6258,"Outubro",666.5
6258,"Novembro",725.06
6258,"Dezembro",498.68
2149,"Janeiro",622.88
2149,"Fevereiro",26.85
2149,"Março",541.99
2149,"Abril",126.42
2149,"Maio",709.93
2149,"Junho",523.7
2149,"Julho",209.5
2149,"Agosto",703.15
2149,"Setembro",0.71
2149,"Outubro",603.99
2149,"Novembro",974.16
2149,"Dezembro",636.42
6037,"Janeiro",433.46
6037,"Fevereiro",364.46
6037,"Março",1096.52
6037,"Abril",275.96
6037,"Maio",908.87
6037,"Junho",353.14
6037,"Julho",353.05
6037,"Agosto",956.39
6037,"Setembro",1040.4
6037,"Outubro",852.8
6037,"Novembro",1177.99
6037,"Dezembro",615.62
9160,"Janeiro",276.65
9160,"Fevereiro",808.65
9160,"Março",799.02
9160,"Abril",522.8
9160,"Maio",1449.43
9160,"Junho",542.98
9160,"Julho",61.26
9160,"Agosto",743.54
9160,"Setembro",189.5
9160,"Outubro",262.15
9160,"Novembro",762.85
9160,"Dezembro",280.02
4096,"Janeiro",0.73
4096,"Fevereiro",768.42
4096,"Março",798.26
4096,"Abril",855.12
4096,"Maio",1178.39
4096,"Junho",435.36
4096,"Julho",1164.46
4096,"Agosto",887.13
4096,"Setembro",10.45
4096,"Outubro",406.2
4096,"Novembro",657.56
4096,"Dezembro",252.48
3607,"Janeiro",67.03
3607,"Fevereiro",1002.45
3607,"Março",449.94
3607,"Abril",178.02
3607,"Maio",678.64
3607,"Junho",943.03
3607,"Julho",647.54
3607,"Agosto",531.38
3607,"Setembro",950.68
3607,"Outubro",305.93
3607,"Novembro",102.53
3607,"Dezembro",389.95
5686,"Janeiro",1300.64
5686,"Fevereiro",608.73
5686,"Março",161.55
5686,"Abril",1022.4
5686,"Maio",853.89
5686,"Junho",1165.12
5686,"Julho",583.42
5686,"Agosto",137.02
5686,"Setembro",249.3
5686,"Outubro",505.62
5686,"Novembro",553.36
5686,"Dezembro",250.5
7483,"Janeiro",396.21
7483,"Fevereiro",343.79
7483,"Março",659.71
7483,"Abril",266.96
7483,"Maio",215.4
7483,"Junho",372.94
7483,"Julho",1057.51
7483,"Agosto",994.93
7483,"Setembro",127
7483,"Outubro",369
7483,"Novembro",571.44
7483,"Dezembro",459.8
9609,"Janeiro",868.16
9609,"Fevereiro",250.55
9609,"Março",1301.08
9609,"Abril",886.45
9609,"Maio",586.99
9609,"Junho",4.63
9609,"Julho",551.99
9609,"Agosto",14.6
9609,"Setembro",739.43
9609,"Outubro",869.4
9609,"Novembro",314.69
9609,"Dezembro",795.78
2663,"Janeiro",681.94
2663,"Fevereiro",842.99
2663,"Março",90.01
2663,"Abril",765.04
2663,"Maio",1365.02
2663,"Junho",1350.11
2663,"Julho",1094.46
2663,"Agosto",874.34
2663,"Setembro",1066.83
2663,"Outubro",429.15
2663,"Novembro",106.49
2663,"Dezembro",425.72
8186,"Janeiro",704.43
8186,"Fevereiro",539.48
8186,"Março",399.58
8186,"Abril",1481.42
8186,"Maio",242.2
8186,"Junho",291.73
8186,"Julho",596.84
8186,"Agosto",730.36
8186,"Setembro",719.67
8186,"Outubro",21.84
8186,"Novembro",212.1
8186,"Dezembro",123.22
862,"Janeiro",518.01
862,"Fevereiro",435.67
862,"Março",327.64
862,"Abril",1044.75
862,"Maio",63.39
862,"Junho",977.18
862,"Julho",307.55
862,"Agosto",205.45
862,"Setembro",774.8
862,"Outubro",1313.17
862,"Novembro",595.62
862,"Dezembro",873.5
1398,"Janeiro",906.16
1398,"Fevereiro",1376.73
1398,"Março",815.88
1398,"Abril",861.44
1398,"Maio",852.13
1398,"Junho",588.99
1398,"Julho",967.32
1398,"Agosto",530.32
1398,"Setembro",585.26
1398,"Outubro",828.67
1398,"Novembro",979.27
1398,"Dezembro",7.3
8034,"Janeiro",153.41
8034,"Fevereiro",1068.98
8034,"Março",581.32
8034,"Abril",30.43
8034,"Maio",679.86
8034,"Junho",960.33
8034,"Julho",795.95
8034,"Agosto",358.2
8034,"Setembro",315.41
8034,"Outubro",1119.16
8034,"Novembro",448.08
8034,"Dezembro",917.52
8164,"Janeiro",41.07
8164,"Fevereiro",102.49
8164,"Março",112.39
8164,"Abril",421.1
8164,"Maio",1186.95
8164,"Junho",94.13
8164,"Julho",165.32
8164,"Agosto",470.48
8164,"Setembro",207.73
8164,"Outubro",1293.98
8164,"Novembro",432.97
8164,"Dezembro",449.52
3445,"Janeiro",58.52
3445,"Fevereiro",313.63
3445,"Março",1104.67
3445,"Abril",1290.22
3445,"Maio",306.47
3445,"Junho",701.22
3445,"Julho",1228.08
3445,"Agosto",453.26
3445,"Setembro",893.75
3445,"Outubro",967.7
3445,"Novembro",1232.75
3445,"Dezembro",564.8
290,"Janeiro",1323.56
290,"Fevereiro",447.02
290,"Março",566.5
290,"Abril",603.5
290,"Maio",754.73
290,"Junho",1396.15
290,"Julho",65.52
290,"Agosto",355.82
290,"Setembro",738.49
290,"Outubro",1142.69
290,"Novembro",314.9
290,"Dezembro",857.55
2648,"Janeiro",1045.27
2648,"Fevereiro",963.82
2648,"Março",17.18
2648,"Abril",67.25
2648,"Maio",1312.71
2648,"Junho",799.85
2648,"Julho",133.19
2648,"Agosto",112.21
2648,"Setembro",1159.24
2648,"Outubro",41.85
2648,"Novembro",935.68
2648,"Dezembro",1353.34
2935,"Janeiro",76.85
2935,"Fevereiro",632.65
2935,"Março",649.96
2935,"Abril",1036.78
2935,"Maio",900.4
2935,"Junho",520.58
2935,"Julho",354.41
2935,"Agosto",224.79
2935,"Setembro",240.06
2935,"Outubro",578.54
2935,"Novembro",324.09
2935,"Dezembro",1046.01
8453,"Janeiro",644.32
8453,"Fevereiro",571.8
8453,"Março",109.09
8453,"Abril",587
8453,"Maio",47.4
8453,"Junho",983.95
8453,"Julho",825.02
8453,"Agosto",322.08
8453,"Setembro",728.4
8453,"Outubro",449.36
8453,"Novembro",317.86
8453,"Dezembro",1263.75
6592,"Janeiro",926.87
6592,"Fevereiro",792.37
6592,"Março",509.3
6592,"Abril",82.33
6592,"Maio",875.07
6592,"Junho",608.07
6592,"Julho",142.49
6592,"Agosto",912.72
6592,"Setembro",865.47
6592,"Outubro",773.36
6592,"Novembro",453.52
6592,"Dezembro",1383.89
4778,"Janeiro",1026.06
4778,"Fevereiro",672.7
4778,"Março",1353.66
4778,"Abril",1009.01
4778,"Maio",472.86
4778,"Junho",553.41
4778,"Julho",137.55
4778,"Agosto",205.35
4778,"Setembro",339.42
4778,"Outubro",637.88
4778,"Novembro",548.53
4778,"Dezembro",848.42
3271,"Janeiro",219.04
3271,"Fevereiro",629.46
3271,"Março",832.39
3271,"Abril",171.11
3271,"Maio",607.19
3271,"Junho",260.98
3271,"Julho",867.46
3271,"Agosto",1077.89
3271,"Setembro",419.33
3271,"Outubro",420.71
3271,"Novembro",81.04
3271,"Dezembro",342.76
8314,"Janeiro",883.36
8314,"Fevereiro",412.47
8314,"Março",361.57
8314,"Abril",686.67
8314,"Maio",152.81
8314,"Junho",1099.57
8314,"Julho",667.88
8314,"Agosto",261.64
8314,"Setembro",950.75
8314,"Outubro",675.64
8314,"Novembro",44.37
8314,"Dezembro",353.42
9086,"Janeiro",1377.72
9086,"Fevereiro",325.3
9086,"Março",248.21
9086,"Abril",470.93
9086,"Maio",304.65
9086,"Junho",225.08
9086,"Julho",1547.7
9086,"Agosto",269.48
9086,"Setembro",951.73
9086,"Outubro",1140.04
9086,"Novembro",154.38
9086,"Dezembro",633.66
7855,"Janeiro",382.34
7855,"Fevereiro",829.84
7855,"Março",1313.66
7855,"Abril",553.06
7855,"Maio",608.77
7855,"Junho",124.34
7855,"Julho",1325.38
7855,"Agosto",1040.18
7855,"Setembro",435.26
7855,"Outubro",1010.94
7855,"Novembro",389.44
7855,"Dezembro",1167.19
2555,"Janeiro",349.68
2555,"Fevereiro",860.48
2555,"Março",82.75
2555,"Abril",866.07
2555,"Maio",927.82
2555,"Junho",61.33
2555,"Julho",631.22
2555,"Agosto",719.42
2555,"Setembro",305.67
2555,"Outubro",27.44
2555,"Novembro",94.24
2555,"Dezembro",240.15
7964,"Janeiro",112.45
7964,"Fevereiro",275.11
7964,"Março",776.92
7964,"Abril",229.74
7964,"Maio",985.03
7964,"Junho",978.85
7964,"Julho",433.72
7964,"Agosto",663.05
7964,"Setembro",556.22
7964,"Outubro",763.13
7964,"Novembro",644.52
7964,"Dezembro",175.02
1790,"Janeiro",977.16
1790,"Fevereiro",810.54
1790,"Março",30.37
1790,"Abril",29.33
1790,"Maio",423.17
1790,"Junho",591.72
1790,"Julho",673.11
1790,"Agosto",743.38
1790,"Setembro",590.65
1790,"Outubro",409.88
1790,"Novembro",614.28
1790,"Dezembro",256.44
6644,"Janeiro",421.28
6644,"Fevereiro",387.01
6644,"Março",786.95
6644,"Abril",909.75
6644,"Maio",710.77
6644,"Junho",758.55
6644,"Julho",887.28
6644,"Agosto",292.77
6644,"Setembro",1281.4
6644,"Outubro",645.56
6644,"Novembro",843.35
6644,"Dezembro",668.34
7144,"Janeiro",259.99
7144,"Fevereiro",440.37
7144,"Março",68.39
7144,"Abril",331.11
7144,"Maio",687.72
7144,"Junho",936.66
7144,"Julho",710.17
7144,"Agosto",481.05
7144,"Setembro",163.21
7144,"Outubro",248.98
7144,"Novembro",716.1
7144,"Dezembro",691.78
8601,"Janeiro",977.1
8601,"Fevereiro",64.15
8601,"Março",296.93
8601,"Abril",330.56
8601,"Maio",202.58
8601,"Junho",368.62
8601,"Julho",952.15
8601,"Agosto",139.2
8601,"Setembro",173.29
8601,"Outubro",641.61
8601,"Novembro",65.15
8601,"Dezembro",97.23
35,"Janeiro",1085.91
35,"Fevereiro",1250.32
35,"Março",688.49
35,"Abril",33.16
35,"Maio",153.74
35,"Junho",434.94
35,"Julho",750.5
35,"Agosto",1113.07
35,"Setembro",173.22
35,"Outubro",1127.73
35,"Novembro",1536.44
35,"Dezembro",908.68
5465,"Janeiro",768.2
5465,"Fevereiro",502.3
5465,"Março",624.83
5465,"Abril",312.25
5465,"Maio",243.25
5465,"Junho",313.54
5465,"Julho",1416.46
5465,"Agosto",111.06
5465,"Setembro",429.24
5465,"Outubro",232.21
5465,"Novembro",622.78
5465,"Dezembro",405.83
4298,"Janeiro",630.05
4298,"Fevereiro",170.97
4298,"Março",1218.88
4298,"Abril",744.41
4298,"Maio",123.14
4298,"Junho",52.76
4298,"Julho",617.19
4298,"Agosto",532.91
4298,"Setembro",1193.05
4298,"Outubro",2.52
4298,"Novembro",1131.36
4298,"Dezembro",898.07
6403,"Janeiro",608.95
6403,"Fevereiro",269.95
6403,"Março",240.65
6403,"Abril",859.84
6403,"Maio",459.47
6403,"Junho",1184.13
6403,"Julho",537.95
6403,"Agosto",286.64
6403,"Setembro",982.79
6403,"Outubro",542.75
6403,"Novembro",1097.99
6403,"Dezembro",240.46
3302,"Janeiro",1055.55
3302,"Fevereiro",419.5
3302,"Março",43.26
3302,"Abril",416.56
3302,"Maio",83.29
3302,"Junho",327.45
3302,"Julho",1230.83
3302,"Agosto",578.83
3302,"Setembro",614.22
3302,"Outubro",518.75
3302,"Novembro",70.88
3302,"Dezembro",422.51
7186,"Janeiro",7.47
7186,"Fevereiro",26.07
7186,"Março",297.88
7186,"Abril",352.53
7186,"Maio",545.14
7186,"Junho",301.11
7186,"Julho",1202.78
7186,"Agosto",1110.5
7186,"Setembro",78.29
7186,"Outubro",857.6
7186,"Novembro",611.16
7186,"Dezembro",900
567,"Janeiro",1461.6
567,"Fevereiro",1168.64
567,"Março",983.66
567,"Abril",1174.23
567,"Maio",233.53
567,"Junho",484.22
567,"Julho",668.15
567,"Agosto",331.85
567,"Setembro",1285.12
567,"Outubro",321.27
567,"Novembro",1365.08
567,"Dezembro",129.58
8481,"Janeiro",947.49
8481,"Fevereiro",466.19
8481,"Março",636.74
8481,"Abril",119.16
8481,"Maio",1234.7
8481,"Junho",783.3
8481,"Julho",273.51
8481,"Agosto",616.97
8481,"Setembro",40.03
8481,"Outubro",940.56
8481,"Novembro",8.18
8481,"Dezembro",382.09
611,"Janeiro",867.74
611,"Fevereiro",283.5
611,"Março",93.69
611,"Abril",989.69
611,"Maio",388.97
611,"Junho",545.87
611,"Julho",10.79
611,"Agosto",453
611,"Setembro",388.87
611,"Outubro",14.35
611,"Novembro",175.51
611,"Dezembro",403.25
6002,"Janeiro",803.62
6002,"Fevereiro",881.77
6002,"Março",907.44
6002,"Abril",1016.36
6002,"Maio",1067.44
6002,"Junho",1270.77
6002,"Julho",492.44
6002,"Agosto",21.9
6002,"Setembro",208.36
6002,"Outubro",717.77
6002,"Novembro",1327.75
6002,"Dezembro",1199.97
5521,"Janeiro",1069.59
5521,"Fevereiro",1175.5
5521,"Março",241.38
5521,"Abril",154.94
5521,"Maio",159.23
5521,"Junho",337.26
5521,"Julho",638.37
5521,"Agosto",745.26
5521,"Setembro",458.29
5521,"Outubro",509.78
5521,"Novembro",104.91
5521,"Dezembro",762.65
482,"Janeiro",76.36
482,"Fevereiro",453.85
482,"Março",868.59
482,"Abril",932.92
482,"Maio",845.77
482,"Junho",765.29
482,"Julho",160.22
482,"Agosto",646.43
482,"Setembro",560.26
482,"Outubro",675.16
482,"Novembro",880.96
482,"Dezembro",672.91
9465,"Janeiro",495.16
9465,"Fevereiro",680.63
9465,"Março",121.07
9465,"Abril",858.38
9465,"Maio",522.19
9465,"Junho",961.73
9465,"Julho",944.11
9465,"Agosto",455.12
9465,"Setembro",817.81
9465,"Outubro",563.03
9465,"Novembro",351.65
9465,"Dezembro",758.87
3736,"Janeiro",1091.04
3736,"Fevereiro",278.55
3736,"Março",1063.16
3736,"Abril",881.64
3736,"Maio",73.57
3736,"Junho",839.2
3736,"Julho",38.57
3736,"Agosto",53.38
3736,"Setembro",418.58
3736,"Outubro",202.99
3736,"Novembro",295.34
3736,"Dezembro",401.11
6762,"Janeiro",1284.48
6762,"Fevereiro",1016.12
6762,"Março",569.32
6762,"Abril",998.34
6762,"Maio",644.01
6762,"Junho",561.24
6762,"Julho",80.43
6762,"Agosto",308.22
6762,"Setembro",766.29
6762,"Outubro",809.17
6762,"Novembro",42.71
6762,"Dezembro",659.26
5232,"Janeiro",511.23
5232,"Fevereiro",276.09
5232,"Março",498.14
5232,"Abril",32.49
5232,"Maio",809.8
5232,"Junho",576.19
5232,"Julho",175.79
5232,"Agosto",965.35
5232,"Setembro",220.89
5232,"Outubro",284.86
5232,"Novembro",486.78
5232,"Dezembro",594.02
8491,"Janeiro",113.05
8491,"Fevereiro",421.67
8491,"Março",1208.62
8491,"Abril",488.04
8491,"Maio",567.87
8491,"Junho",876.8
8491,"Julho",26.81
8491,"Agosto",528.13
8491,"Setembro",42.95
8491,"Outubro",336.61
8491,"Novembro",250.35
8491,"Dezembro",1493.14
1334,"Janeiro",312.72
1334,"Fevereiro",365.43
1334,"Março",438.26
1334,"Abril",825.82
1334,"Maio",718.87
1334,"Junho",518.05
1334,"Julho",160.44
1334,"Agosto",49.1
1334,"Setembro",438.49
1334,"Outubro",210.24
1334,"Novembro",739.67
1334,"Dezembro",973.35
1860,"Janeiro",163.83
1860,"Fevereiro",26.49
1860,"Março",7.95
1860,"Abril",1225.57
1860,"Maio",733.24
1860,"Junho",247.94
1860,"Julho",501.17
1860,"Agosto",138.82
1860,"Setembro",591.56
1860,"Outubro",682.52
1860,"Novembro",1024.82
1860,"Dezembro",1045.19
48,"Janeiro",43.8
48,"Fevereiro",307.12
48,"Março",370.31
48,"Abril",873.43
48,"Maio",1270.38
48,"Junho",604.66
48,"Julho",222.05
48,"Agosto",1304.22
48,"Setembro",764.99
48,"Outubro",566.74
48,"Novembro",91.67
48,"Dezembro",1327.93
507,"Janeiro",22.27
507,"Fevereiro",998.63
507,"Março",89.56
507,"Abril",439.63
507,"Maio",867.26
507,"Junho",1062.75
507,"Julho",355.54
507,"Agosto",529.3
507,"Setembro",870.01
507,"Outubro",906.78
507,"Novembro",233.95
507,"Dezembro",454.85
7625,"Janeiro",471.92
7625,"Fevereiro",661.72
7625,"Março",456.92
7625,"Abril",1252.72
7625,"Maio",323.5
7625,"Junho",306.9
7625,"Julho",226.43
7625,"Agosto",375.49
7625,"Setembro",351.9
7625,"Outubro",75.11
7625,"Novembro",323.49
7625,"Dezembro",827.76
6758,"Janeiro",942.48
6758,"Fevereiro",877.81
6758,"Março",1076.54
6758,"Abril",435.46
6758,"Maio",542.34
6758,"Junho",157.12
6758,"Julho",287.11
6758,"Agosto",466.26
6758,"Setembro",136.59
6758,"Outubro",166.1
6758,"Novembro",117.73
6758,"Dezembro",952.45
1039,"Janeiro",1214.26
1039,"Fevereiro",106.49
1039,"Março",13.27
1039,"Abril",717.59
1039,"Maio",28.13
1039,"Junho",329.47
1039,"Julho",43.47
1039,"Agosto",456.09
1039,"Setembro",843.06
1039,"Outubro",691.33
1039,"Novembro",166.07
1039,"Dezembro",901.79
7298,"Janeiro",759.23
7298,"Fevereiro",884.8
7298,"Março",823.5
7298,"Abril",100.51
7298,"Maio",635.17
7298,"Junho",913.18
7298,"Julho",1295.29
7298,"Agosto",226.45
7298,"Setembro",145.24
7298,"Outubro",558.24
7298,"Novembro",728.96
7298,"Dezembro",940.15
4391,"Janeiro",64.48
4391,"Fevereiro",640.2
4391,"Março",212.11
4391,"Abril",606.02
4391,"Maio",769.81
4391,"Junho",452.47
4391,"Julho",641.5
4391,"Agosto",470.62
4391,"Setembro",350.22
4391,"Outubro",395.67
4391,"Novembro",716.86
4391,"Dezembro",730.97
1972,"Janeiro",512.68
1972,"Fevereiro",740.08
1972,"Março",344.69
1972,"Abril",423.22
1972,"Maio",505.89
1972,"Junho",490.91
1972,"Julho",209.79
1972,"Agosto",388.78
1972,"Setembro",749.73
1972,"Outubro",64.51
1972,"Novembro",12.69
1972,"Dezembro",1210.52
6503,"Janeiro",622.47
6503,"Fevereiro",62.12
6503,"Março",855.12
6503,"Abril",828.55
6503,"Maio",208.62
6503,"Junho",366.92
6503,"Julho",1025.8
6503,"Agosto",1115.14
6503,"Setembro",201.99
6503,"Outubro",1038.04
6503,"Novembro",1330.97
6503,"Dezembro",300.11
6336,"Janeiro",525.33
6336,"Fevereiro",974.94
6336,"Março",17.78
6336,"Abril",386.22
6336,"Maio",1063.4
6336,"Junho",460.18
6336,"Julho",302.07
6336,"Agosto",560.96
6336,"Setembro",516.71
6336,"Outubro",659.03
6336,"Novembro",580.35
6336,"Dezembro",204.46
598,"Janeiro",296
598,"Fevereiro",426.22
598,"Março",468.11
598,"Abril",428.56
598,"Maio",32.8
598,"Junho",963.37
598,"Julho",604.2
598,"Agosto",1300.19
598,"Setembro",1074.43
598,"Outubro",881.53
598,"Novembro",50.31
598,"Dezembro",581.06
9089,"Janeiro",315.73
9089,"Fevereiro",876.71
9089,"Março",955.56
9089,"Abril",1179.55
9089,"Maio",184.42
9089,"Junho",171.46
9089,"Julho",353.1
9089,"Agosto",20.95
9089,"Setembro",1204.75
9089,"Outubro",1470.2
9089,"Novembro",279.52
9089,"Dezembro",535.05
352,"Janeiro",125.26
352,"Fevereiro",1112.97
352,"Março",703.98
352,"Abril",333.86
352,"Maio",323.2
352,"Junho",983.09
352,"Julho",774.56
352,"Agosto",677.02
352,"Setembro",908.04
352,"Outubro",681.61
352,"Novembro",562.94
352,"Dezembro",1001.85
9305,"Janeiro",427.03
9305,"Fevereiro",113.12
9305,"Março",495.75
9305,"Abril",869.11
9305,"Maio",118.17
9305,"Junho",553.71
9305,"Julho",566.13
9305,"Agosto",938.44
9305,"Setembro",199.36
9305,"Outubro",130.8
9305,"Novembro",740.85
9305,"Dezembro",314.82
4495,"Janeiro",653.45
4495,"Fevereiro",1022.64
4495,"Março",1272.21
4495,"Abril",836.95
4495,"Maio",282
4495,"Junho",65.96
4495,"Julho",660.78
4495,"Agosto",272.23
4495,"Setembro",1107.92
4495,"Outubro",292.13
4495,"Novembro",779.92
4495,"Dezembro",176.74
2494,"Janeiro",534.09
2494,"Fevereiro",822.46
2494,"Março",97.22
2494,"Abril",984.69
2494,"Maio",471.17
2494,"Junho",104.69
2494,"Julho",444.91
2494,"Agosto",1208.29
2494,"Setembro",250.14
2494,"Outubro",285.17
2494,"Novembro",639.12
2494,"Dezembro",260.8
1503,"Janeiro",1174.08
1503,"Fevereiro",1389.14
1503,"Março",250.65
1503,"Abril",1011.51
1503,"Maio",339.04
1503,"Junho",622.38
1503,"Julho",525.51
1503,"Agosto",1037.16
1503,"Setembro",440.52
1503,"Outubro",655.3
1503,"Novembro",979.18
1503,"Dezembro",58.05
5236,"Janeiro",771.43
5236,"Fevereiro",536.58
5236,"Março",192.12
5236,"Abril",149.92
5236,"Maio",365.01
5236,"Junho",89.48
5236,"Julho",676.64
5236,"Agosto",364.86
5236,"Setembro",853.88
5236,"Outubro",561.33
5236,"Novembro",339.31
5236,"Dezembro",379.14
3668,"Janeiro",559.59
3668,"Fevereiro",782.63
3668,"Março",665.59
3668,"Abril",1141.65
3668,"Maio",1243.03
3668,"Junho",98.31
3668,"Julho",775.45
3668,"Agosto",216.82
3668,"Setembro",220.82
3668,"Outubro",394.47
3668,"Novembro",631.08
3668,"Dezembro",163.4
1234,"Janeiro",775.87
1234,"Fevereiro",930.86
1234,"Março",882.99
1234,"Abril",1209.95
1234,"Maio",1162.84
1234,"Junho",1419.93
1234,"Julho",434.18
1234,"Agosto",550.07
1234,"Setembro",856.68
1234,"Outubro",454.48
1234,"Novembro",1253.19
1234,"Dezembro",259.71
4011,"Janeiro",827.22
4011,"Fevereiro",127.18
4011,"Março",258
4011,"Abril",4.22
4011,"Maio",1174.58
4011,"Junho",191.22
4011,"Julho",66.67
4011,"Agosto",517.61
4011,"Setembro",483.74
4011,"Outubro",1153.5
4011,"Novembro",1232.8
4011,"Dezembro",722.49
6826,"Janeiro",1428.58
6826,"Fevereiro",629.46
6826,"Março",289.19
6826,"Abril",424.12
6826,"Maio",744.04
6826,"Junho",695.13
6826,"Julho",793.47
6826,"Agosto",127.54
6826,"Setembro",242.35
6826,"Outubro",492.33
6826,"Novembro",1065.52
6826,"Dezembro",785.46
28,"Janeiro",757.69
28,"Fevereiro",945.51
28,"Março",1173.95
28,"Abril",905.06
28,"Maio",1146.02
28,"Junho",472.43
28,"Julho",555.63
28,"Agosto",211.51
28,"Setembro",872.85
28,"Outubro",369.95
28,"Novembro",1102.34
28,"Dezembro",80.24
3747,"Janeiro",887.61
3747,"Fevereiro",1250.3
3747,"Março",454.75
3747,"Abril",261.03
3747,"Maio",410.27
3747,"Junho",399.14
3747,"Julho",265.81
3747,"Agosto",1003.94
3747,"Setembro",657.96
3747,"Outubro",94.97
3747,"Novembro",1034.08
3747,"Dezembro",36.92
3812,"Janeiro",466.34
3812,"Fevereiro",92.07
3812,"Março",1165.98
3812,"Abril",551.06
3812,"Maio",554.67
3812,"Junho",466.23
3812,"Julho",669.2
3812,"Agosto",89.92
3812,"Setembro",1338.94
3812,"Outubro",222.57
3812,"Novembro",261.3
3812,"Dezembro",1154.96
5211,"Janeiro",291.3
5211,"Fevereiro",230.32
5211,"Março",455.71
5211,"Abril",179.59
5211,"Maio",719.37
5211,"Junho",526.46
5211,"Julho",465.23
5211,"Agosto",727.87
5211,"Setembro",99.94
5211,"Outubro",1290.23
5211,"Novembro",922.29
5211,"Dezembro",467.69
3768,"Janeiro",709.36
3768,"Fevereiro",749.66
3768,"Março",474.42
3768,"Abril",586.22
3768,"Maio",641.39
3768,"Junho",860.91
3768,"Julho",851.44
3768,"Agosto",420.87
3768,"Setembro",390.37
3768,"Outubro",670.45
3768,"Novembro",344.24
3768,"Dezembro",806.94
5740,"Janeiro",581.82
5740,"Fevereiro",901
5740,"Março",1352.79
5740,"Abril",21.17
5740,"Maio",787.17
5740,"Junho",35.06
5740,"Julho",629.74
5740,"Agosto",269.99
5740,"Setembro",1180.15
5740,"Outubro",784.84
5740,"Novembro",740.81
5740,"Dezembro",785.03
6850,"Janeiro",81.92
6850,"Fevereiro",319.49
6850,"Março",335.98
6850,"Abril",328.92
6850,"Maio",11.53
6850,"Junho",754.65
6850,"Julho",1409.28
6850,"Agosto",925.19
6850,"Setembro",734.19
6850,"Outubro",238.43
6850,"Novembro",80.14
6850,"Dezembro",779.77
2762,"Janeiro",307.27
2762,"Fevereiro",283
2762,"Março",451.99
2762,"Abril",623.76
2762,"Maio",80.06
2762,"Junho",733.47
2762,"Julho",1385.82
2762,"Agosto",705.76
2762,"Setembro",1068.86
2762,"Outubro",1322.18
2762,"Novembro",116.61
2762,"Dezembro",1.25
484,"Janeiro",847.54
484,"Fevereiro",1268.52
484,"Março",1196.82
484,"Abril",651.93
484,"Maio",241.96
484,"Junho",513.15
484,"Julho",307.12
484,"Agosto",658.19
484,"Setembro",550.37
484,"Outubro",1079.81
484,"Novembro",28.35
484,"Dezembro",607.26
1923,"Janeiro",996.02
1923,"Fevereiro",1377.85
1923,"Março",487.66
1923,"Abril",647.31
1923,"Maio",1188.97
1923,"Junho",815.8
1923,"Julho",346.98
1923,"Agosto",961.66
1923,"Setembro",526.33
1923,"Outubro",197.17
1923,"Novembro",581.75
1923,"Dezembro",794.28
9615,"Janeiro",206.27
9615,"Fevereiro",816.48
9615,"Março",283.58
9615,"Abril",177.17
9615,"Maio",327.35
9615,"Junho",1028.57
9615,"Julho",303.56
9615,"Agosto",1138.57
9615,"Setembro",1424.67
9615,"Outubro",218.85
9615,"Novembro",884.82
9615,"Dezembro",299.33
7032,"Janeiro",330.31
7032,"Fevereiro",324.29
7032,"Março",484.47
7032,"Abril",529.87
7032,"Maio",709.19
7032,"Junho",104.76
7032,"Julho",644.44
7032,"Agosto",297.83
7032,"Setembro",804.85
7032,"Outubro",970.35
7032,"Novembro",929.81
7032,"Dezembro",595.28
4767,"Janeiro",1108.75
4767,"Fevereiro",720
4767,"Março",607.94
4767,"Abril",171.57
4767,"Maio",231.11
4767,"Junho",639
4767,"Julho",657.42
4767,"Agosto",155.66
4767,"Setembro",657.2
4767,"Outubro",905.53
4767,"Novembro",691.27
4767,"Dezembro",174.34
1055,"Janeiro",213.54
1055,"Fevereiro",1212.17
1055,"Março",521.37
1055,"Abril",1080.35
1055,"Maio",542.92
1055,"Junho",750.54
1055,"Julho",579.46
1055,"Agosto",432.13
1055,"Setembro",573.94
1055,"Outubro",415.72
1055,"Novembro",1098.89
1055,"Dezembro",282.96
3380,"Janeiro",289.52
3380,"Fevereiro",283.87
3380,"Março",241.88
3380,"Abril",175.01
3380,"Maio",88.17
3380,"Junho",638.42
3380,"Julho",494.45
3380,"Agosto",355.46
3380,"Setembro",321.62
3380,"Outubro",810.27
3380,"Novembro",705.21
3380,"Dezembro",1188.54
6184,"Janeiro",96.29
6184,"Fevereiro",400.38
6184,"Março",179.53
6184,"Abril",625.45
6184,"Maio",1177.23
6184,"Junho",326.86
6184,"Julho",613.81
6184,"Agosto",463.21
6184,"Setembro",954.77
6184,"Outubro",1117.71
6184,"Novembro",1106.8
6184,"Dezembro",653
683,"Janeiro",63.36
683,"Fevereiro",1006.27
683,"Março",1019.39
683,"Abril",48.13
683,"Maio",275.73
683,"Junho",390.52
683,"Julho",269.8
683,"Agosto",3.76
683,"Setembro",474.1
683,"Outubro",1032.61
683,"Novembro",1254.47
683,"Dezembro",1054.02
6649,"Janeiro",376.21
6649,"Fevereiro",773.19
6649,"Março",1294.98
6649,"Abril",262.19
6649,"Maio",160.96
6649,"Junho",205.74
6649,"Julho",1181.17
6649,"Agosto",864.06
6649,"Setembro",547.33
6649,"Outubro",187.57
6649,"Novembro",825.67
6649,"Dezembro",653.07
5358,"Janeiro",1287.73
5358,"Fevereiro",525.33
5358,"Março",371.36
5358,"Abril",328.28
5358,"Maio",332.31
5358,"Junho",252.18
5358,"Julho",936.56
5358,"Agosto",702.23
5358,"Setembro",637.32
5358,"Outubro",1040.13
5358,"Novembro",271.6
5358,"Dezembro",689.99
402,"Janeiro",696.1
402,"Fevereiro",650.64
402,"Março",436.52
402,"Abril",733.29
402,"Maio",364.1
402,"Junho",103.86
402,"Julho",1050.82
402,"Agosto",301.61
402,"Setembro",1060.88
402,"Outubro",809.42
402,"Novembro",182.11
402,"Dezembro",291.86
5588,"Janeiro",613.46
5588,"Fevereiro",212.57
5588,"Março",1003.11
5588,"Abril",700.3
5588,"Maio",337.97
5588,"Junho",358.39
5588,"Julho",1257.02
5588,"Agosto",45.24
5588,"Setembro",955.2
5588,"Outubro",78.19
5588,"Novembro",804.96
5588,"Dezembro",311.97
5176,"Janeiro",179.14
5176,"Fevereiro",891.42
5176,"Março",621.3
5176,"Abril",230.94
5176,"Maio",76.52
5176,"Junho",724.17
5176,"Julho",401.97
5176,"Agosto",1036.17
5176,"Setembro",527.72
5176,"Outubro",394.45
5176,"Novembro",235.43
5176,"Dezembro",535.59
2113,"Janeiro",1474.84
2113,"Fevereiro",1377.4
2113,"Março",1026.55
2113,"Abril",256.91
2113,"Maio",565.03
2113,"Junho",952.81
2113,"Julho",931.94
2113,"Agosto",1040.54
2113,"Setembro",519.15
2113,"Outubro",718.16
2113,"Novembro",133.23
2113,"Dezembro",880.69
7402,"Janeiro",554.13
7402,"Fevereiro",859.93
7402,"Março",736.46
7402,"Abril",1187.59
7402,"Maio",216.95
7402,"Junho",358.05
7402,"Julho",92.68
7402,"Agosto",1282.78
7402,"Setembro",196.59
7402,"Outubro",502.26
7402,"Novembro",976.89
7402,"Dezembro",616.11
6548,"Janeiro",386.87
6548,"Fevereiro",562.07
6548,"Março",139.22
6548,"Abril",51.89
6548,"Maio",701.86
6548,"Junho",745.48
6548,"Julho",1330.94
6548,"Agosto",1321.22
6548,"Setembro",770.12
6548,"Outubro",1087.14
6548,"Novembro",594.15
6548,"Dezembro",364.04
6782,"Janeiro",312.51
6782,"Fevereiro",487.56
6782,"Março",460.82
6782,"Abril",547.65
6782,"Maio",38.95
6782,"Junho",769.45
6782,"Julho",946.23
6782,"Agosto",489.25
6782,"Setembro",891.69
6782,"Outubro",84.51
6782,"Novembro",857.92
6782,"Dezembro",414.25
9578,"Janeiro",515.33
9578,"Fevereiro",1113.29
9578,"Março",1174.97
9578,"Abril",870.71
9578,"Maio",889.65
9578,"Junho",143.31
9578,"Julho",439.89
9578,"Agosto",306.22
9578,"Setembro",540.49
9578,"Outubro",806.08
9578,"Novembro",180.63
9578,"Dezembro",723.03
2873,"Janeiro",320.53
2873,"Fevereiro",752.7
2873,"Março",649.03
2873,"Abril",409.73
2873,"Maio",675.15
2873,"Junho",840.01
2873,"Julho",420.45
2873,"Agosto",40.58
2873,"Setembro",940.56
2873,"Outubro",433.32
2873,"Novembro",459.24
2873,"Dezembro",1120.43
8052,"Janeiro",1219.07
8052,"Fevereiro",685.6
8052,"Março",530.56
8052,"Abril",1487.14
8052,"Maio",659.02
8052,"Junho",432.94
8052,"Julho",455.11
8052,"Agosto",871.71
8052,"Setembro",1089.44
8052,"Outubro",38.12
8052,"Novembro",993.19
8052,"Dezembro",184.46
3895,"Janeiro",823.31
3895,"Fevereiro",417.68
3895,"Março",345.76
3895,"Abril",525.11
3895,"Maio",924.99
3895,"Junho",226.11
3895,"Julho",967.4
3895,"Agosto",1171.29
3895,"Setembro",926.28
3895,"Outubro",460.14
3895,"Novembro",496.26
3895,"Dezembro",227.51
655,"Janeiro",767.01
655,"Fevereiro",915.27
655,"Março",74.62
655,"Abril",967.01
655,"Maio",300.51
655,"Junho",65.98
655,"Julho",874.21
655,"Agosto",375.04
655,"Setembro",1298.79
655,"Outubro",764.66
655,"Novembro",692.01
655,"Dezembro",142.77
522,"Janeiro",140.93
522,"Fevereiro",672.53
522,"Março",410.41
522,"Abril",814.6
522,"Maio",270.65
522,"Junho",1312.87
522,"Julho",679.49
522,"Agosto",1096.35
522,"Setembro",601.14
522,"Outubro",35.8
522,"Novembro",1180.65
522,"Dezembro",551.25
1872,"Janeiro",1197.13
1872,"Fevereiro",132.88
1872,"Março",331.26
1872,"Abril",559.37
1872,"Maio",304.08
1872,"Junho",431.55
1872,"Julho",713.32
1872,"Agosto",1375.63
1872,"Setembro",559.34
1872,"Outubro",447.33
1872,"Novembro",552.23
1872,"Dezembro",49.85
7599,"Janeiro",320.16
7599,"Fevereiro",1237.21
7599,"Março",439.72
7599,"Abril",677.26
7599,"Maio",203.52
7599,"Junho",852.69
7599,"Julho",641.96
7599,"Agosto",604.47
7599,"Setembro",232.14
7599,"Outubro",703.69
7599,"Novembro",374.94
7599,"Dezembro",905.4
2187,"Janeiro",1155.64
2187,"Fevereiro",666.67
2187,"Março",179.69
2187,"Abril",1137.67
2187,"Maio",168.81
2187,"Junho",4.65
2187,"Julho",530.29
2187,"Agosto",759.72
2187,"Setembro",1274.12
2187,"Outubro",64.74
2187,"Novembro",1031.06
2187,"Dezembro",436.24
3293,"Janeiro",180.23
3293,"Fevereiro",545.22
3293,"Março",793.67
3293,"Abril",97.36
3293,"Maio",1433.08
3293,"Junho",298.04
3293,"Julho",38.02
3293,"Agosto",195.17
3293,"Setembro",96.2
3293,"Outubro",119.36
3293,"Novembro",453.23
3293,"Dezembro",492.51
1963,"Janeiro",651.73
1963,"Fevereiro",266.81
1963,"Março",416.6
1963,"Abril",194.67
1963,"Maio",405.19
1963,"Junho",523.82
1963,"Julho",211.07
1963,"Agosto",779.16
1963,"Setembro",503.56
1963,"Outubro",557.13
1963,"Novembro",459.38
1963,"Dezembro",588.31
1413,"Janeiro",862.75
1413,"Fevereiro",620.51
1413,"Março",902.27
1413,"Abril",1146.11
1413,"Maio",786.96
1413,"Junho",982.73
1413,"Julho",531.1
1413,"Agosto",573.19
1413,"Setembro",975.49
1413,"Outubro",203.63
1413,"Novembro",149.33
1413,"Dezembro",355.34
4733,"Janeiro",905.49
4733,"Fevereiro",903.23
4733,"Março",1207.73
4733,"Abril",797.12
4733,"Maio",16.48
4733,"Junho",184.25
4733,"Julho",95.16
4733,"Agosto",302.93
4733,"Setembro",407.22
4733,"Outubro",1161.76
4733,"Novembro",761.96
4733,"Dezembro",355.74
4080,"Janeiro",36.45
4080,"Fevereiro",1014.49
4080,"Março",232.01
4080,"Abril",140.99
4080,"Maio",351.07
4080,"Junho",1.97
4080,"Julho",775.49
4080,"Agosto",127.84
4080,"Setembro",1287.87
4080,"Outubro",130.14
4080,"Novembro",351.81
4080,"Dezembro",875.07
4410,"Janeiro",18.48
4410,"Fevereiro",654.19
4410,"Março",916.89
4410,"Abril",483.5
4410,"Maio",650.61
4410,"Junho",301.1
4410,"Julho",374.79
4410,"Agosto",23.07
4410,"Setembro",669.26
4410,"Outubro",107.55
4410,"Novembro",497.85
4410,"Dezembro",318.42
4926,"Janeiro",872.86
4926,"Fevereiro",474.88
4926,"Março",1109.84
4926,"Abril",167.75
4926,"Maio",553.28
4926,"Junho",647.06
4926,"Julho",910.78
4926,"Agosto",408.92
4926,"Setembro",540.8
4926,"Outubro",615.12
4926,"Novembro",714.41
4926,"Dezembro",859.5
8590,"Janeiro",300.24
8590,"Fevereiro",485.19
8590,"Março",617.84
8590,"Abril",577.8
8590,"Maio",689.97
8590,"Junho",1146.29
8590,"Julho",1195.95
8590,"Agosto",298.96
8590,"Setembro",907.01
8590,"Outubro",544.75
8590,"Novembro",303.72
8590,"Dezembro",213.14
7224,"Janeiro",830.68
7224,"Fevereiro",913.22
7224,"Março",575.43
7224,"Abril",102.78
7224,"Maio",58.75
7224,"Junho",1028.83
7224,"Julho",140.34
7224,"Agosto",525.58
7224,"Setembro",203.7
7224,"Outubro",16.94
7224,"Novembro",409.03
7224,"Dezembro",644.09
1519,"Janeiro",121.37
1519,"Fevereiro",474.44
1519,"Março",417.97
1519,"Abril",276.92
1519,"Maio",561.81
1519,"Junho",791.25
1519,"Julho",321.02
1519,"Agosto",122.6
1519,"Setembro",853.76
1519,"Outubro",464
1519,"Novembro",880.82
1519,"Dezembro",790.71
6612,"Janeiro",250.67
6612,"Fevereiro",768.8
6612,"Março",158.42
6612,"Abril",790.29
6612,"Maio",915.32
6612,"Junho",1072.23
6612,"Julho",1058.07
6612,"Agosto",670.04
6612,"Setembro",535.57
6612,"Outubro",491.25
6612,"Novembro",291.61
6612,"Dezembro",218.17
8706,"Janeiro",364.71
8706,"Fevereiro",1436.29
8706,"Março",269.79
8706,"Abril",946.77
8706,"Maio",46.1
8706,"Junho",567.56
8706,"Julho",1111.06
8706,"Agosto",616.46
8706,"Setembro",115.52
8706,"Outubro",178.51
8706,"Novembro",261.7
8706,"Dezembro",1025.02
1530,"Janeiro",495.95
1530,"Fevereiro",480.26
1530,"Março",638.54
1530,"Abril",349.04
1530,"Maio",844.8
1530,"Junho",641.11
1530,"Julho",660.17
1530,"Agosto",48.47
1530,"Setembro",123.4
1530,"Outubro",566.41
1530,"Novembro",682.07
1530,"Dezembro",783.13
9262,"Janeiro",706.91
9262,"Fevereiro",988.74
9262,"Março",372.53
9262,"Abril",422.15
9262,"Maio",82.27
9262,"Junho",838.66
9262,"Julho",924.15
9262,"Agosto",776.72
9262,"Setembro",853.01
9262,"Outubro",508.15
9262,"Novembro",683.61
9262,"Dezembro",1020.47
4811,"Janeiro",821.64
4811,"Fevereiro",8.46
4811,"Março",1003.93
4811,"Abril",153.98
4811,"Maio",984.98
4811,"Junho",541.22
4811,"Julho",222.2
4811,"Agosto",365.43
4811,"Setembro",632.38
4811,"Outubro",1453.02
4811,"Novembro",361.41
4811,"Dezembro",924.37
1,"Janeiro",235.42
1,"Fevereiro",337.59
1,"Março",635.08
1,"Abril",456.19
1,"Maio",1068.4
1,"Junho",874.15
1,"Julho",419.29
1,"Agosto",617.3
1,"Setembro",344.93
1,"Outubro",909.73
1,"Novembro",699.71
1,"Dezembro",111.68
9940,"Janeiro",696.94
9940,"Fevereiro",205.84
9940,"Março",940.39
9940,"Abril",1139.87
9940,"Maio",185.93
9940,"Junho",514.85
9940,"Julho",305.1
9940,"Agosto",14.69
9940,"Setembro",694.05
9940,"Outubro",841.32
9940,"Novembro",284.99
9940,"Dezembro",558.92
6640,"Janeiro",302.06
6640,"Fevereiro",244.94
6640,"Março",340.1
6640,"Abril",739.04
6640,"Maio",421.6
6640,"Junho",1020.04
6640,"Julho",121.42
6640,"Agosto",267.51
6640,"Setembro",320.08
6640,"Outubro",1312.95
6640,"Novembro",261.79
6640,"Dezembro",447.41
5167,"Janeiro",883.45
5167,"Fevereiro",662.7
5167,"Março",1349.91
5167,"Abril",746.34
5167,"Maio",458.22
5167,"Junho",692.35
5167,"Julho",580.81
5167,"Agosto",168.43
5167,"Setembro",992.88
5167,"Outubro",1083.22
5167,"Novembro",511.84
5167,"Dezembro",1192.03
1672,"Janeiro",630.69
1672,"Fevereiro",788.41
1672,"Março",151.69
1672,"Abril",23.29
1672,"Maio",2.68
1672,"Junho",396.26
1672,"Julho",545.53
1672,"Agosto",628.47
1672,"Setembro",1010.25
1672,"Outubro",469.77
1672,"Novembro",570.53
1672,"Dezembro",800.35
7549,"Janeiro",717.41
7549,"Fevereiro",826.62
7549,"Março",158.8
7549,"Abril",175.21
7549,"Maio",52.92
7549,"Junho",465.98
7549,"Julho",483.04
7549,"Agosto",463.89
7549,"Setembro",633.43
7549,"Outubro",507.91
7549,"Novembro",1128.25
7549,"Dezembro",541.44
4779,"Janeiro",1435.1
4779,"Fevereiro",735.98
4779,"Março",382.54
4779,"Abril",37.1
4779,"Maio",361.8
4779,"Junho",186.82
4779,"Julho",595.05
4779,"Agosto",967.45
4779,"Setembro",565.91
4779,"Outubro",609.84
4779,"Novembro",392.05
4779,"Dezembro",974.03
8932,"Janeiro",201.99
8932,"Fevereiro",1119.96
8932,"Março",1001.11
8932,"Abril",343.7
8932,"Maio",340.11
8932,"Junho",957.71
8932,"Julho",1255.28
8932,"Agosto",719.17
8932,"Setembro",841.02
8932,"Outubro",93.28
8932,"Novembro",91.99
8932,"Dezembro",490.7
3352,"Janeiro",1248.15
3352,"Fevereiro",90.71
3352,"Março",247.18
3352,"Abril",173.76
3352,"Maio",541.61
3352,"Junho",1086
3352,"Julho",876.34
3352,"Agosto",190.16
3352,"Setembro",98.72
3352,"Outubro",394.35
3352,"Novembro",72.02
3352,"Dezembro",1262.56
6457,"Janeiro",1440.81
6457,"Fevereiro",599.79
6457,"Março",42.95
6457,"Abril",383.63
6457,"Maio",802.81
6457,"Junho",313.73
6457,"Julho",109.82
6457,"Agosto",1053.74
6457,"Setembro",809.55
6457,"Outubro",364.95
6457,"Novembro",1005.34
6457,"Dezembro",1212.48
2752,"Janeiro",502.61
2752,"Fevereiro",1016.49
2752,"Março",597.46
2752,"Abril",998.69
2752,"Maio",1068.95
2752,"Junho",106.45
2752,"Julho",909.47
2752,"Agosto",969.77
2752,"Setembro",1229
2752,"Outubro",519.55
2752,"Novembro",540.07
2752,"Dezembro",308.33
6083,"Janeiro",870
6083,"Fevereiro",570.37
6083,"Março",548.6
6083,"Abril",989.62
6083,"Maio",321.5
6083,"Junho",41.91
6083,"Julho",78.86
6083,"Agosto",507.11
6083,"Setembro",334.32
6083,"Outubro",368.3
6083,"Novembro",654.85
6083,"Dezembro",275.66
8139,"Janeiro",67.97
8139,"Fevereiro",568.3
8139,"Março",1057.38
8139,"Abril",1305.2
8139,"Maio",595.11
8139,"Junho",839.13
8139,"Julho",1041.58
8139,"Agosto",343.72
8139,"Setembro",1223.08
8139,"Outubro",867.14
8139,"Novembro",4.12
8139,"Dezembro",1150.35
2587,"Janeiro",360.04
2587,"Fevereiro",807.31
2587,"Março",142.73
2587,"Abril",912.83
2587,"Maio",176.97
2587,"Junho",984.84
2587,"Julho",189.77
2587,"Agosto",515.96
2587,"Setembro",327.9
2587,"Outubro",584.46
2587,"Novembro",138.01
2587,"Dezembro",749.73
4870,"Janeiro",403.83
4870,"Fevereiro",161.31
4870,"Março",85.82
4870,"Abril",232.16
4870,"Maio",323.76
4870,"Junho",373.86
4870,"Julho",23.34
4870,"Agosto",608.02
4870,"Setembro",311.72
4870,"Outubro",883.64
4870,"Novembro",209.93
4870,"Dezembro",102.88
3682,"Janeiro",229.11
3682,"Fevereiro",233.21
3682,"Março",441.86
3682,"Abril",171.96
3682,"Maio",323.72
3682,"Junho",433.19
3682,"Julho",59.81
3682,"Agosto",389.73
3682,"Setembro",1037.78
3682,"Outubro",111.84
3682,"Novembro",305.48
3682,"Dezembro",318.98
8043,"Janeiro",1051.9
8043,"Fevereiro",1025.42
8043,"Março",678.48
8043,"Abril",815.53
8043,"Maio",671.49
8043,"Junho",179.34
8043,"Julho",44.41
8043,"Agosto",313.25
8043,"Setembro",876.54
8043,"Outubro",543.79
8043,"Novembro",731.98
8043,"Dezembro",211.63
2143,"Janeiro",20.91
2143,"Fevereiro",666.43
2143,"Março",394.79
2143,"Abril",1090.67
2143,"Maio",659.26
2143,"Junho",370.79
2143,"Julho",517.9
2143,"Agosto",604.41
2143,"Setembro",614.53
2143,"Outubro",214.93
2143,"Novembro",1019
2143,"Dezembro",983.01
4617,"Janeiro",251.1
4617,"Fevereiro",35.39
4617,"Março",181.31
4617,"Abril",125.58
4617,"Maio",671.28
4617,"Junho",794.88
4617,"Julho",158.84
4617,"Agosto",955.73
4617,"Setembro",132.59
4617,"Outubro",757.59
4617,"Novembro",815.62
4617,"Dezembro",608.72
8936,"Janeiro",1116.92
8936,"Fevereiro",359.41
8936,"Março",1199.83
8936,"Abril",567.42
8936,"Maio",41.68
8936,"Junho",74.63
8936,"Julho",817.5
8936,"Agosto",46.67
8936,"Setembro",438.15
8936,"Outubro",67.67
8936,"Novembro",449.23
8936,"Dezembro",799.36
2844,"Janeiro",398.28
2844,"Fevereiro",303.43
2844,"Março",885.21
2844,"Abril",341.76
2844,"Maio",177.68
2844,"Junho",1054.77
2844,"Julho",1164.1
2844,"Agosto",201.1
2844,"Setembro",740.2
2844,"Outubro",1251.62
2844,"Novembro",210.25
2844,"Dezembro",558.24
1198,"Janeiro",896.98
1198,"Fevereiro",938.13
1198,"Março",107.4
1198,"Abril",731.2
1198,"Maio",280.58
1198,"Junho",603.5
1198,"Julho",802.05
1198,"Agosto",701.69
1198,"Setembro",930.53
1198,"Outubro",1335.86
1198,"Novembro",204.35
1198,"Dezembro",1013.09
8716,"Janeiro",282.79
8716,"Fevereiro",747.99
8716,"Março",949.94
8716,"Abril",517.66
8716,"Maio",1052.59
8716,"Junho",143.56
8716,"Julho",1077.69
8716,"Agosto",635.84
8716,"Setembro",945.99
8716,"Outubro",769.79
8716,"Novembro",437.89
8716,"Dezembro",451.82
8230,"Janeiro",215.03
8230,"Fevereiro",113.76
8230,"Março",684.74
8230,"Abril",411.27
8230,"Maio",478.64
8230,"Junho",604.7
8230,"Julho",576.02
8230,"Agosto",1108.07
8230,"Setembro",731.9
8230,"Outubro",586.25
8230,"Novembro",270.23
8230,"Dezembro",222.8
5131,"Janeiro",569.05
5131,"Fevereiro",313.82
5131,"Março",1297.69
5131,"Abril",47.11
5131,"Maio",884.36
5131,"Junho",703.3
5131,"Julho",680.47
5131,"Agosto",461.49
5131,"Setembro",205.09
5131,"Outubro",774.48
5131,"Novembro",315.67
5131,"Dezembro",402.55
9389,"Janeiro",786.36
9389,"Fevereiro",81.19
9389,"Março",89.84
9389,"Abril",1264.48
9389,"Maio",262.68
9389,"Junho",1062.15
9389,"Julho",1159.04
9389,"Agosto",743.93
9389,"Setembro",516.1
9389,"Outubro",1256.51
9389,"Novembro",1183.8
9389,"Dezembro",1459.79
9706,"Janeiro",422.62
9706,"Fevereiro",621.86
9706,"Março",628.17
9706,"Abril",77.24
9706,"Maio",757.04
9706,"Junho",819.07
9706,"Julho",1024.01
9706,"Agosto",5.13
9706,"Setembro",28.82
9706,"Outubro",630.84
9706,"Novembro",566.18
9706,"Dezembro",293.76
4616,"Janeiro",628.6
4616,"Fevereiro",660.42
4616,"Março",900.03
4616,"Abril",725.29
4616,"Maio",1386.33
4616,"Junho",200.31
4616,"Julho",712.22
4616,"Agosto",1039.06
4616,"Setembro",324.47
4616,"Outubro",1225.05
4616,"Novembro",1113.32
4616,"Dezembro",341.09
252,"Janeiro",1238.76
252,"Fevereiro",870.51
252,"Março",1035.32
252,"Abril",9.47
252,"Maio",501.95
252,"Junho",639.31
252,"Julho",685.63
252,"Agosto",298.16
252,"Setembro",110.74
252,"Outubro",370.7
252,"Novembro",478.17
252,"Dezembro",724.58
88,"Janeiro",427.29
88,"Fevereiro",961.78
88,"Março",63.22
88,"Abril",1160
88,"Maio",164.01
88,"Junho",429.85
88,"Julho",498.17
88,"Agosto",661.66
88,"Setembro",949.24
88,"Outubro",471.27
88,"Novembro",444.77
88,"Dezembro",1286.09
9407,"Janeiro",233.54
9407,"Fevereiro",693.69
9407,"Março",309.45
9407,"Abril",63.1
9407,"Maio",745.61
9407,"Junho",76.35
9407,"Julho",510.17
9407,"Agosto",1078.25
9407,"Setembro",546.18
9407,"Outubro",300.15
9407,"Novembro",608
9407,"Dezembro",891.04
4874,"Janeiro",869.59
4874,"Fevereiro",32.75
4874,"Março",820.75
4874,"Abril",879.24
4874,"Maio",149.57
4874,"Junho",359.85
4874,"Julho",621.2
4874,"Agosto",262.43
4874,"Setembro",246.09
4874,"Outubro",1023.67
4874,"Novembro",558.09
4874,"Dezembro",797.56
5369,"Janeiro",449.02
5369,"Fevereiro",896.71
5369,"Março",874.45
5369,"Abril",62.16
5369,"Maio",512.49
5369,"Junho",374.97
5369,"Julho",306.43
5369,"Agosto",990.91
5369,"Setembro",1079.55
5369,"Outubro",465.34
5369,"Novembro",101.83
5369,"Dezembro",12.04
4095,"Janeiro",313.07
4095,"Fevereiro",1015.85
4095,"Março",405.47
4095,"Abril",25.17
4095,"Maio",352.42
4095,"Junho",162.87
4095,"Julho",454.36
4095,"Agosto",1208.04
4095,"Setembro",786.8
4095,"Outubro",313.03
4095,"Novembro",1168.32
4095,"Dezembro",267.55
1508,"Janeiro",595.58
1508,"Fevereiro",1326.73
1508,"Março",999.71
1508,"Abril",531.36
1508,"Maio",736.35
1508,"Junho",750.81
1508,"Julho",1134.66
1508,"Agosto",609.75
1508,"Setembro",599.59
1508,"Outubro",895.25
1508,"Novembro",57.05
1508,"Dezembro",688.5
5638,"Janeiro",762.44
5638,"Fevereiro",1065.39
5638,"Março",657.16
5638,"Abril",1383.25
5638,"Maio",210.17
5638,"Junho",918.34
5638,"Julho",673.17
5638,"Agosto",996.91
5638,"Setembro",41.56
5638,"Outubro",695.43
5638,"Novembro",513.34
5638,"Dezembro",148.72
2418,"Janeiro",745.65
2418,"Fevereiro",1131.35
2418,"Março",664.25
2418,"Abril",448.44
2418,"Maio",104.27
2418,"Junho",383.98
2418,"Julho",893.94
2418,"Agosto",665.72
2418,"Setembro",1161.59
2418,"Outubro",631.31
2418,"Novembro",791.24
2418,"Dezembro",203.19
4482,"Janeiro",811.76
4482,"Fevereiro",580.33
4482,"Março",269.89
4482,"Abril",789.98
4482,"Maio",186.92
4482,"Junho",307.08
4482,"Julho",110.01
4482,"Agosto",929.11
4482,"Setembro",463.66
4482,"Outubro",774.98
4482,"Novembro",959.62
4482,"Dezembro",1229.01
4196,"Janeiro",1106.88
4196,"Fevereiro",913.4
4196,"Março",586.45
4196,"Abril",188.99
4196,"Maio",642.5
4196,"Junho",840.46
4196,"Julho",232
4196,"Agosto",599.73
4196,"Setembro",249.95
4196,"Outubro",831.88
4196,"Novembro",229.02
4196,"Dezembro",363.96
5781,"Janeiro",966.01
5781,"Fevereiro",722.19
5781,"Março",44.53
5781,"Abril",1125.99
5781,"Maio",1331.63
5781,"Junho",1484.59
5781,"Julho",896.87
5781,"Agosto",869.24
5781,"Setembro",129.89
5781,"Outubro",572.23
5781,"Novembro",749.95
5781,"Dezembro",1370.04
7505,"Janeiro",458.1
7505,"Fevereiro",780.53
7505,"Março",9.16
7505,"Abril",81.51
7505,"Maio",753.28
7505,"Junho",910.96
7505,"Julho",950.88
7505,"Agosto",1214.72
7505,"Setembro",839.4
7505,"Outubro",221.92
7505,"Novembro",913.69
7505,"Dezembro",808.78
7340,"Janeiro",515.88
7340,"Fevereiro",380.08
7340,"Março",739.79
7340,"Abril",652.04
7340,"Maio",1223.62
7340,"Junho",931.16
7340,"Julho",127.67
7340,"Agosto",83
7340,"Setembro",781.17
7340,"Outubro",474.26
7340,"Novembro",425.87
7340,"Dezembro",24.52
4582,"Janeiro",99.75
4582,"Fevereiro",48.5
4582,"Março",164.02
4582,"Abril",1177.65
4582,"Maio",427.93
4582,"Junho",433.28
4582,"Julho",637.19
4582,"Agosto",126.42
4582,"Setembro",549.86
4582,"Outubro",160.97
4582,"Novembro",592.99
4582,"Dezembro",349.25
4272,"Janeiro",352.59
4272,"Fevereiro",1176.8
4272,"Março",644.89
4272,"Abril",604.52
4272,"Maio",760.45
4272,"Junho",289.27
4272,"Julho",1355.29
4272,"Agosto",1059.35
4272,"Setembro",865.99
4272,"Outubro",529.31
4272,"Novembro",190.09
4272,"Dezembro",769.69
6396,"Janeiro",427.56
6396,"Fevereiro",213.51
6396,"Março",460.72
6396,"Abril",573.91
6396,"Maio",475.55
6396,"Junho",838.46
6396,"Julho",1047.66
6396,"Agosto",771.02
6396,"Setembro",40.25
6396,"Outubro",218.43
6396,"Novembro",216.08
6396,"Dezembro",432.59
8817,"Janeiro",507.71
8817,"Fevereiro",834.12
8817,"Março",387.13
8817,"Abril",1019.91
8817,"Maio",389.45
8817,"Junho",87.31
8817,"Julho",505.5
8817,"Agosto",365.69
8817,"Setembro",271.69
8817,"Outubro",1355.13
8817,"Novembro",828.85
8817,"Dezembro",504.18
3021,"Janeiro",526.02
3021,"Fevereiro",83.63
3021,"Março",278.49
3021,"Abril",513.17
3021,"Maio",184.18
3021,"Junho",1200.81
3021,"Julho",845.75
3021,"Agosto",718.4
3021,"Setembro",787.01
3021,"Outubro",921.22
3021,"Novembro",1195.5
3021,"Dezembro",788.2
871,"Janeiro",807.37
871,"Fevereiro",689.93
871,"Março",463.62
871,"Abril",959.67
871,"Maio",1064.61
871,"Junho",656.56
871,"Julho",1314.16
871,"Agosto",25.22
871,"Setembro",150.85
871,"Outubro",956.25
871,"Novembro",756.95
871,"Dezembro",789.72
5741,"Janeiro",110.23
5741,"Fevereiro",108.35
5741,"Março",454.03
5741,"Abril",307.76
5741,"Maio",388.16
5741,"Junho",629.47
5741,"Julho",187.55
5741,"Agosto",45.47
5741,"Setembro",192.72
5741,"Outubro",703.19
5741,"Novembro",879.92
5741,"Dezembro",57.33
9628,"Janeiro",38.36
9628,"Fevereiro",340.87
9628,"Março",196.3
9628,"Abril",324.45
9628,"Maio",374.48
9628,"Junho",94.04
9628,"Julho",935.68
9628,"Agosto",944.52
9628,"Setembro",615.68
9628,"Outubro",1190.83
9628,"Novembro",872.77
9628,"Dezembro",1091.99
9712,"Janeiro",421.8
9712,"Fevereiro",803.69
9712,"Março",246.13
9712,"Abril",818.64
9712,"Maio",44.7
9712,"Junho",170.43
9712,"Julho",823.41
9712,"Agosto",109.58
9712,"Setembro",474.88
9712,"Outubro",1088.41
9712,"Novembro",775.25
9712,"Dezembro",538.2
2649,"Janeiro",274.37
2649,"Fevereiro",167.71
2649,"Março",1111.96
2649,"Abril",1021.85
2649,"Maio",742.85
2649,"Junho",535.92
2649,"Julho",611.28
2649,"Agosto",547.18
2649,"Setembro",498.56
2649,"Outubro",39.31
2649,"Novembro",690.99
2649,"Dezembro",710.64
521,"Janeiro",192.33
521,"Fevereiro",224.22
521,"Março",231.74
521,"Abril",92.42
521,"Maio",74.91
521,"Junho",1081.63
521,"Julho",218.85
521,"Agosto",926.13
521,"Setembro",931.28
521,"Outubro",1344.74
521,"Novembro",230.51
521,"Dezembro",850.41
5894,"Janeiro",942.73
5894,"Fevereiro",147.89
5894,"Março",742.87
5894,"Abril",950
5894,"Maio",576
5894,"Junho",291.31
5894,"Julho",396.73
5894,"Agosto",23.1
5894,"Setembro",744.06
5894,"Outubro",860.42
5894,"Novembro",483.11
5894,"Dezembro",1149.02
8665,"Janeiro",539.54
8665,"Fevereiro",489.12
8665,"Março",1233.1
8665,"Abril",259.41
8665,"Maio",587.62
8665,"Junho",556.46
8665,"Julho",341.97
8665,"Agosto",122.44
8665,"Setembro",637.7
8665,"Outubro",437
8665,"Novembro",462.28
8665,"Dezembro",459.8
2573,"Janeiro",405.53
2573,"Fevereiro",160.53
2573,"Março",340.76
2573,"Abril",444.51
2573,"Maio",952.19
2573,"Junho",427.28
2573,"Julho",489.46
2573,"Agosto",401.23
2573,"Setembro",296.12
2573,"Outubro",1011.34
2573,"Novembro",1061.24
2573,"Dezembro",672.63
7921,"Janeiro",495.97
7921,"Fevereiro",79.05
7921,"Março",650.73
7921,"Abril",86.32
7921,"Maio",164.66
7921,"Junho",319.91
7921,"Julho",740.34
7921,"Agosto",596.51
7921,"Setembro",408.49
7921,"Outubro",629.71
7921,"Novembro",66.43
7921,"Dezembro",314.7
6901,"Janeiro",33.15
6901,"Fevereiro",946.85
6901,"Março",599.28
6901,"Abril",70.82
6901,"Maio",357.73
6901,"Junho",516.23
6901,"Julho",449.43
6901,"Agosto",833.81
6901,"Setembro",544.55
6901,"Outubro",440.78
6901,"Novembro",1007.96
6901,"Dezembro",600.31
5139,"Janeiro",704.88
5139,"Fevereiro",446.28
5139,"Março",162.83
5139,"Abril",727.49
5139,"Maio",423.43
5139,"Junho",141.81
5139,"Julho",672.6
5139,"Agosto",95.91
5139,"Setembro",427.56
5139,"Outubro",551.09
5139,"Novembro",76.79
5139,"Dezembro",1207
9680,"Janeiro",973.52
9680,"Fevereiro",905.72
9680,"Março",473.94
9680,"Abril",15.25
9680,"Maio",1073.95
9680,"Junho",1114.84
9680,"Julho",453.35
9680,"Agosto",670.9
9680,"Setembro",467.55
9680,"Outubro",752.24
9680,"Novembro",916.01
9680,"Dezembro",725.04
7307,"Janeiro",84.58
7307,"Fevereiro",272.54
7307,"Março",1169.1
7307,"Abril",710.97
7307,"Maio",1061.14
7307,"Junho",530.94
7307,"Julho",389.27
7307,"Agosto",196.45
7307,"Setembro",739.9
7307,"Outubro",186.19
7307,"Novembro",1004.48
7307,"Dezembro",158.52
7958,"Janeiro",540.51
7958,"Fevereiro",692.09
7958,"Março",882.06
7958,"Abril",516.12
7958,"Maio",833.62
7958,"Junho",1083.92
7958,"Julho",592.07
7958,"Agosto",167.92
7958,"Setembro",942.45
7958,"Outubro",650.79
7958,"Novembro",62.96
7958,"Dezembro",1157.44
8871,"Janeiro",364.81
8871,"Fevereiro",668.62
8871,"Março",919.61
8871,"Abril",336.02
8871,"Maio",962.77
8871,"Junho",91.99
8871,"Julho",1076.39
8871,"Agosto",248.63
8871,"Setembro",51.19
8871,"Outubro",725.48
8871,"Novembro",29.57
8871,"Dezembro",917.03
9999,"Janeiro",204.41
9999,"Fevereiro",83.99
9999,"Março",1235.22
9999,"Abril",160.68
9999,"Maio",76.13
9999,"Junho",45.29
9999,"Julho",293.52
9999,"Agosto",910.58
9999,"Setembro",1006.66
9999,"Outubro",99.04
9999,"Novembro",236.85
9999,"Dezembro",733.82
5855,"Janeiro",480.02
5855,"Fevereiro",219.94
5855,"Março",66.9
5855,"Abril",1216.47
5855,"Maio",741.97
5855,"Junho",1042.54
5855,"Julho",899.48
5855,"Agosto",37.69
5855,"Setembro",661.95
5855,"Outubro",649.82
5855,"Novembro",370.95
5855,"Dezembro",1118.11
9390,"Janeiro",346.51
9390,"Fevereiro",364.35
9390,"Março",783.34
9390,"Abril",71.83
9390,"Maio",6.46
9390,"Junho",508.38
9390,"Julho",897.39
9390,"Agosto",59.9
9390,"Setembro",95.02
9390,"Outubro",595.33
9390,"Novembro",543.71
9390,"Dezembro",350.15
4390,"Janeiro",628.84
4390,"Fevereiro",545.1
4390,"Março",998.89
4390,"Abril",1129.08
4390,"Maio",129.7
4390,"Junho",988.94
4390,"Julho",974.58
4390,"Agosto",1171.91
4390,"Setembro",477.48
4390,"Outubro",89.21
4390,"Novembro",212.88
4390,"Dezembro",150.04
7729,"Janeiro",1008.73
7729,"Fevereiro",388.79
7729,"Março",188.91
7729,"Abril",166.5
7729,"Maio",681.75
7729,"Junho",193.85
7729,"Julho",545.26
7729,"Agosto",695.73
7729,"Setembro",738.38
7729,"Outubro",782.24
7729,"Novembro",152.79
7729,"Dezembro",1093.86
4625,"Janeiro",1476.36
4625,"Fevereiro",966.08
4625,"Março",1117.76
4625,"Abril",799.45
4625,"Maio",436.38
4625,"Junho",754.73
4625,"Julho",450.8
4625,"Agosto",770.04
4625,"Setembro",509.51
4625,"Outubro",436.67
4625,"Novembro",569
4625,"Dezembro",1063.18
9451,"Janeiro",771.53
9451,"Fevereiro",21.03
9451,"Março",623.1
9451,"Abril",170.31
9451,"Maio",635.27
9451,"Junho",695.9
9451,"Julho",6.54
9451,"Agosto",472.97
9451,"Setembro",607.05
9451,"Outubro",955.08
9451,"Novembro",319.46
9451,"Dezembro",713.5
8269,"Janeiro",938.32
8269,"Fevereiro",305.09
8269,"Março",851.22
8269,"Abril",1010.15
8269,"Maio",865.29
8269,"Junho",664.45
8269,"Julho",548.83
8269,"Agosto",1260.29
8269,"Setembro",217.65
8269,"Outubro",280.56
8269,"Novembro",956.82
8269,"Dezembro",243.31
1906,"Janeiro",867.86
1906,"Fevereiro",467.11
1906,"Março",536.53
1906,"Abril",248.47
1906,"Maio",928.66
1906,"Junho",401.04
1906,"Julho",481.31
1906,"Agosto",326.41
1906,"Setembro",346.93
1906,"Outubro",326.22
1906,"Novembro",752.75
1906,"Dezembro",222.73
1821,"Janeiro",786.85
1821,"Fevereiro",629.53
1821,"Março",958.04
1821,"Abril",439.99
1821,"Maio",432.23
1821,"Junho",513.3
1821,"Julho",1461.78
1821,"Agosto",164.87
1821,"Setembro",470.89
1821,"Outubro",873.41
1821,"Novembro",900.09
1821,"Dezembro",128.5
393,"Janeiro",600.87
393,"Fevereiro",866.91
393,"Março",956.22
393,"Abril",155.51
393,"Maio",740.18
393,"Junho",662.97
393,"Julho",285.72
393,"Agosto",42.12
393,"Setembro",1126.84
393,"Outubro",990.46
393,"Novembro",818.25
393,"Dezembro",1006.35
4074,"Janeiro",113.21
4074,"Fevereiro",1097.76
4074,"Março",1107.46
4074,"Abril",496.75
4074,"Maio",802.82
4074,"Junho",327.82
4074,"Julho",710.69
4074,"Agosto",653.94
4074,"Setembro",771.87
4074,"Outubro",1157.18
4074,"Novembro",917.56
4074,"Dezembro",79.64
3142,"Janeiro",379.25
3142,"Fevereiro",128.27
3142,"Março",342.19
3142,"Abril",48.07
3142,"Maio",738.38
3142,"Junho",1056.04
3142,"Julho",746.21
3142,"Agosto",643.26
3142,"Setembro",420.1
3142,"Outubro",238.97
3142,"Novembro",86.09
3142,"Dezembro",695.98
9564,"Janeiro",215.02
9564,"Fevereiro",633.91
9564,"Março",806.61
9564,"Abril",766.91
9564,"Maio",550.54
9564,"Junho",558.17
9564,"Julho",713.77
9564,"Agosto",524.79
9564,"Setembro",434.41
9564,"Outubro",256.87
9564,"Novembro",572.47
9564,"Dezembro",111.94
1606,"Janeiro",463.42
1606,"Fevereiro",563.53
1606,"Março",835.17
1606,"Abril",616.46
1606,"Maio",995.39
1606,"Junho",44.84
1606,"Julho",758.16
1606,"Agosto",628.96
1606,"Setembro",1214.53
1606,"Outubro",626.57
1606,"Novembro",385.44
1606,"Dezembro",139.05
7891,"Janeiro",969.22
7891,"Fevereiro",339.25
7891,"Março",846.46
7891,"Abril",771.64
7891,"Maio",177.72
7891,"Junho",503.72
7891,"Julho",536.8
7891,"Agosto",164.08
7891,"Setembro",288.99
7891,"Outubro",271.12
7891,"Novembro",729.62
7891,"Dezembro",1210.1
9395,"Janeiro",733.63
9395,"Fevereiro",427.8
9395,"Março",716.01
9395,"Abril",338.58
9395,"Maio",1014.02
9395,"Junho",1178.88
9395,"Julho",208.48
9395,"Agosto",254.97
9395,"Setembro",964.32
9395,"Outubro",248.55
9395,"Novembro",1328.71
9395,"Dezembro",215.15
4406,"Janeiro",947.8
4406,"Fevereiro",197.32
4406,"Março",758.6
4406,"Abril",1156.12
4406,"Maio",872.06
4406,"Junho",278.07
4406,"Julho",930.37
4406,"Agosto",306.58
4406,"Setembro",1257.23
4406,"Outubro",1140.43
4406,"Novembro",887.17
4406,"Dezembro",181.87
2491,"Janeiro",968.95
2491,"Fevereiro",828.42
2491,"Março",813.06
2491,"Abril",31.71
2491,"Maio",1055.66
2491,"Junho",19.2
2491,"Julho",493.88
2491,"Agosto",318.84
2491,"Setembro",832.22
2491,"Outubro",637.54
2491,"Novembro",1026.25
2491,"Dezembro",984.24
9639,"Janeiro",204.58
9639,"Fevereiro",936.03
9639,"Março",88.95
9639,"Abril",362.56
9639,"Maio",789.43
9639,"Junho",481.27
9639,"Julho",468.41
9639,"Agosto",896.66
9639,"Setembro",1225.01
9639,"Outubro",125.54
9639,"Novembro",464.67
9639,"Dezembro",713.13
5556,"Janeiro",398.4
5556,"Fevereiro",424.61
5556,"Março",623.54
5556,"Abril",1178.64
5556,"Maio",100.04
5556,"Junho",672.97
5556,"Julho",754.84
5556,"Agosto",329.26
5556,"Setembro",221.88
5556,"Outubro",682.01
5556,"Novembro",412.04
5556,"Dezembro",581.94
9094,"Janeiro",113.51
9094,"Fevereiro",137.76
9094,"Março",1057.21
9094,"Abril",170.67
9094,"Maio",462.13
9094,"Junho",672.98
9094,"Julho",793.63
9094,"Agosto",504.07
9094,"Setembro",1310.23
9094,"Outubro",334.22
9094,"Novembro",746.45
9094,"Dezembro",549.63
8427,"Janeiro",402.9
8427,"Fevereiro",1266.51
8427,"Março",409.43
8427,"Abril",280.65
8427,"Maio",778.89
8427,"Junho",607.39
8427,"Julho",1075.99
8427,"Agosto",1406.91
8427,"Setembro",506.27
8427,"Outubro",1445.42
8427,"Novembro",1150.78
8427,"Dezembro",941.71
520,"Janeiro",360.84
520,"Fevereiro",1328.99
520,"Março",105.99
520,"Abril",756.82
520,"Maio",349.39
520,"Junho",749.73
520,"Julho",700.15
520,"Agosto",181.11
520,"Setembro",1003.63
520,"Outubro",1116.2
520,"Novembro",1031.19
520,"Dezembro",302.42
1686,"Janeiro",430.66
1686,"Fevereiro",488.2
1686,"Março",310.34
1686,"Abril",327.99
1686,"Maio",1244.28
1686,"Junho",75.52
1686,"Julho",77.66
1686,"Agosto",465.87
1686,"Setembro",633.44
1686,"Outubro",1242.67
1686,"Novembro",961.45
1686,"Dezembro",458.4
4296,"Janeiro",26.27
4296,"Fevereiro",1107.8
4296,"Março",476.91
4296,"Abril",137.14
4296,"Maio",300.63
4296,"Junho",556.34
4296,"Julho",547.78
4296,"Agosto",453.34
4296,"Setembro",99.29
4296,"Outubro",593.26
4296,"Novembro",608.49
4296,"Dezembro",1023.28
3442,"Janeiro",952.55
3442,"Fevereiro",223.25
3442,"Março",11.5
3442,"Abril",148.92
3442,"Maio",405.3
3442,"Junho",6.93
3442,"Julho",1035.35
3442,"Agosto",332.95
3442,"Setembro",547.86
3442,"Outubro",768.17
3442,"Novembro",341.6
3442,"Dezembro",306.26
801,"Janeiro",361.16
801,"Fevereiro",678.58
801,"Março",327.89
801,"Abril",0.06
801,"Maio",407.51
801,"Junho",479.56
801,"Julho",578.99
801,"Agosto",152.59
801,"Setembro",204.38
801,"Outubro",1035.95
801,"Novembro",511.91
801,"Dezembro",890.32
8678,"Janeiro",1128.08
8678,"Fevereiro",611.17
8678,"Março",145.32
8678,"Abril",226.96
8678,"Maio",533.41
8678,"Junho",950.07
8678,"Julho",43.83
8678,"Agosto",114.36
8678,"Setembro",1308.45
8678,"Outubro",688.87
8678,"Novembro",141.43
8678,"Dezembro",930.65
8171,"Janeiro",601.87
8171,"Fevereiro",786.89
8171,"Março",816.35
8171,"Abril",464.92
8171,"Maio",0.07
8171,"Junho",881
8171,"Julho",540.21
8171,"Agosto",166.89
8171,"Setembro",165.01
8171,"Outubro",1106.94
8171,"Novembro",74.02
8171,"Dezembro",1205.91
360,"Janeiro",377.08
360,"Fevereiro",42.87
360,"Março",1045.41
360,"Abril",258.36
360,"Maio",348.27
360,"Junho",721.62
360,"Julho",990.27
360,"Agosto",928.43
360,"Setembro",434.79
360,"Outubro",50.85
360,"Novembro",32.67
360,"Dezembro",526.79
472,"Janeiro",695.01
472,"Fevereiro",352.21
472,"Março",830.99
472,"Abril",1229.05
472,"Maio",163.4
472,"Junho",973.83
472,"Julho",45.74
472,"Agosto",979.59
472,"Setembro",86.09
472,"Outubro",2.23
472,"Novembro",266.25
472,"Dezembro",1185.85
5604,"Janeiro",551.95
5604,"Fevereiro",95.76
5604,"Março",13.27
5604,"Abril",478.25
5604,"Maio",48.63
5604,"Junho",787.77
5604,"Julho",740.17
5604,"Agosto",878.84
5604,"Setembro",827.33
5604,"Outubro",154.22
5604,"Novembro",719.54
5604,"Dezembro",355.27
4133,"Janeiro",1067.64
4133,"Fevereiro",372.89
4133,"Março",229.21
4133,"Abril",577.22
4133,"Maio",197.27
4133,"Junho",512.66
4133,"Julho",651.75
4133,"Agosto",1202.16
4133,"Setembro",29.25
4133,"Outubro",502.53
4133,"Novembro",808.45
4133,"Dezembro",863.26
1417,"Janeiro",894.43
1417,"Fevereiro",1200.64
1417,"Março",375.92
1417,"Abril",279.11
1417,"Maio",167.49
1417,"Junho",166.95
1417,"Julho",346.64
1417,"Agosto",527.15
1417,"Setembro",1522.85
1417,"Outubro",864.92
1417,"Novembro",980.39
1417,"Dezembro",235.76
3112,"Janeiro",122.56
3112,"Fevereiro",419.24
3112,"Março",323.47
3112,"Abril",619.67
3112,"Maio",24.68
3112,"Junho",191.99
3112,"Julho",655.42
3112,"Agosto",532.35
3112,"Setembro",760.96
3112,"Outubro",872.97
3112,"Novembro",32.79
3112,"Dezembro",754.26
9324,"Janeiro",748.51
9324,"Fevereiro",833.29
9324,"Março",594.09
9324,"Abril",253.03
9324,"Maio",1003.56
9324,"Junho",1115.09
9324,"Julho",1240.86
9324,"Agosto",126.99
9324,"Setembro",643.11
9324,"Outubro",804.61
9324,"Novembro",1010.83
9324,"Dezembro",143.99
9405,"Janeiro",290.51
9405,"Fevereiro",102.4
9405,"Março",963.65
9405,"Abril",487.85
9405,"Maio",271.12
9405,"Junho",444.78
9405,"Julho",884.33
9405,"Agosto",1004.6
9405,"Setembro",801.9
9405,"Outubro",513.19
9405,"Novembro",1057.76
9405,"Dezembro",931.7
6339,"Janeiro",682.6
6339,"Fevereiro",895.27
6339,"Março",390.92
6339,"Abril",985.11
6339,"Maio",682.74
6339,"Junho",553
6339,"Julho",1034.38
6339,"Agosto",686.89
6339,"Setembro",690.68
6339,"Outubro",398.84
6339,"Novembro",57.77
6339,"Dezembro",83.65
4378,"Janeiro",569.33
4378,"Fevereiro",714.92
4378,"Março",238.97
4378,"Abril",403.87
4378,"Maio",1151.55
4378,"Junho",778.76
4378,"Julho",543
4378,"Agosto",448.63
4378,"Setembro",223.88
4378,"Outubro",432.88
4378,"Novembro",178.06
4378,"Dezembro",735.14
9204,"Janeiro",804.99
9204,"Fevereiro",413.06
9204,"Março",470.34
9204,"Abril",513.44
9204,"Maio",1117.49
9204,"Junho",95.02
9204,"Julho",840.82
9204,"Agosto",70.2
9204,"Setembro",34.99
9204,"Outubro",123.09
9204,"Novembro",1095.28
9204,"Dezembro",213.42
3278,"Janeiro",40.19
3278,"Fevereiro",954.84
3278,"Março",840.45
3278,"Abril",333.07
3278,"Maio",1336.19
3278,"Junho",140.53
3278,"Julho",1316.52
3278,"Agosto",675.62
3278,"Setembro",865.07
3278,"Outubro",1480.27
3278,"Novembro",336.71
3278,"Dezembro",290.01
5580,"Janeiro",350.74
5580,"Fevereiro",457.76
5580,"Março",556.37
5580,"Abril",166.68
5580,"Maio",336.69
5580,"Junho",161.29
5580,"Julho",829.4
5580,"Agosto",203.24
5580,"Setembro",508.68
5580,"Outubro",362.57
5580,"Novembro",782.36
5580,"Dezembro",1127.29
4522,"Janeiro",316.27
4522,"Fevereiro",325.33
4522,"Março",1321.94
4522,"Abril",629.51
4522,"Maio",1212.76
4522,"Junho",109.8
4522,"Julho",737.32
4522,"Agosto",522.71
4522,"Setembro",687.07
4522,"Outubro",39.88
4522,"Novembro",953.73
4522,"Dezembro",141.92
7834,"Janeiro",201.81
7834,"Fevereiro",613.4
7834,"Março",1140.47
7834,"Abril",607.89
7834,"Maio",302.09
7834,"Junho",26.06
7834,"Julho",31.92
7834,"Agosto",689.21
7834,"Setembro",1104.61
7834,"Outubro",1473.62
7834,"Novembro",532.86
7834,"Dezembro",156.65
2159,"Janeiro",1015.16
2159,"Fevereiro",678.3
2159,"Março",75.36
2159,"Abril",338.58
2159,"Maio",806.22
2159,"Junho",1272.51
2159,"Julho",806.72
2159,"Agosto",1025.15
2159,"Setembro",758.97
2159,"Outubro",601.23
2159,"Novembro",128.35
2159,"Dezembro",282.9
2747,"Janeiro",1205.09
2747,"Fevereiro",833.26
2747,"Março",861.41
2747,"Abril",413.18
2747,"Maio",597.11
2747,"Junho",632.8
2747,"Julho",295.4
2747,"Agosto",75.23
2747,"Setembro",737.19
2747,"Outubro",386.31
2747,"Novembro",200.44
2747,"Dezembro",862.71
1881,"Janeiro",434.83
1881,"Fevereiro",527.05
1881,"Março",260.55
1881,"Abril",113.15
1881,"Maio",435.56
1881,"Junho",240.77
1881,"Julho",600.48
1881,"Agosto",72.47
1881,"Setembro",836.5
1881,"Outubro",582.33
1881,"Novembro",274.91
1881,"Dezembro",578.05
4218,"Janeiro",947.6
4218,"Fevereiro",87.85
4218,"Março",837.05
4218,"Abril",702.84
4218,"Maio",242.29
4218,"Junho",64.97
4218,"Julho",1356.81
4218,"Agosto",701.98
4218,"Setembro",621.01
4218,"Outubro",195.8
4218,"Novembro",578.59
4218,"Dezembro",601.82
6538,"Janeiro",839.97
6538,"Fevereiro",508.52
6538,"Março",756.96
6538,"Abril",656.51
6538,"Maio",752.28
6538,"Junho",768.59
6538,"Julho",47.23
6538,"Agosto",288.65
6538,"Setembro",1133.87
6538,"Outubro",1363.38
6538,"Novembro",973.92
6538,"Dezembro",839.86
9170,"Janeiro",657.73
9170,"Fevereiro",489.7
9170,"Março",458.68
9170,"Abril",285.57
9170,"Maio",738.72
9170,"Junho",1160.5
9170,"Julho",1158.01
9170,"Agosto",495.36
9170,"Setembro",1054.72
9170,"Outubro",99.21
9170,"Novembro",666.67
9170,"Dezembro",477.15
5033,"Janeiro",1112.41
5033,"Fevereiro",741.7
5033,"Março",1075.01
5033,"Abril",446.04
5033,"Maio",356.9
5033,"Junho",90.54
5033,"Julho",966.91
5033,"Agosto",234.01
5033,"Setembro",1173.33
5033,"Outubro",478.07
5033,"Novembro",528.35
5033,"Dezembro",207.97
2804,"Janeiro",799.18
2804,"Fevereiro",357.76
2804,"Março",84.8
2804,"Abril",248.72
2804,"Maio",301.42
2804,"Junho",706.91
2804,"Julho",155.66
2804,"Agosto",238.21
2804,"Setembro",935.41
2804,"Outubro",102.41
2804,"Novembro",715.24
2804,"Dezembro",918.86
5947,"Janeiro",728.72
5947,"Fevereiro",478.55
5947,"Março",846.93
5947,"Abril",719.48
5947,"Maio",1491.86
5947,"Junho",802.79
5947,"Julho",55.91
5947,"Agosto",15.49
5947,"Setembro",1268.47
5947,"Outubro",620.05
5947,"Novembro",595.88
5947,"Dezembro",711.25
6647,"Janeiro",883.18
6647,"Fevereiro",177.34
6647,"Março",421.02
6647,"Abril",420.95
6647,"Maio",662.65
6647,"Junho",865.34
6647,"Julho",931.21
6647,"Agosto",176.79
6647,"Setembro",97.71
6647,"Outubro",584
6647,"Novembro",222.65
6647,"Dezembro",616.92
3127,"Janeiro",831.71
3127,"Fevereiro",806.65
3127,"Março",635.16
3127,"Abril",684.83
3127,"Maio",144.14
3127,"Junho",980.77
3127,"Julho",841.33
3127,"Agosto",327.26
3127,"Setembro",146.98
3127,"Outubro",321.19
3127,"Novembro",370.16
3127,"Dezembro",1273.97
9141,"Janeiro",374.74
9141,"Fevereiro",881.33
9141,"Março",771.75
9141,"Abril",176.01
9141,"Maio",253.67
9141,"Junho",956.36
9141,"Julho",1188.34
9141,"Agosto",996
9141,"Setembro",1014.26
9141,"Outubro",912.59
9141,"Novembro",1440.23
9141,"Dezembro",1111.76
5961,"Janeiro",1109.49
5961,"Fevereiro",1143.44
5961,"Março",435.14
5961,"Abril",852.17
5961,"Maio",978.41
5961,"Junho",66.55
5961,"Julho",737.18
5961,"Agosto",403.17
5961,"Setembro",294.74
5961,"Outubro",706.13
5961,"Novembro",105.19
5961,"Dezembro",149.35
1998,"Janeiro",872.66
1998,"Fevereiro",958.49
1998,"Março",1018.85
1998,"Abril",673.43
1998,"Maio",526.64
1998,"Junho",361.29
1998,"Julho",393.45
1998,"Agosto",815.18
1998,"Setembro",482.61
1998,"Outubro",1031.47
1998,"Novembro",234.23
1998,"Dezembro",4.65
9470,"Janeiro",472.74
9470,"Fevereiro",585.33
9470,"Março",1058.6
9470,"Abril",843.42
9470,"Maio",610.19
9470,"Junho",31.24
9470,"Julho",1163.92
9470,"Agosto",433.21
9470,"Setembro",1228.92
9470,"Outubro",87.92
9470,"Novembro",620.09
9470,"Dezembro",126.35
1592,"Janeiro",330.88
1592,"Fevereiro",1005.95
1592,"Março",1116.43
1592,"Abril",623.19
1592,"Maio",1020.86
1592,"Junho",159.58
1592,"Julho",538.62
1592,"Agosto",699.77
1592,"Setembro",507.45
1592,"Outubro",100.97
1592,"Novembro",627.29
1592,"Dezembro",756.47
8861,"Janeiro",889.28
8861,"Fevereiro",1216.6
8861,"Março",26.69
8861,"Abril",853.83
8861,"Maio",1013.76
8861,"Junho",381.37
8861,"Julho",560.44
8861,"Agosto",488.93
8861,"Setembro",156.79
8861,"Outubro",487.61
8861,"Novembro",1111.25
8861,"Dezembro",597.88
8979,"Janeiro",116.96
8979,"Fevereiro",817.1
8979,"Março",179.85
8979,"Abril",1099.86
8979,"Maio",436.19
8979,"Junho",1059.83
8979,"Julho",1237.55
8979,"Agosto",85.86
8979,"Setembro",773.82
8979,"Outubro",131.64
8979,"Novembro",432
8979,"Dezembro",1375.86
7610,"Janeiro",751.06
7610,"Fevereiro",786.13
7610,"Março",571.84
7610,"Abril",1423.43
7610,"Maio",254.65
7610,"Junho",501.76
7610,"Julho",799.17
7610,"Agosto",62.41
7610,"Setembro",578.78
7610,"Outubro",756.42
7610,"Novembro",281.81
7610,"Dezembro",498.33
8736,"Janeiro",875.84
8736,"Fevereiro",128.43
8736,"Março",40.17
8736,"Abril",579.78
8736,"Maio",394.92
8736,"Junho",228.01
8736,"Julho",694.6
8736,"Agosto",764.41
8736,"Setembro",245.27
8736,"Outubro",444.42
8736,"Novembro",178.55
8736,"Dezembro",656.38
4981,"Janeiro",1134.01
4981,"Fevereiro",891.65
4981,"Março",332.76
4981,"Abril",70.77
4981,"Maio",637.64
4981,"Junho",1114.52
4981,"Julho",616.45
4981,"Agosto",1123.71
4981,"Setembro",800.19
4981,"Outubro",985.52
4981,"Novembro",548.76
4981,"Dezembro",1059.26
1914,"Janeiro",725.46
1914,"Fevereiro",1244.12
1914,"Março",874.92
1914,"Abril",105.97
1914,"Maio",769.69
1914,"Junho",561.96
1914,"Julho",982.3
1914,"Agosto",85.23
1914,"Setembro",243.53
1914,"Outubro",156.52
1914,"Novembro",34.86
1914,"Dezembro",609.95
2069,"Janeiro",339.63
2069,"Fevereiro",841.7
2069,"Março",440.78
2069,"Abril",927.62
2069,"Maio",1069.84
2069,"Junho",591.44
2069,"Julho",566.08
2069,"Agosto",312.07
2069,"Setembro",919.11
2069,"Outubro",416.8
2069,"Novembro",280.65
2069,"Dezembro",403.27
8428,"Janeiro",387.61
8428,"Fevereiro",511.38
8428,"Março",1248.04
8428,"Abril",110.34
8428,"Maio",55.43
8428,"Junho",568.54
8428,"Julho",161.85
8428,"Agosto",677.95
8428,"Setembro",478.2
8428,"Outubro",541.76
8428,"Novembro",779.32
8428,"Dezembro",632.01
1650,"Janeiro",498.44
1650,"Fevereiro",305.79
1650,"Março",111.98
1650,"Abril",1353.7
1650,"Maio",768.57
1650,"Junho",345.79
1650,"Julho",111.09
1650,"Agosto",594.62
1650,"Setembro",651.68
1650,"Outubro",782.15
1650,"Novembro",349.79
1650,"Dezembro",1284.99
745,"Janeiro",202.62
745,"Fevereiro",162.15
745,"Março",445.33
745,"Abril",934.55
745,"Maio",601.77
745,"Junho",961.19
745,"Julho",414.69
745,"Agosto",686.32
745,"Setembro",553.03
745,"Outubro",757.68
745,"Novembro",508.53
745,"Dezembro",187.48
1132,"Janeiro",6.71
1132,"Fevereiro",54.41
1132,"Março",1228.49
1132,"Abril",714.69
1132,"Maio",153.18
1132,"Junho",240.2
1132,"Julho",601.25
1132,"Agosto",244.17
1132,"Setembro",481.71
1132,"Outubro",282.71
1132,"Novembro",601.84
1132,"Dezembro",748.21
385,"Janeiro",948.9
385,"Fevereiro",991.11
385,"Março",1184.85
385,"Abril",980.29
385,"Maio",862.08
385,"Junho",187.76
385,"Julho",889.02
385,"Agosto",97.31
385,"Setembro",724.2
385,"Outubro",774.19
385,"Novembro",441.46
385,"Dezembro",1123.29
9694,"Janeiro",136.24
9694,"Fevereiro",1359.21
9694,"Março",222.77
9694,"Abril",1430.98
9694,"Maio",295.13
9694,"Junho",146.29
9694,"Julho",903.29
9694,"Agosto",558.49
9694,"Setembro",825.96
9694,"Outubro",101.75
9694,"Novembro",201.1
9694,"Dezembro",762.45
5848,"Janeiro",541.46
5848,"Fevereiro",112.4
5848,"Março",268.46
5848,"Abril",115.12
5848,"Maio",557.15
5848,"Junho",188.87
5848,"Julho",675.47
5848,"Agosto",300.62
5848,"Setembro",1172.45
5848,"Outubro",436.03
5848,"Novembro",877.43
5848,"Dezembro",500.2
5126,"Janeiro",916.4
5126,"Fevereiro",671.61
5126,"Março",194.9
5126,"Abril",911.96
5126,"Maio",1086.75
5126,"Junho",1190.26
5126,"Julho",143.55
5126,"Agosto",465.22
5126,"Setembro",410.89
5126,"Outubro",857.13
5126,"Novembro",35.63
5126,"Dezembro",769.51
4986,"Janeiro",1236.27
4986,"Fevereiro",521.31
4986,"Março",809.14
4986,"Abril",763.93
4986,"Maio",998.22
4986,"Junho",666.16
4986,"Julho",1029.42
4986,"Agosto",224.72
4986,"Setembro",549.23
4986,"Outubro",426.13
4986,"Novembro",553.92
4986,"Dezembro",1022.41
7789,"Janeiro",730.38
7789,"Fevereiro",442.44
7789,"Março",383.12
7789,"Abril",401.06
7789,"Maio",196.23
7789,"Junho",108.68
7789,"Julho",555.31
7789,"Agosto",790.25
7789,"Setembro",34.02
7789,"Outubro",795.76
7789,"Novembro",355.04
7789,"Dezembro",936.67
399,"Janeiro",418.87
399,"Fevereiro",1043.62
399,"Março",1088.58
399,"Abril",615.23
399,"Maio",60.73
399,"Junho",17.11
399,"Julho",347.35
399,"Agosto",261.55
399,"Setembro",952.12
399,"Outubro",574.01
399,"Novembro",748.41
399,"Dezembro",497.12
6479,"Janeiro",658.72
6479,"Fevereiro",643.6
6479,"Março",339.63
6479,"Abril",697.5
6479,"Maio",737.35
6479,"Junho",779.83
6479,"Julho",747.89
6479,"Agosto",602.46
6479,"Setembro",337.59
6479,"Outubro",53.95
6479,"Novembro",539.58
6479,"Dezembro",122.39
3374,"Janeiro",773.46
3374,"Fevereiro",158.44
3374,"Março",230.36
3374,"Abril",816.96
3374,"Maio",84.58
3374,"Junho",25.1
3374,"Julho",747.99
3374,"Agosto",1300.31
3374,"Setembro",874.57
3374,"Outubro",540.18
3374,"Novembro",141.59
3374,"Dezembro",745.03
9106,"Janeiro",780.31
9106,"Fevereiro",104.13
9106,"Março",669.63
9106,"Abril",591.78
9106,"Maio",875.1
9106,"Junho",1151.21
9106,"Julho",29.96
9106,"Agosto",601.95
9106,"Setembro",852.78
9106,"Outubro",272.01
9106,"Novembro",1265.83
9106,"Dezembro",384.96
7305,"Janeiro",666.35
7305,"Fevereiro",1058.07
7305,"Março",143.11
7305,"Abril",472.65
7305,"Maio",1022.74
7305,"Junho",533.39
7305,"Julho",954.74
7305,"Agosto",300.09
7305,"Setembro",665.19
7305,"Outubro",695.99
7305,"Novembro",408.25
7305,"Dezembro",905.31
1546,"Janeiro",831.49
1546,"Fevereiro",617.03
1546,"Março",951.3
1546,"Abril",842.39
1546,"Maio",741.74
1546,"Junho",1121.66
1546,"Julho",110.15
1546,"Agosto",316.19
1546,"Setembro",686.9
1546,"Outubro",406.84
1546,"Novembro",52.13
1546,"Dezembro",713.32
5154,"Janeiro",478.66
5154,"Fevereiro",355.79
5154,"Março",41.21
5154,"Abril",590.85
5154,"Maio",1401.2
5154,"Junho",1065.12
5154,"Julho",111.77
5154,"Agosto",824.71
5154,"Setembro",463.91
5154,"Outubro",824.45
5154,"Novembro",1192.35
5154,"Dezembro",390.13
8552,"Janeiro",827.9
8552,"Fevereiro",554.5
8552,"Março",695.66
8552,"Abril",806.6
8552,"Maio",1226.77
8552,"Junho",15.98
8552,"Julho",686.41
8552,"Agosto",1155.83
8552,"Setembro",1317.42
8552,"Outubro",465.75
8552,"Novembro",543.23
8552,"Dezembro",1069.06
6409,"Janeiro",422.21
6409,"Fevereiro",1057.66
6409,"Março",1183.17
6409,"Abril",108.7
6409,"Maio",972.37
6409,"Junho",104.85
6409,"Julho",708.64
6409,"Agosto",563.19
6409,"Setembro",924.18
6409,"Outubro",708.17
6409,"Novembro",901.5
6409,"Dezembro",439.96
7892,"Janeiro",595.5
7892,"Fevereiro",498.93
7892,"Março",702.14
7892,"Abril",498.81
7892,"Maio",75.11
7892,"Junho",263.51
7892,"Julho",448.22
7892,"Agosto",1182
7892,"Setembro",51.87
7892,"Outubro",408.4
7892,"Novembro",973.01
7892,"Dezembro",472.61
1144,"Janeiro",358.69
1144,"Fevereiro",609.83
1144,"Março",468.51
1144,"Abril",780.69
1144,"Maio",827.77
1144,"Junho",323.43
1144,"Julho",615.51
1144,"Agosto",517.49
1144,"Setembro",417.13
1144,"Outubro",512.82
1144,"Novembro",659.21
1144,"Dezembro",215.7
160,"Janeiro",92.25
160,"Fevereiro",830.62
160,"Março",922.64
160,"Abril",426.71
160,"Maio",902.28
160,"Junho",629.17
160,"Julho",88.04
160,"Agosto",222.1
160,"Setembro",376.13
160,"Outubro",554.4
160,"Novembro",777
160,"Dezembro",169.79
4974,"Janeiro",409.67
4974,"Fevereiro",624.78
4974,"Março",1011.22
4974,"Abril",269.96
4974,"Maio",585.86
4974,"Junho",1175.14
4974,"Julho",315.66
4974,"Agosto",986.75
4974,"Setembro",1002.59
4974,"Outubro",523.59
4974,"Novembro",348.55
4974,"Dezembro",233.23
5766,"Janeiro",1186.53
5766,"Fevereiro",373.89
5766,"Março",443.71
5766,"Abril",753
5766,"Maio",304.97
5766,"Junho",351.83
5766,"Julho",293.43
5766,"Agosto",600.48
5766,"Setembro",606.81
5766,"Outubro",469.37
5766,"Novembro",1164.34
5766,"Dezembro",432.67
3433,"Janeiro",791.65
3433,"Fevereiro",707.32
3433,"Março",125.43
3433,"Abril",1146.98
3433,"Maio",692.54
3433,"Junho",650.9
3433,"Julho",230.21
3433,"Agosto",761
3433,"Setembro",961.44
3433,"Outubro",368.26
3433,"Novembro",441.52
3433,"Dezembro",465.37
4623,"Janeiro",145.57
4623,"Fevereiro",171.88
4623,"Março",988.39
4623,"Abril",342.14
4623,"Maio",787.59
4623,"Junho",1094.74
4623,"Julho",1084.24
4623,"Agosto",19.73
4623,"Setembro",1136.3
4623,"Outubro",1209.12
4623,"Novembro",621.27
4623,"Dezembro",555.11
7415,"Janeiro",106.52
7415,"Fevereiro",764.52
7415,"Março",872.11
7415,"Abril",565.16
7415,"Maio",126.94
7415,"Junho",299.01
7415,"Julho",1072.82
7415,"Agosto",407.02
7415,"Setembro",412.39
7415,"Outubro",508.5
7415,"Novembro",10.95
7415,"Dezembro",1222.93
4861,"Janeiro",622.36
4861,"Fevereiro",1149.5
4861,"Março",1267.67
4861,"Abril",587.41
4861,"Maio",709.66
4861,"Junho",965.14
4861,"Julho",860.07
4861,"Agosto",1460.71
4861,"Setembro",382.56
4861,"Outubro",67.82
4861,"Novembro",208.58
4861,"Dezembro",318.4
99,"Janeiro",349.97
99,"Fevereiro",1054.09
99,"Março",1191.78
99,"Abril",1032.1
99,"Maio",292.25
99,"Junho",479.07
99,"Julho",454.05
99,"Agosto",915.62
99,"Setembro",786.84
99,"Outubro",642.91
99,"Novembro",580.48
99,"Dezembro",1321.98
5306,"Janeiro",791.75
5306,"Fevereiro",485.45
5306,"Março",559.09
5306,"Abril",139.06
5306,"Maio",505.87
5306,"Junho",865.73
5306,"Julho",107.2
5306,"Agosto",447.74
5306,"Setembro",515.33
5306,"Outubro",1280.37
5306,"Novembro",170.35
5306,"Dezembro",171.13
7868,"Janeiro",806.38
7868,"Fevereiro",583.87
7868,"Março",866.63
7868,"Abril",808.48
7868,"Maio",548.09
7868,"Junho",114.01
7868,"Julho",702.25
7868,"Agosto",2.1
7868,"Setembro",694.6
7868,"Outubro",308.67
7868,"Novembro",712.48
7868,"Dezembro",823.28
4505,"Janeiro",147.01
4505,"Fevereiro",1226.89
4505,"Março",1436
4505,"Abril",408.2
4505,"Maio",326.01
4505,"Junho",187.8
4505,"Julho",290.83
4505,"Agosto",629.99
4505,"Setembro",586.53
4505,"Outubro",240.17
4505,"Novembro",893.85
4505,"Dezembro",471.25
4106,"Janeiro",493.83
4106,"Fevereiro",421.55
4106,"Março",744.19
4106,"Abril",731.74
4106,"Maio",954.61
4106,"Junho",1296.42
4106,"Julho",710.89
4106,"Agosto",474.27
4106,"Setembro",1427.8
4106,"Outubro",593.17
4106,"Novembro",370.7
4106,"Dezembro",564.53
9065,"Janeiro",860.16
9065,"Fevereiro",948
9065,"Março",1108.84
9065,"Abril",279.1
9065,"Maio",233.24
9065,"Junho",876.32
9065,"Julho",35.73
9065,"Agosto",578.79
9065,"Setembro",57.34
9065,"Outubro",722.78
9065,"Novembro",285.35
9065,"Dezembro",398.75
3195,"Janeiro",229.24
3195,"Fevereiro",804.68
3195,"Março",500.68
3195,"Abril",777.59
3195,"Maio",1376.48
3195,"Junho",505.62
3195,"Julho",190.78
3195,"Agosto",1017.1
3195,"Setembro",49.84
3195,"Outubro",1201.95
3195,"Novembro",837.02
3195,"Dezembro",335.07
2150,"Janeiro",415.44
2150,"Fevereiro",837.96
2150,"Março",187.57
2150,"Abril",1411.02
2150,"Maio",503.13
2150,"Junho",348.61
2150,"Julho",798.85
2150,"Agosto",266.92
2150,"Setembro",86.85
2150,"Outubro",162.86
2150,"Novembro",12.32
2150,"Dezembro",125.37
4338,"Janeiro",477.99
4338,"Fevereiro",946.28
4338,"Março",305.95
4338,"Abril",258.01
4338,"Maio",546.97
4338,"Junho",1274.39
4338,"Julho",332.21
4338,"Agosto",96.91
4338,"Setembro",1036.1
4338,"Outubro",702.36
4338,"Novembro",680.84
4338,"Dezembro",1022.16
6825,"Janeiro",718.92
6825,"Fevereiro",485.63
6825,"Março",380.76
6825,"Abril",423.8
6825,"Maio",1362.86
6825,"Junho",422.28
6825,"Julho",467.95
6825,"Agosto",316.16
6825,"Setembro",27.26
6825,"Outubro",595.69
6825,"Novembro",503.93
6825,"Dezembro",132.79
6650,"Janeiro",1350.05
6650,"Fevereiro",325.37
6650,"Março",193.78
6650,"Abril",642.93
6650,"Maio",1154.89
6650,"Junho",65.64
6650,"Julho",132.16
6650,"Agosto",172.83
6650,"Setembro",877.47
6650,"Outubro",853.6
6650,"Novembro",552.86
6650,"Dezembro",687.57
5670,"Janeiro",898.22
5670,"Fevereiro",872.28
5670,"Março",669.59
5670,"Abril",841.98
5670,"Maio",269.98
5670,"Junho",478.35
5670,"Julho",668.76
5670,"Agosto",868.95
5670,"Setembro",578.64
5670,"Outubro",287.63
5670,"Novembro",1457.28
5670,"Dezembro",663.64
4702,"Janeiro",777.08
4702,"Fevereiro",192.75
4702,"Março",456.92
4702,"Abril",68.39
4702,"Maio",911.61
4702,"Junho",361.49
4702,"Julho",1203.47
4702,"Agosto",266.25
4702,"Setembro",1079.1
4702,"Outubro",758.68
4702,"Novembro",1438.28
4702,"Dezembro",976.65
1684,"Janeiro",521.7
1684,"Fevereiro",316.87
1684,"Março",1321.33
1684,"Abril",744.42
1684,"Maio",468.87
1684,"Junho",405.98
1684,"Julho",773.17
1684,"Agosto",1099.66
1684,"Setembro",190.57
1684,"Outubro",855.19
1684,"Novembro",1054.8
1684,"Dezembro",44.7
5750,"Janeiro",251.88
5750,"Fevereiro",148.41
5750,"Março",206.04
5750,"Abril",452.85
5750,"Maio",302
5750,"Junho",691.18
5750,"Julho",293.15
5750,"Agosto",889.9
5750,"Setembro",425.83
5750,"Outubro",624.81
5750,"Novembro",274.38
5750,"Dezembro",1112.36
2823,"Janeiro",337.91
2823,"Fevereiro",227.06
2823,"Março",150.85
2823,"Abril",654.54
2823,"Maio",359.83
2823,"Junho",441.85
2823,"Julho",139.16
2823,"Agosto",916.37
2823,"Setembro",1070.64
2823,"Outubro",84.9
2823,"Novembro",1097.93
2823,"Dezembro",100.3
1180,"Janeiro",22.29
1180,"Fevereiro",954.41
1180,"Março",141.55
1180,"Abril",43.78
1180,"Maio",1353.58
1180,"Junho",304.2
1180,"Julho",61.96
1180,"Agosto",1049.86
1180,"Setembro",812.94
1180,"Outubro",429.2
1180,"Novembro",268.42
1180,"Dezembro",508.07
3015,"Janeiro",722.8
3015,"Fevereiro",834.58
3015,"Março",77.4
3015,"Abril",581.62
3015,"Maio",186.22
3015,"Junho",39.82
3015,"Julho",733.74
3015,"Agosto",693.73
3015,"Setembro",1223.91
3015,"Outubro",86.53
3015,"Novembro",385.48
3015,"Dezembro",1365.96
9245,"Janeiro",388.38
9245,"Fevereiro",612.8
9245,"Março",343.34
9245,"Abril",813.55
9245,"Maio",921.04
9245,"Junho",351.44
9245,"Julho",993.26
9245,"Agosto",845.21
9245,"Setembro",488.66
9245,"Outubro",302.48
9245,"Novembro",841.18
9245,"Dezembro",557.01
8865,"Janeiro",801.16
8865,"Fevereiro",585.86
8865,"Março",408.45
8865,"Abril",874.5
8865,"Maio",823.73
8865,"Junho",147.15
8865,"Julho",588.23
8865,"Agosto",434.77
8865,"Setembro",709.97
8865,"Outubro",439.43
8865,"Novembro",28.78
8865,"Dezembro",98.34
621,"Janeiro",1240.84
621,"Fevereiro",486.72
621,"Março",665.11
621,"Abril",96.99
621,"Maio",532.78
621,"Junho",299.58
621,"Julho",621.14
621,"Agosto",133.55
621,"Setembro",1137.93
621,"Outubro",1220.76
621,"Novembro",465.19
621,"Dezembro",786.28
191,"Janeiro",269.65
191,"Fevereiro",251.89
191,"Março",1197.61
191,"Abril",483.29
191,"Maio",534.19
191,"Junho",181.97
191,"Julho",1034.34
191,"Agosto",878.78
191,"Setembro",40.32
191,"Outubro",1056.55
191,"Novembro",608.25
191,"Dezembro",98.73
9720,"Janeiro",545.67
9720,"Fevereiro",1399.84
9720,"Março",647.25
9720,"Abril",252
9720,"Maio",337.23
9720,"Junho",600.73
9720,"Julho",50.57
9720,"Agosto",155.13
9720,"Setembro",533.76
9720,"Outubro",72.52
9720,"Novembro",315.71
9720,"Dezembro",357.14
2920,"Janeiro",779.82
2920,"Fevereiro",713.1
2920,"Março",9.34
2920,"Abril",473.54
2920,"Maio",970.01
2920,"Junho",335.05
2920,"Julho",371.6
2920,"Agosto",1233.56
2920,"Setembro",774.71
2920,"Outubro",1207.12
2920,"Novembro",14.16
2920,"Dezembro",483.85
6978,"Janeiro",316.12
6978,"Fevereiro",254.38
6978,"Março",688.7
6978,"Abril",735.92
6978,"Maio",990.68
6978,"Junho",469.37
6978,"Julho",615.43
6978,"Agosto",841.58
6978,"Setembro",627.43
6978,"Outubro",399.82
6978,"Novembro",326.1
6978,"Dezembro",83.7
7983,"Janeiro",736.91
7983,"Fevereiro",763.72
7983,"Março",968.11
7983,"Abril",728.77
7983,"Maio",77.55
7983,"Junho",1053.02
7983,"Julho",631.54
7983,"Agosto",314.09
7983,"Setembro",500.74
7983,"Outubro",71.24
7983,"Novembro",670.67
7983,"Dezembro",918.81
6165,"Janeiro",140.99
6165,"Fevereiro",917.88
6165,"Março",69.38
6165,"Abril",806.06
6165,"Maio",831.03
6165,"Junho",306.5
6165,"Julho",98.39
6165,"Agosto",879.33
6165,"Setembro",34.53
6165,"Outubro",910.28
6165,"Novembro",730.63
6165,"Dezembro",169.19
4557,"Janeiro",1488.76
4557,"Fevereiro",776.97
4557,"Março",140.57
4557,"Abril",110
4557,"Maio",656.89
4557,"Junho",239.03
4557,"Julho",451.71
4557,"Agosto",632.02
4557,"Setembro",652.64
4557,"Outubro",21.32
4557,"Novembro",712.98
4557,"Dezembro",747.06
378,"Janeiro",944.42
378,"Fevereiro",33.96
378,"Março",672.16
378,"Abril",558.37
378,"Maio",490.77
378,"Junho",1524.67
378,"Julho",817.17
378,"Agosto",985.27
378,"Setembro",5.58
378,"Outubro",1192.72
378,"Novembro",388.7
378,"Dezembro",816.71
390,"Janeiro",1381.36
390,"Fevereiro",483.15
390,"Março",89.96
390,"Abril",951.24
390,"Maio",498.33
390,"Junho",769.78
390,"Julho",23.67
390,"Agosto",295.39
390,"Setembro",234.23
390,"Outubro",736.26
390,"Novembro",501.23
390,"Dezembro",530.24
5964,"Janeiro",239.7
5964,"Fevereiro",531.05
5964,"Março",363.86
5964,"Abril",849.28
5964,"Maio",976.69
5964,"Junho",53.29
5964,"Julho",42.79
5964,"Agosto",1190.41
5964,"Setembro",351.95
5964,"Outubro",544.63
5964,"Novembro",496.72
5964,"Dezembro",116.43
4024,"Janeiro",903.11
4024,"Fevereiro",290.32
4024,"Março",1378.02
4024,"Abril",236.44
4024,"Maio",857.79
4024,"Junho",354.1
4024,"Julho",779.07
4024,"Agosto",378.6
4024,"Setembro",1168.7
4024,"Outubro",218.71
4024,"Novembro",142.41
4024,"Dezembro",114.25
2812,"Janeiro",943.57
2812,"Fevereiro",134.79
2812,"Março",791.56
2812,"Abril",1261.02
2812,"Maio",674.54
2812,"Junho",474.64
2812,"Julho",324.97
2812,"Agosto",1248.58
2812,"Setembro",817.41
2812,"Outubro",857.33
2812,"Novembro",404.82
2812,"Dezembro",1025.61
1806,"Janeiro",861.54
1806,"Fevereiro",790.47
1806,"Março",11.04
1806,"Abril",276.6
1806,"Maio",177.88
1806,"Junho",485.61
1806,"Julho",815.4
1806,"Agosto",597.43
1806,"Setembro",98.82
1806,"Outubro",333.56
1806,"Novembro",740.35
1806,"Dezembro",313.78
5230,"Janeiro",640.69
5230,"Fevereiro",840.83
5230,"Março",1079.37
5230,"Abril",672.23
5230,"Maio",77.57
5230,"Junho",582.68
5230,"Julho",607.49
5230,"Agosto",248.99
5230,"Setembro",941.47
5230,"Outubro",218.81
5230,"Novembro",719.1
5230,"Dezembro",369.95
9499,"Janeiro",281.39
9499,"Fevereiro",632.03
9499,"Março",916.95
9499,"Abril",550.38
9499,"Maio",330.92
9499,"Junho",566.55
9499,"Julho",875.89
9499,"Agosto",852.35
9499,"Setembro",1268.32
9499,"Outubro",1164.32
9499,"Novembro",237.14
9499,"Dezembro",966.09
2236,"Janeiro",771.69
2236,"Fevereiro",793.42
2236,"Março",1394.2
2236,"Abril",1133.83
2236,"Maio",639.44
2236,"Junho",239.49
2236,"Julho",19.55
2236,"Agosto",558.16
2236,"Setembro",376.3
2236,"Outubro",945.03
2236,"Novembro",758.67
2236,"Dezembro",896.01
3412,"Janeiro",299.8
3412,"Fevereiro",801.97
3412,"Março",57.4
3412,"Abril",238.99
3412,"Maio",483.94
3412,"Junho",45.22
3412,"Julho",814.64
3412,"Agosto",356.82
3412,"Setembro",1119.89
3412,"Outubro",1144.18
3412,"Novembro",554.97
3412,"Dezembro",976.04
7757,"Janeiro",572.8
7757,"Fevereiro",559.49
7757,"Março",231.04
7757,"Abril",145.92
7757,"Maio",561.62
7757,"Junho",36.97
7757,"Julho",334.58
7757,"Agosto",505.21
7757,"Setembro",694.23
7757,"Outubro",753.96
7757,"Novembro",708.07
7757,"Dezembro",350.55
5514,"Janeiro",247.2
5514,"Fevereiro",686.42
5514,"Março",402.54
5514,"Abril",219.61
5514,"Maio",66.21
5514,"Junho",680.84
5514,"Julho",8.93
5514,"Agosto",677.5
5514,"Setembro",72.7
5514,"Outubro",90.39
5514,"Novembro",389.39
5514,"Dezembro",1362.2
467,"Janeiro",1198.37
467,"Fevereiro",25.6
467,"Março",733.94
467,"Abril",531.47
467,"Maio",195.92
467,"Junho",289.25
467,"Julho",724.81
467,"Agosto",1183.1
467,"Setembro",3.78
467,"Outubro",126.89
467,"Novembro",1181.45
467,"Dezembro",1345.1
7435,"Janeiro",1114.76
7435,"Fevereiro",78.37
7435,"Março",1242.11
7435,"Abril",413.95
7435,"Maio",533.85
7435,"Junho",1034.68
7435,"Julho",735.78
7435,"Agosto",746.22
7435,"Setembro",505.08
7435,"Outubro",521.64
7435,"Novembro",932.2
7435,"Dezembro",548.68
7603,"Janeiro",781.95
7603,"Fevereiro",401.65
7603,"Março",491.65
7603,"Abril",727.38
7603,"Maio",158.68
7603,"Junho",1111.17
7603,"Julho",325.13
7603,"Agosto",660.52
7603,"Setembro",263.95
7603,"Outubro",486.05
7603,"Novembro",594.63
7603,"Dezembro",1254.21
610,"Janeiro",185.23
610,"Fevereiro",643.96
610,"Março",377.26
610,"Abril",667.37
610,"Maio",596
610,"Junho",517.84
610,"Julho",226.19
610,"Agosto",942.03
610,"Setembro",545.82
610,"Outubro",900.74
610,"Novembro",680.25
610,"Dezembro",3.65
8227,"Janeiro",382.13
8227,"Fevereiro",1087.93
8227,"Março",1207.89
8227,"Abril",273.18
8227,"Maio",602.66
8227,"Junho",665
8227,"Julho",1008.77
8227,"Agosto",654.34
8227,"Setembro",85.97
8227,"Outubro",309.41
8227,"Novembro",578.86
8227,"Dezembro",318.15
7933,"Janeiro",33.87
7933,"Fevereiro",93.36
7933,"Março",320.81
7933,"Abril",131.14
7933,"Maio",442.48
7933,"Junho",1450.94
7933,"Julho",209.72
7933,"Agosto",964.37
7933,"Setembro",1133.55
7933,"Outubro",671.4
7933,"Novembro",280.9
7933,"Dezembro",508.91
5352,"Janeiro",923.76
5352,"Fevereiro",1411.34
5352,"Março",579.85
5352,"Abril",466.5
5352,"Maio",1110.99
5352,"Junho",78.29
5352,"Julho",938.74
5352,"Agosto",509.19
5352,"Setembro",263.91
5352,"Outubro",785.03
5352,"Novembro",800.54
5352,"Dezembro",131.53
9180,"Janeiro",592.55
9180,"Fevereiro",530.54
9180,"Março",697.83
9180,"Abril",243.35
9180,"Maio",513.72
9180,"Junho",791.05
9180,"Julho",86.13
9180,"Agosto",494.06
9180,"Setembro",478.12
9180,"Outubro",1085.31
9180,"Novembro",882.33
9180,"Dezembro",129.16
8850,"Janeiro",319.69
8850,"Fevereiro",584.53
8850,"Março",407.85
8850,"Abril",93.27
8850,"Maio",289.94
8850,"Junho",109.57
8850,"Julho",991.94
8850,"Agosto",913.66
8850,"Setembro",34.07
8850,"Outubro",1264.03
8850,"Novembro",208.56
8850,"Dezembro",391.96
8090,"Janeiro",931.36
8090,"Fevereiro",1139.37
8090,"Março",420.64
8090,"Abril",763.29
8090,"Maio",440.07
8090,"Junho",27.63
8090,"Julho",927.69
8090,"Agosto",1144.08
8090,"Setembro",466.16
8090,"Outubro",799.32
8090,"Novembro",20.19
8090,"Dezembro",773.69
9319,"Janeiro",400.76
9319,"Fevereiro",218.54
9319,"Março",848.21
9319,"Abril",253.5
9319,"Maio",92.98
9319,"Junho",684.45
9319,"Julho",772.09
9319,"Agosto",869.23
9319,"Setembro",923.34
9319,"Outubro",505.33
9319,"Novembro",284.1
9319,"Dezembro",1011.97
5940,"Janeiro",861.27
5940,"Fevereiro",408.32
5940,"Março",783.19
5940,"Abril",514.35
5940,"Maio",779.98
5940,"Junho",955.34
5940,"Julho",1058.24
5940,"Agosto",41.74
5940,"Setembro",909.16
5940,"Outubro",33.05
5940,"Novembro",914.21
5940,"Dezembro",104.91
9527,"Janeiro",1345.12
9527,"Fevereiro",246.5
9527,"Março",0.64
9527,"Abril",1064.54
9527,"Maio",490.44
9527,"Junho",399.89
9527,"Julho",1007.76
9527,"Agosto",520
9527,"Setembro",785.51
9527,"Outubro",930.82
9527,"Novembro",1206.62
9527,"Dezembro",1014.37
5090,"Janeiro",888.62
5090,"Fevereiro",735.01
5090,"Março",655.9
5090,"Abril",739.56
5090,"Maio",322.9
5090,"Junho",264.45
5090,"Julho",181.66
5090,"Agosto",383.49
5090,"Setembro",46.59
5090,"Outubro",156.84
5090,"Novembro",819.68
5090,"Dezembro",840.26
9925,"Janeiro",138.5
9925,"Fevereiro",1018.83
9925,"Março",1208.81
9925,"Abril",823.22
9925,"Maio",472.47
9925,"Junho",699.05
9925,"Julho",1004.39
9925,"Agosto",69.54
9925,"Setembro",698.13
9925,"Outubro",606.94
9925,"Novembro",88.15
9925,"Dezembro",1173.42
2542,"Janeiro",1037.7
2542,"Fevereiro",45.6
2542,"Março",382.53
2542,"Abril",826.7
2542,"Maio",491.52
2542,"Junho",321.68
2542,"Julho",623.86
2542,"Agosto",620.28
2542,"Setembro",788.83
2542,"Outubro",663.18
2542,"Novembro",534.06
2542,"Dezembro",1425.85
7199,"Janeiro",6.55
7199,"Fevereiro",9.5
7199,"Março",516.84
7199,"Abril",93.44
7199,"Maio",753.81
7199,"Junho",469.21
7199,"Julho",1178.23
7199,"Agosto",543.05
7199,"Setembro",1059.27
7199,"Outubro",1383.56
7199,"Novembro",121.16
7199,"Dezembro",72.82
3322,"Janeiro",925.54
3322,"Fevereiro",1266.95
3322,"Março",573.84
3322,"Abril",135.67
3322,"Maio",221.57
3322,"Junho",193.08
3322,"Julho",1025.72
3322,"Agosto",406.19
3322,"Setembro",327.03
3322,"Outubro",219.48
3322,"Novembro",243.48
3322,"Dezembro",690.07
4680,"Janeiro",1491.01
4680,"Fevereiro",363.48
4680,"Março",69.13
4680,"Abril",982.59
4680,"Maio",342.51
4680,"Junho",663.31
4680,"Julho",188.64
4680,"Agosto",690.16
4680,"Setembro",231.73
4680,"Outubro",552.61
4680,"Novembro",29.28
4680,"Dezembro",1464.18
8697,"Janeiro",545.84
8697,"Fevereiro",119.03
8697,"Março",339.09
8697,"Abril",388.42
8697,"Maio",102.85
8697,"Junho",132.04
8697,"Julho",460.3
8697,"Agosto",289.09
8697,"Setembro",1007.99
8697,"Outubro",158.26
8697,"Novembro",538.61
8697,"Dezembro",1120.03
1403,"Janeiro",567.74
1403,"Fevereiro",243.28
1403,"Março",447.99
1403,"Abril",773.36
1403,"Maio",413.97
1403,"Junho",1069.03
1403,"Julho",425.93
1403,"Agosto",884.33
1403,"Setembro",439.2
1403,"Outubro",197.31
1403,"Novembro",84.89
1403,"Dezembro",733.61
2410,"Janeiro",661.23
2410,"Fevereiro",18.64
2410,"Março",173.52
2410,"Abril",199.94
2410,"Maio",256.2
2410,"Junho",839.12
2410,"Julho",14.96
2410,"Agosto",362.51
2410,"Setembro",812.74
2410,"Outubro",778.82
2410,"Novembro",711.48
2410,"Dezembro",27.4
9336,"Janeiro",698.35
9336,"Fevereiro",205.08
9336,"Março",853.81
9336,"Abril",553.9
9336,"Maio",481.62
9336,"Junho",608.69
9336,"Julho",785.76
9336,"Agosto",1285.93
9336,"Setembro",1369.48
9336,"Outubro",505.75
9336,"Novembro",114.46
9336,"Dezembro",116.85
1262,"Janeiro",622.11
1262,"Fevereiro",263.12
1262,"Março",625.49
1262,"Abril",607.08
1262,"Maio",244.4
1262,"Junho",1.39
1262,"Julho",782.43
1262,"Agosto",1091.25
1262,"Setembro",110.65
1262,"Outubro",853.15
1262,"Novembro",1320.99
1262,"Dezembro",703.41
1465,"Janeiro",951.81
1465,"Fevereiro",1041.08
1465,"Março",186.55
1465,"Abril",161.63
1465,"Maio",1049.12
1465,"Junho",99.2
1465,"Julho",809.91
1465,"Agosto",497.28
1465,"Setembro",468.71
1465,"Outubro",310.8
1465,"Novembro",1244.5
1465,"Dezembro",1142.23
578,"Janeiro",19.49
578,"Fevereiro",163.26
578,"Março",500.27
578,"Abril",1329.9
578,"Maio",390.61
578,"Junho",101.45
578,"Julho",412.46
578,"Agosto",1168.26
578,"Setembro",688.61
578,"Outubro",99
578,"Novembro",430.36
578,"Dezembro",497.16
8920,"Janeiro",512.05
8920,"Fevereiro",385.14
8920,"Março",636.91
8920,"Abril",575.92
8920,"Maio",565.42
8920,"Junho",825.61
8920,"Julho",932.13
8920,"Agosto",1205.19
8920,"Setembro",85.91
8920,"Outubro",1289.9
8920,"Novembro",955.52
8920,"Dezembro",305.98
2412,"Janeiro",576.51
2412,"Fevereiro",860.68
2412,"Março",305.8
2412,"Abril",1.81
2412,"Maio",1243.86
2412,"Junho",654.98
2412,"Julho",1034.39
2412,"Agosto",1033.05
2412,"Setembro",151.11
2412,"Outubro",432.63
2412,"Novembro",794.93
2412,"Dezembro",72.89
8727,"Janeiro",429.51
8727,"Fevereiro",510.82
8727,"Março",783.02
8727,"Abril",1038.3
8727,"Maio",416.57
8727,"Junho",119.07
8727,"Julho",1130.47
8727,"Agosto",519.26
8727,"Setembro",414.69
8727,"Outubro",669.14
8727,"Novembro",1207.54
8727,"Dezembro",554.62
3834,"Janeiro",34.08
3834,"Fevereiro",63.82
3834,"Março",593.62
3834,"Abril",974.6
3834,"Maio",1350.14
3834,"Junho",489.07
3834,"Julho",167.82
3834,"Agosto",353
3834,"Setembro",926.59
3834,"Outubro",411.13
3834,"Novembro",910.47
3834,"Dezembro",321.5
4112,"Janeiro",990.09
4112,"Fevereiro",469.63
4112,"Março",862.6
4112,"Abril",122.03
4112,"Maio",501.09
4112,"Junho",1220.21
4112,"Julho",568.72
4112,"Agosto",91.53
4112,"Setembro",968.93
4112,"Outubro",58.74
4112,"Novembro",267.66
4112,"Dezembro",797.94
9736,"Janeiro",1028.35
9736,"Fevereiro",1102.5
9736,"Março",506.65
9736,"Abril",528.65
9736,"Maio",888.43
9736,"Junho",201.25
9736,"Julho",692.56
9736,"Agosto",518.26
9736,"Setembro",826.05
9736,"Outubro",939.33
9736,"Novembro",337.9
9736,"Dezembro",1217.49
1462,"Janeiro",1110.06
1462,"Fevereiro",412.7
1462,"Março",87.62
1462,"Abril",663.24
1462,"Maio",799.27
1462,"Junho",123.6
1462,"Julho",1190.14
1462,"Agosto",179.32
1462,"Setembro",581.54
1462,"Outubro",586.9
1462,"Novembro",147.04
1462,"Dezembro",459.36
5796,"Janeiro",261.28
5796,"Fevereiro",1489.64
5796,"Março",94.05
5796,"Abril",746.6
5796,"Maio",530.07
5796,"Junho",562.76
5796,"Julho",197.48
5796,"Agosto",1193.26
5796,"Setembro",745.02
5796,"Outubro",217.48
5796,"Novembro",255.52
5796,"Dezembro",691.11
2602,"Janeiro",0.52
2602,"Fevereiro",1157.76
2602,"Março",357.88
2602,"Abril",820.29
2602,"Maio",102.45
2602,"Junho",273.58
2602,"Julho",182.31
2602,"Agosto",309.8
2602,"Setembro",474.62
2602,"Outubro",3.63
2602,"Novembro",358.82
2602,"Dezembro",1431.92
9834,"Janeiro",280.54
9834,"Fevereiro",574.06
9834,"Março",392.94
9834,"Abril",614.51
9834,"Maio",822.52
9834,"Junho",626.41
9834,"Julho",810.87
9834,"Agosto",735.61
9834,"Setembro",169.31
9834,"Outubro",1029.25
9834,"Novembro",0.04
9834,"Dezembro",1134.18
5337,"Janeiro",195.13
5337,"Fevereiro",68.16
5337,"Março",806.06
5337,"Abril",781.24
5337,"Maio",518.7
5337,"Junho",46.12
5337,"Julho",1017.27
5337,"Agosto",180.99
5337,"Setembro",970.48
5337,"Outubro",181.19
5337,"Novembro",141.21
5337,"Dezembro",878.88
4204,"Janeiro",208.7
4204,"Fevereiro",531.68
4204,"Março",1009.16
4204,"Abril",1048.02
4204,"Maio",305.86
4204,"Junho",390.42
4204,"Julho",88.55
4204,"Agosto",1257.71
4204,"Setembro",581.01
4204,"Outubro",1188.93
4204,"Novembro",525.12
4204,"Dezembro",511.07
1557,"Janeiro",576.35
1557,"Fevereiro",967.94
1557,"Março",85.29
1557,"Abril",362.66
1557,"Maio",983.26
1557,"Junho",673.74
1557,"Julho",1047.09
1557,"Agosto",883.44
1557,"Setembro",370.3
1557,"Outubro",95.56
1557,"Novembro",97.7
1557,"Dezembro",503.78
758,"Janeiro",787.81
758,"Fevereiro",753.1
758,"Março",749.89
758,"Abril",284.85
758,"Maio",726.89
758,"Junho",659.23
758,"Julho",396.92
758,"Agosto",139.69
758,"Setembro",747.49
758,"Outubro",604.42
758,"Novembro",501.59
758,"Dezembro",345.34
555,"Janeiro",847.09
555,"Fevereiro",778.28
555,"Março",150.01
555,"Abril",255.81
555,"Maio",501.51
555,"Junho",52.84
555,"Julho",1019.52
555,"Agosto",229.65
555,"Setembro",229.71
555,"Outubro",178.21
555,"Novembro",613.4
555,"Dezembro",1226.77
4982,"Janeiro",771.55
4982,"Fevereiro",1488.14
4982,"Março",478.38
4982,"Abril",76.85
4982,"Maio",103.92
4982,"Junho",7.55
4982,"Julho",564.7
4982,"Agosto",959.81
4982,"Setembro",765.73
4982,"Outubro",1231.41
4982,"Novembro",127.68
4982,"Dezembro",102
9823,"Janeiro",1303.32
9823,"Fevereiro",794.08
9823,"Março",190.6
9823,"Abril",865.87
9823,"Maio",143.11
9823,"Junho",1150.56
9823,"Julho",522.39
9823,"Agosto",725.17
9823,"Setembro",348.58
9823,"Outubro",610.7
9823,"Novembro",634
9823,"Dezembro",339.21
9316,"Janeiro",14.79
9316,"Fevereiro",620.27
9316,"Março",662.06
9316,"Abril",1381.81
9316,"Maio",191.74
9316,"Junho",123.37
9316,"Julho",552.12
9316,"Agosto",749.58
9316,"Setembro",1342.2
9316,"Outubro",696.57
9316,"Novembro",1263.65
9316,"Dezembro",181.36
363,"Janeiro",655.92
363,"Fevereiro",747.79
363,"Março",140.25
363,"Abril",217.58
363,"Maio",584.21
363,"Junho",369.88
363,"Julho",661.04
363,"Agosto",406.31
363,"Setembro",856.69
363,"Outubro",269.68
363,"Novembro",691.24
363,"Dezembro",249.62
140,"Janeiro",651.82
140,"Fevereiro",1027.29
140,"Março",829.04
140,"Abril",1218.23
140,"Maio",1339.24
140,"Junho",463.25
140,"Julho",50.54
140,"Agosto",426.47
140,"Setembro",1068.02
140,"Outubro",201.21
140,"Novembro",727.42
140,"Dezembro",597.59
1969,"Janeiro",33.09
1969,"Fevereiro",4.88
1969,"Março",130.8
1969,"Abril",594.23
1969,"Maio",11.45
1969,"Junho",1123.29
1969,"Julho",864.53
1969,"Agosto",412.56
1969,"Setembro",31.49
1969,"Outubro",1005.32
1969,"Novembro",805.96
1969,"Dezembro",151.36
2565,"Janeiro",239.11
2565,"Fevereiro",578.25
2565,"Março",1094.43
2565,"Abril",865.56
2565,"Maio",454.16
2565,"Junho",630.66
2565,"Julho",448.9
2565,"Agosto",567.3
2565,"Setembro",176.3
2565,"Outubro",213.5
2565,"Novembro",487.51
2565,"Dezembro",1343.25
4150,"Janeiro",31.32
4150,"Fevereiro",676.08
4150,"Março",420.99
4150,"Abril",1155.1
4150,"Maio",1201.12
4150,"Junho",603.2
4150,"Julho",207.93
4150,"Agosto",514.66
4150,"Setembro",1006.58
4150,"Outubro",736.71
4150,"Novembro",493.45
4150,"Dezembro",159.45
1133,"Janeiro",434.32
1133,"Fevereiro",219.37
1133,"Março",770.13
1133,"Abril",795.84
1133,"Maio",907.9
1133,"Junho",971.07
1133,"Julho",737.06
1133,"Agosto",55.31
1133,"Setembro",1081.78
1133,"Outubro",51.54
1133,"Novembro",1549.85
1133,"Dezembro",406.63
1736,"Janeiro",359.02
1736,"Fevereiro",805.16
1736,"Março",286.97
1736,"Abril",807.98
1736,"Maio",210.25
1736,"Junho",1441.9
1736,"Julho",644.8
1736,"Agosto",562.43
1736,"Setembro",1136.36
1736,"Outubro",617.39
1736,"Novembro",789.38
1736,"Dezembro",242.47
9255,"Janeiro",22.67
9255,"Fevereiro",1352.13
9255,"Março",87.44
9255,"Abril",663.88
9255,"Maio",680.54
9255,"Junho",783.46
9255,"Julho",270.69
9255,"Agosto",536.55
9255,"Setembro",0.86
9255,"Outubro",819.2
9255,"Novembro",526.56
9255,"Dezembro",741.65
6461,"Janeiro",933.71
6461,"Fevereiro",401.68
6461,"Março",712.02
6461,"Abril",935.49
6461,"Maio",1105.44
6461,"Junho",478.74
6461,"Julho",196.07
6461,"Agosto",193.83
6461,"Setembro",1228.11
6461,"Outubro",220.88
6461,"Novembro",805.26
6461,"Dezembro",172.94
1307,"Janeiro",892.43
1307,"Fevereiro",549.75
1307,"Março",185.63
1307,"Abril",525.32
1307,"Maio",490.32
1307,"Junho",386.9
1307,"Julho",797.79
1307,"Agosto",454.34
1307,"Setembro",241.74
1307,"Outubro",834.3
1307,"Novembro",440.41
1307,"Dezembro",357.8
8228,"Janeiro",395.04
8228,"Fevereiro",265.44
8228,"Março",1026.88
8228,"Abril",951.54
8228,"Maio",203.29
8228,"Junho",860.01
8228,"Julho",1271.13
8228,"Agosto",256.76
8228,"Setembro",442.43
8228,"Outubro",544.46
8228,"Novembro",382.48
8228,"Dezembro",1266.42
4237,"Janeiro",127.02
4237,"Fevereiro",602.11
4237,"Março",533.68
4237,"Abril",480.36
4237,"Maio",1091.48
4237,"Junho",230.33
4237,"Julho",850.01
4237,"Agosto",517.09
4237,"Setembro",40.81
4237,"Outubro",1457.7
4237,"Novembro",583.85
4237,"Dezembro",501.71
2214,"Janeiro",960.68
2214,"Fevereiro",921.3
2214,"Março",414.92
2214,"Abril",143.89
2214,"Maio",436.78
2214,"Junho",1469.33
2214,"Julho",864.4
2214,"Agosto",693.01
2214,"Setembro",697.36
2214,"Outubro",1030.1
2214,"Novembro",340.56
2214,"Dezembro",903.67
8113,"Janeiro",1053.19
8113,"Fevereiro",949.65
8113,"Março",1135.78
8113,"Abril",984.02
8113,"Maio",150.3
8113,"Junho",551.47
8113,"Julho",798.04
8113,"Agosto",451.23
8113,"Setembro",215.51
8113,"Outubro",1028.41
8113,"Novembro",775.22
8113,"Dezembro",106.38
8111,"Janeiro",241.49
8111,"Fevereiro",1331.99
8111,"Março",75.57
8111,"Abril",139.67
8111,"Maio",1240.29
8111,"Junho",602.06
8111,"Julho",977.01
8111,"Agosto",86.35
8111,"Setembro",645.77
8111,"Outubro",1467.93
8111,"Novembro",1028.01
8111,"Dezembro",705.67
9782,"Janeiro",771.79
9782,"Fevereiro",220.86
9782,"Março",59.5
9782,"Abril",1138.93
9782,"Maio",1529.53
9782,"Junho",993.15
9782,"Julho",683.93
9782,"Agosto",28.06
9782,"Setembro",431.75
9782,"Outubro",751.81
9782,"Novembro",534.99
9782,"Dezembro",234.12
97,"Janeiro",872.37
97,"Fevereiro",339.04
97,"Março",1210.83
97,"Abril",558.44
97,"Maio",169.92
97,"Junho",402.18
97,"Julho",610.7
97,"Agosto",440.58
97,"Setembro",932.57
97,"Outubro",324.33
97,"Novembro",811.55
97,"Dezembro",849.53
4342,"Janeiro",753.69
4342,"Fevereiro",254.39
4342,"Março",1079.39
4342,"Abril",417.09
4342,"Maio",89.63
4342,"Junho",1262.16
4342,"Julho",710.73
4342,"Agosto",945.67
4342,"Setembro",897.55
4342,"Outubro",364.37
4342,"Novembro",1306.88
4342,"Dezembro",864.04
7180,"Janeiro",1015.74
7180,"Fevereiro",594.24
7180,"Março",144.53
7180,"Abril",871.04
7180,"Maio",99.52
7180,"Junho",505.64
7180,"Julho",413.93
7180,"Agosto",1235.4
7180,"Setembro",823.75
7180,"Outubro",202.08
7180,"Novembro",455.75
7180,"Dezembro",1177.52
5889,"Janeiro",1053.51
5889,"Fevereiro",559.46
5889,"Março",235.58
5889,"Abril",883.9
5889,"Maio",520.11
5889,"Junho",618.72
5889,"Julho",490.55
5889,"Agosto",585.51
5889,"Setembro",113.94
5889,"Outubro",356.26
5889,"Novembro",1222.39
5889,"Dezembro",1081.96
7217,"Janeiro",638.08
7217,"Fevereiro",372.34
7217,"Março",234.65
7217,"Abril",460.03
7217,"Maio",593.19
7217,"Junho",373.69
7217,"Julho",150.36
7217,"Agosto",465.15
7217,"Setembro",1291.83
7217,"Outubro",400.21
7217,"Novembro",100.93
7217,"Dezembro",643.89
7884,"Janeiro",516.24
7884,"Fevereiro",658.46
7884,"Março",387.64
7884,"Abril",944.93
7884,"Maio",36.84
7884,"Junho",606.77
7884,"Julho",739.43
7884,"Agosto",82.11
7884,"Setembro",464.2
7884,"Outubro",951.08
7884,"Novembro",576.29
7884,"Dezembro",883.65
3553,"Janeiro",829.25
3553,"Fevereiro",1063.73
3553,"Março",717.34
3553,"Abril",372.66
3553,"Maio",157.9
3553,"Junho",138.18
3553,"Julho",408
3553,"Agosto",552.17
3553,"Setembro",443.66
3553,"Outubro",716.1
3553,"Novembro",444.42
3553,"Dezembro",714.2
6379,"Janeiro",774.63
6379,"Fevereiro",759.61
6379,"Março",92.65
6379,"Abril",156.61
6379,"Maio",352.98
6379,"Junho",410.18
6379,"Julho",1185.34
6379,"Agosto",710.53
6379,"Setembro",704
6379,"Outubro",851.61
6379,"Novembro",354.6
6379,"Dezembro",307.17
1516,"Janeiro",424.9
1516,"Fevereiro",625.16
1516,"Março",1016.31
1516,"Abril",415.19
1516,"Maio",444.15
1516,"Junho",1501.98
1516,"Julho",99.59
1516,"Agosto",170.3
1516,"Setembro",802.06
1516,"Outubro",612.4
1516,"Novembro",411.76
1516,"Dezembro",1244.68
7508,"Janeiro",281.26
7508,"Fevereiro",869.78
7508,"Março",179.39
7508,"Abril",173.36
7508,"Maio",811.06
7508,"Junho",16.14
7508,"Julho",1288.93
7508,"Agosto",620.45
7508,"Setembro",14.55
7508,"Outubro",317.18
7508,"Novembro",243.96
7508,"Dezembro",337.59
3437,"Janeiro",1017.58
3437,"Fevereiro",408.94
3437,"Março",729.58
3437,"Abril",517.53
3437,"Maio",600.26
3437,"Junho",536.43
3437,"Julho",453.78
3437,"Agosto",980.83
3437,"Setembro",410.67
3437,"Outubro",546.73
3437,"Novembro",775.09
3437,"Dezembro",292.12
53,"Janeiro",78.1
53,"Fevereiro",552.3
53,"Março",23.8
53,"Abril",826.83
53,"Maio",661.18
53,"Junho",384.45
53,"Julho",598.88
53,"Agosto",630.13
53,"Setembro",103.89
53,"Outubro",662.53
53,"Novembro",85.09
53,"Dezembro",901.26
8009,"Janeiro",788.6
8009,"Fevereiro",676.89
8009,"Março",901.17
8009,"Abril",691.77
8009,"Maio",449.17
8009,"Junho",33.17
8009,"Julho",117.89
8009,"Agosto",872.65
8009,"Setembro",1029.89
8009,"Outubro",861.39
8009,"Novembro",431.63
8009,"Dezembro",315.97
3325,"Janeiro",180.68
3325,"Fevereiro",548.44
3325,"Março",780.03
3325,"Abril",402.29
3325,"Maio",858.16
3325,"Junho",6.98
3325,"Julho",685.16
3325,"Agosto",932.79
3325,"Setembro",492.39
3325,"Outubro",68.51
3325,"Novembro",500.37
3325,"Dezembro",182.71
6915,"Janeiro",71.77
6915,"Fevereiro",586.72
6915,"Março",20.64
6915,"Abril",180.13
6915,"Maio",367.03
6915,"Junho",538.18
6915,"Julho",260.07
6915,"Agosto",638.56
6915,"Setembro",732.54
6915,"Outubro",427.05
6915,"Novembro",959.55
6915,"Dezembro",776.79
9920,"Janeiro",738.55
9920,"Fevereiro",457.91
9920,"Março",750
9920,"Abril",824.17
9920,"Maio",420.56
9920,"Junho",663.06
9920,"Julho",732.07
9920,"Agosto",899.58
9920,"Setembro",555.03
9920,"Outubro",843.93
9920,"Novembro",177.23
9920,"Dezembro",767.94
1625,"Janeiro",1375.11
1625,"Fevereiro",431.82
1625,"Março",784.98
1625,"Abril",957.47
1625,"Maio",471.06
1625,"Junho",868.33
1625,"Julho",635.81
1625,"Agosto",245.16
1625,"Setembro",1156.89
1625,"Outubro",423.79
1625,"Novembro",608.21
1625,"Dezembro",37.3
6288,"Janeiro",1054.96
6288,"Fevereiro",836.07
6288,"Março",608.07
6288,"Abril",646.7
6288,"Maio",1205.22
6288,"Junho",1003.64
6288,"Julho",1115.59
6288,"Agosto",1213.62
6288,"Setembro",917.8
6288,"Outubro",510.32
6288,"Novembro",170.36
6288,"Dezembro",983.72
5075,"Janeiro",356.09
5075,"Fevereiro",41.08
5075,"Março",769.72
5075,"Abril",238.9
5075,"Maio",1363.96
5075,"Junho",92.57
5075,"Julho",459.13
5075,"Agosto",1411.01
5075,"Setembro",1235.02
5075,"Outubro",991.8
5075,"Novembro",451.82
5075,"Dezembro",943.54
2325,"Janeiro",643.71
2325,"Fevereiro",680.14
2325,"Março",375.96
2325,"Abril",262.35
2325,"Maio",961.97
2325,"Junho",748.66
2325,"Julho",137.17
2325,"Agosto",770.1
2325,"Setembro",1047.8
2325,"Outubro",89.92
2325,"Novembro",1446.33
2325,"Dezembro",1274.2
5866,"Janeiro",69.61
5866,"Fevereiro",828.24
5866,"Março",1196.25
5866,"Abril",770.8
5866,"Maio",893.92
5866,"Junho",846.39
5866,"Julho",672.29
5866,"Agosto",972.78
5866,"Setembro",990.91
5866,"Outubro",129.04
5866,"Novembro",1011.64
5866,"Dezembro",352.32
9777,"Janeiro",896.31
9777,"Fevereiro",952.07
9777,"Março",369.49
9777,"Abril",1026.57
9777,"Maio",555.94
9777,"Junho",562.83
9777,"Julho",1443.3
9777,"Agosto",840.81
9777,"Setembro",834.44
9777,"Outubro",529.56
9777,"Novembro",443.4
9777,"Dezembro",822.17
9286,"Janeiro",916.86
9286,"Fevereiro",35.41
9286,"Março",366.86
9286,"Abril",758.98
9286,"Maio",924.12
9286,"Junho",1001.45
9286,"Julho",539.04
9286,"Agosto",925.26
9286,"Setembro",211.64
9286,"Outubro",1026.25
9286,"Novembro",400.31
9286,"Dezembro",288.75
1122,"Janeiro",355.53
1122,"Fevereiro",643.9
1122,"Março",766.12
1122,"Abril",650.08
1122,"Maio",742.18
1122,"Junho",543.38
1122,"Julho",329.27
1122,"Agosto",1107.16
1122,"Setembro",1247.34
1122,"Outubro",700.43
1122,"Novembro",796.8
1122,"Dezembro",176.79
6108,"Janeiro",472.06
6108,"Fevereiro",163.4
6108,"Março",482.18
6108,"Abril",225.02
6108,"Maio",317.74
6108,"Junho",1309.78
6108,"Julho",361.6
6108,"Agosto",351.51
6108,"Setembro",1125.01
6108,"Outubro",1312.71
6108,"Novembro",805.27
6108,"Dezembro",390.06
3179,"Janeiro",610.82
3179,"Fevereiro",803.1
3179,"Março",971.54
3179,"Abril",585.32
3179,"Maio",933.1
3179,"Junho",684.09
3179,"Julho",657.26
3179,"Agosto",307.66
3179,"Setembro",220.91
3179,"Outubro",475.19
3179,"Novembro",729.29
3179,"Dezembro",452.39
3587,"Janeiro",1020.6
3587,"Fevereiro",845.87
3587,"Março",339.12
3587,"Abril",735.57
3587,"Maio",957.2
3587,"Junho",348.57
3587,"Julho",212.49
3587,"Agosto",507.78
3587,"Setembro",523.47
3587,"Outubro",766.91
3587,"Novembro",1212.67
3587,"Dezembro",893.06
8583,"Janeiro",628.03
8583,"Fevereiro",127.97
8583,"Março",622.27
8583,"Abril",133.88
8583,"Maio",827.14
8583,"Junho",905.8
8583,"Julho",259.48
8583,"Agosto",453.54
8583,"Setembro",493.29
8583,"Outubro",550.36
8583,"Novembro",431.98
8583,"Dezembro",367.93
9539,"Janeiro",1094.52
9539,"Fevereiro",718.6
9539,"Março",548.34
9539,"Abril",1061.34
9539,"Maio",216.17
9539,"Junho",730.54
9539,"Julho",797.57
9539,"Agosto",1079.58
9539,"Setembro",483.47
9539,"Outubro",838.92
9539,"Novembro",521.46
9539,"Dezembro",608.45
5737,"Janeiro",184.31
5737,"Fevereiro",355.64
5737,"Março",1109.31
5737,"Abril",523.4
5737,"Maio",1311.67
5737,"Junho",310.66
5737,"Julho",157.05
5737,"Agosto",678.41
5737,"Setembro",272.92
5737,"Outubro",315.6
5737,"Novembro",632.79
5737,"Dezembro",366
4852,"Janeiro",616.83
4852,"Fevereiro",1021.83
4852,"Março",369.97
4852,"Abril",315.44
4852,"Maio",534.82
4852,"Junho",433.97
4852,"Julho",7.98
4852,"Agosto",1394.27
4852,"Setembro",148.61
4852,"Outubro",414.93
4852,"Novembro",506.25
4852,"Dezembro",805.13
226,"Janeiro",802.25
226,"Fevereiro",139.94
226,"Março",117.93
226,"Abril",847.09
226,"Maio",6.32
226,"Junho",422.69
226,"Julho",795.2
226,"Agosto",419.36
226,"Setembro",304.43
226,"Outubro",1134.24
226,"Novembro",824.64
226,"Dezembro",818.96
2354,"Janeiro",447.62
2354,"Fevereiro",416.67
2354,"Março",506.34
2354,"Abril",831.49
2354,"Maio",180.85
2354,"Junho",621.17
2354,"Julho",872.9
2354,"Agosto",27.53
2354,"Setembro",883.31
2354,"Outubro",667.84
2354,"Novembro",447.54
2354,"Dezembro",113.38
996,"Janeiro",1507.07
996,"Fevereiro",812.67
996,"Março",789.77
996,"Abril",1209.48
996,"Maio",146.53
996,"Junho",940.73
996,"Julho",404.48
996,"Agosto",54.19
996,"Setembro",886.84
996,"Outubro",900.5
996,"Novembro",751.96
996,"Dezembro",644.2
5262,"Janeiro",377.57
5262,"Fevereiro",214.28
5262,"Março",188.47
5262,"Abril",47.05
5262,"Maio",324.1
5262,"Junho",511.01
5262,"Julho",175.48
5262,"Agosto",426.27
5262,"Setembro",1071.42
5262,"Outubro",555.3
5262,"Novembro",215.41
5262,"Dezembro",1252.28
2270,"Janeiro",516.91
2270,"Fevereiro",738.1
2270,"Março",1420.28
2270,"Abril",267.11
2270,"Maio",967.44
2270,"Junho",1388.54
2270,"Julho",359.68
2270,"Agosto",639.87
2270,"Setembro",1204.22
2270,"Outubro",1031.14
2270,"Novembro",484.12
2270,"Dezembro",98.88
1340,"Janeiro",460.92
1340,"Fevereiro",875.59
1340,"Março",807.84
1340,"Abril",962.88
1340,"Maio",21.75
1340,"Junho",500.59
1340,"Julho",165.13
1340,"Agosto",1200.61
1340,"Setembro",1148.8
1340,"Outubro",811.53
1340,"Novembro",631.66
1340,"Dezembro",401.37
4076,"Janeiro",349.46
4076,"Fevereiro",404.81
4076,"Março",1231.08
4076,"Abril",602.53
4076,"Maio",36.83
4076,"Junho",33.95
4076,"Julho",442.02
4076,"Agosto",423.01
4076,"Setembro",731.86
4076,"Outubro",357.74
4076,"Novembro",324.4
4076,"Dezembro",482.69
8374,"Janeiro",528.3
8374,"Fevereiro",288.91
8374,"Março",729.65
8374,"Abril",1041.41
8374,"Maio",1297.43
8374,"Junho",419.61
8374,"Julho",578.19
8374,"Agosto",555.34
8374,"Setembro",338.26
8374,"Outubro",1277.14
8374,"Novembro",284.28
8374,"Dezembro",1076.48
9016,"Janeiro",752.42
9016,"Fevereiro",81.52
9016,"Março",131.24
9016,"Abril",1105.83
9016,"Maio",701.57
9016,"Junho",683.1
9016,"Julho",366.98
9016,"Agosto",921.46
9016,"Setembro",236.66
9016,"Outubro",1281.37
9016,"Novembro",629.57
9016,"Dezembro",690.18
6332,"Janeiro",764.34
6332,"Fevereiro",722.4
6332,"Março",883.01
6332,"Abril",370.05
6332,"Maio",829.73
6332,"Junho",194.44
6332,"Julho",971.88
6332,"Agosto",60.86
6332,"Setembro",729.74
6332,"Outubro",43.41
6332,"Novembro",148.64
6332,"Dezembro",229.55
2665,"Janeiro",6.2
2665,"Fevereiro",888.32
2665,"Março",770.27
2665,"Abril",259.3
2665,"Maio",136.06
2665,"Junho",941.33
2665,"Julho",942.69
2665,"Agosto",17.64
2665,"Setembro",185.16
2665,"Outubro",767.45
2665,"Novembro",640.12
2665,"Dezembro",423.7
110,"Janeiro",487.75
110,"Fevereiro",570.83
110,"Março",395.02
110,"Abril",949.96
110,"Maio",137.99
110,"Junho",117.9
110,"Julho",2.72
110,"Agosto",336.94
110,"Setembro",147.86
110,"Outubro",735.09
110,"Novembro",94.56
110,"Dezembro",466.83
2922,"Janeiro",305.62
2922,"Fevereiro",528.21
2922,"Março",683.45
2922,"Abril",701.73
2922,"Maio",723.55
2922,"Junho",794.43
2922,"Julho",138.61
2922,"Agosto",214.24
2922,"Setembro",266.71
2922,"Outubro",675.57
2922,"Novembro",73.65
2922,"Dezembro",767.98
2250,"Janeiro",589.99
2250,"Fevereiro",648.57
2250,"Março",635.78
2250,"Abril",45.5
2250,"Maio",323.83
2250,"Junho",221.64
2250,"Julho",24.46
2250,"Agosto",116.07
2250,"Setembro",524.8
2250,"Outubro",1172.75
2250,"Novembro",942.51
2250,"Dezembro",16.17
6349,"Janeiro",312.95
6349,"Fevereiro",401.19
6349,"Março",305.32
6349,"Abril",345.88
6349,"Maio",352.47
6349,"Junho",1078.37
6349,"Julho",86.52
6349,"Agosto",602.02
6349,"Setembro",613.57
6349,"Outubro",96.12
6349,"Novembro",424.62
6349,"Dezembro",14.29
2195,"Janeiro",50.35
2195,"Fevereiro",688.36
2195,"Março",1048.46
2195,"Abril",693.26
2195,"Maio",518.08
2195,"Junho",1450.33
2195,"Julho",1365.59
2195,"Agosto",228.08
2195,"Setembro",448.87
2195,"Outubro",896.85
2195,"Novembro",387.37
2195,"Dezembro",672.27
7817,"Janeiro",612.95
7817,"Fevereiro",378.66
7817,"Março",942.6
7817,"Abril",567.41
7817,"Maio",320.58
7817,"Junho",342.82
7817,"Julho",1251.29
7817,"Agosto",579.7
7817,"Setembro",730.08
7817,"Outubro",251.28
7817,"Novembro",830.17
7817,"Dezembro",247.31
951,"Janeiro",696.62
951,"Fevereiro",1011.53
951,"Março",656.44
951,"Abril",823.86
951,"Maio",784.2
951,"Junho",1070.09
951,"Julho",484.44
951,"Agosto",832.6
951,"Setembro",582.43
951,"Outubro",672.02
951,"Novembro",932.43
951,"Dezembro",548.71
7838,"Janeiro",150.52
7838,"Fevereiro",399.62
7838,"Março",759
7838,"Abril",224.69
7838,"Maio",551.14
7838,"Junho",1248.18
7838,"Julho",697.77
7838,"Agosto",426.25
7838,"Setembro",816.61
7838,"Outubro",542.04
7838,"Novembro",560.69
7838,"Dezembro",551.42
4619,"Janeiro",1170.76
4619,"Fevereiro",141.59
4619,"Março",586.07
4619,"Abril",76.43
4619,"Maio",858.93
4619,"Junho",667.45
4619,"Julho",559.84
4619,"Agosto",391.28
4619,"Setembro",1134.59
4619,"Outubro",846.56
4619,"Novembro",943.73
4619,"Dezembro",523.94
1219,"Janeiro",793.06
1219,"Fevereiro",1054.2
1219,"Março",719.24
1219,"Abril",329.82
1219,"Maio",429.7
1219,"Junho",372.4
1219,"Julho",1062.31
1219,"Agosto",838.36
1219,"Setembro",597.29
1219,"Outubro",188.05
1219,"Novembro",153.47
1219,"Dezembro",239.65
5283,"Janeiro",469.69
5283,"Fevereiro",47.41
5283,"Março",950.84
5283,"Abril",574.85
5283,"Maio",851.6
5283,"Junho",371.11
5283,"Julho",1289.28
5283,"Agosto",837
5283,"Setembro",408.21
5283,"Outubro",173.24
5283,"Novembro",1373
5283,"Dezembro",819.56
217,"Janeiro",155.6
217,"Fevereiro",892.2
217,"Março",427.74
217,"Abril",587.18
217,"Maio",214.18
217,"Junho",267.17
217,"Julho",339.64
217,"Agosto",941.78
217,"Setembro",966.42
217,"Outubro",580.64
217,"Novembro",353.1
217,"Dezembro",867.51
2215,"Janeiro",160.17
2215,"Fevereiro",335.21
2215,"Março",80.1
2215,"Abril",321.81
2215,"Maio",617.44
2215,"Junho",820.15
2215,"Julho",1212.36
2215,"Agosto",518.55
2215,"Setembro",1178.16
2215,"Outubro",528.56
2215,"Novembro",1016.46
2215,"Dezembro",325.35
5095,"Janeiro",861.88
5095,"Fevereiro",91.61
5095,"Março",558.39
5095,"Abril",380.4
5095,"Maio",202.52
5095,"Junho",880.97
5095,"Julho",415.81
5095,"Agosto",480.6
5095,"Setembro",793.22
5095,"Outubro",277
5095,"Novembro",367.24
5095,"Dezembro",960.84
7031,"Janeiro",409.97
7031,"Fevereiro",641.84
7031,"Março",1162.26
7031,"Abril",652.02
7031,"Maio",2.22
7031,"Junho",271.67
7031,"Julho",1007.89
7031,"Agosto",310.5
7031,"Setembro",43.17
7031,"Outubro",958.17
7031,"Novembro",62.29
7031,"Dezembro",432.67
1803,"Janeiro",153.59
1803,"Fevereiro",953.09
1803,"Março",287.4
1803,"Abril",634.22
1803,"Maio",195.61
1803,"Junho",606.52
1803,"Julho",678.46
1803,"Agosto",52.07
1803,"Setembro",1172.84
1803,"Outubro",1090.33
1803,"Novembro",1371.57
1803,"Dezembro",112.12
3351,"Janeiro",224.54
3351,"Fevereiro",14.34
3351,"Março",25.23
3351,"Abril",1022.15
3351,"Maio",935.44
3351,"Junho",755.22
3351,"Julho",1153.07
3351,"Agosto",203.76
3351,"Setembro",382.81
3351,"Outubro",763.72
3351,"Novembro",505.75
3351,"Dezembro",879.71
8105,"Janeiro",62.78
8105,"Fevereiro",608.45
8105,"Março",946.77
8105,"Abril",66.32
8105,"Maio",1223.94
8105,"Junho",77.49
8105,"Julho",309.32
8105,"Agosto",660.47
8105,"Setembro",427.96
8105,"Outubro",761.74
8105,"Novembro",6.83
8105,"Dezembro",776.65
8545,"Janeiro",490.58
8545,"Fevereiro",1143.59
8545,"Março",307.46
8545,"Abril",857.44
8545,"Maio",301.2
8545,"Junho",1137.57
8545,"Julho",921.15
8545,"Agosto",268.31
8545,"Setembro",473.46
8545,"Outubro",299.96
8545,"Novembro",150.11
8545,"Dezembro",746.13
2138,"Janeiro",98.45
2138,"Fevereiro",1098.49
2138,"Março",1054.13
2138,"Abril",454.09
2138,"Maio",334.49
2138,"Junho",1334.59
2138,"Julho",381.28
2138,"Agosto",647.34
2138,"Setembro",689.91
2138,"Outubro",1062.54
2138,"Novembro",462.34
2138,"Dezembro",1155.21
1511,"Janeiro",648.36
1511,"Fevereiro",739.66
1511,"Março",920.2
1511,"Abril",427.07
1511,"Maio",318.74
1511,"Junho",69.83
1511,"Julho",420.37
1511,"Agosto",790.76
1511,"Setembro",794.45
1511,"Outubro",126.09
1511,"Novembro",241.35
1511,"Dezembro",802.54
7421,"Janeiro",224.33
7421,"Fevereiro",710.71
7421,"Março",655.89
7421,"Abril",80.81
7421,"Maio",313.63
7421,"Junho",1067.99
7421,"Julho",730.97
7421,"Agosto",344.07
7421,"Setembro",138.28
7421,"Outubro",1044.13
7421,"Novembro",775.38
7421,"Dezembro",1087.03
591,"Janeiro",6.73
591,"Fevereiro",147.47
591,"Março",792.77
591,"Abril",929.84
591,"Maio",252.21
591,"Junho",792.96
591,"Julho",119.25
591,"Agosto",708.02
591,"Setembro",429.1
591,"Outubro",618.14
591,"Novembro",877.74
591,"Dezembro",1110.9
5185,"Janeiro",307.1
5185,"Fevereiro",564.69
5185,"Março",1401.88
5185,"Abril",958.37
5185,"Maio",688.92
5185,"Junho",26.5
5185,"Julho",1157.65
5185,"Agosto",548.13
5185,"Setembro",466.09
5185,"Outubro",999.77
5185,"Novembro",275.2
5185,"Dezembro",611.23
5192,"Janeiro",153.84
5192,"Fevereiro",437.28
5192,"Março",962.07
5192,"Abril",793.59
5192,"Maio",1005.2
5192,"Junho",8.78
5192,"Julho",1100.77
5192,"Agosto",925.97
5192,"Setembro",562.71
5192,"Outubro",1203.57
5192,"Novembro",116.16
5192,"Dezembro",8.37
3082,"Janeiro",781.61
3082,"Fevereiro",376.93
3082,"Março",382.63
3082,"Abril",495.79
3082,"Maio",385.16
3082,"Junho",922.95
3082,"Julho",914.27
3082,"Agosto",237.48
3082,"Setembro",795.77
3082,"Outubro",928.24
3082,"Novembro",402.83
3082,"Dezembro",664.71
7681,"Janeiro",779.48
7681,"Fevereiro",471.54
7681,"Março",290.36
7681,"Abril",532.1
7681,"Maio",503.96
7681,"Junho",337.53
7681,"Julho",1025.94
7681,"Agosto",491.53
7681,"Setembro",102
7681,"Outubro",1245.18
7681,"Novembro",630.55
7681,"Dezembro",732.03
9480,"Janeiro",916.41
9480,"Fevereiro",39.63
9480,"Março",1315.54
9480,"Abril",343.55
9480,"Maio",656.24
9480,"Junho",218.05
9480,"Julho",273.09
9480,"Agosto",537.56
9480,"Setembro",193.04
9480,"Outubro",185.29
9480,"Novembro",661.89
9480,"Dezembro",936.25
6672,"Janeiro",681.93
6672,"Fevereiro",157.74
6672,"Março",689.29
6672,"Abril",199.71
6672,"Maio",687.36
6672,"Junho",1312.61
6672,"Julho",926.5
6672,"Agosto",1377.92
6672,"Setembro",61.64
6672,"Outubro",100.99
6672,"Novembro",531.2
6672,"Dezembro",1072.4
1464,"Janeiro",636.71
1464,"Fevereiro",399.2
1464,"Março",418.29
1464,"Abril",928.89
1464,"Maio",886.47
1464,"Junho",660.12
1464,"Julho",552.64
1464,"Agosto",324.71
1464,"Setembro",281.51
1464,"Outubro",992.55
1464,"Novembro",705.8
1464,"Dezembro",271.47
9983,"Janeiro",423.84
9983,"Fevereiro",453.2
9983,"Março",1148.28
9983,"Abril",711.68
9983,"Maio",62.78
9983,"Junho",61.56
9983,"Julho",131.56
9983,"Agosto",246.18
9983,"Setembro",692.81
9983,"Outubro",125.43
9983,"Novembro",177.2
9983,"Dezembro",764.8
8245,"Janeiro",1378.18
8245,"Fevereiro",1258.99
8245,"Março",920.89
8245,"Abril",133.66
8245,"Maio",778.23
8245,"Junho",489.57
8245,"Julho",149.29
8245,"Agosto",812.8
8245,"Setembro",364.13
8245,"Outubro",131.92
8245,"Novembro",544.8
8245,"Dezembro",649.29
6995,"Janeiro",740.41
6995,"Fevereiro",770.56
6995,"Março",120.74
6995,"Abril",662.78
6995,"Maio",584.88
6995,"Junho",14.91
6995,"Julho",839.06
6995,"Agosto",809.79
6995,"Setembro",42.73
6995,"Outubro",1233.42
6995,"Novembro",805.82
6995,"Dezembro",853.48
6338,"Janeiro",667.99
6338,"Fevereiro",760.34
6338,"Março",523.67
6338,"Abril",1110.44
6338,"Maio",148.65
6338,"Junho",207.14
6338,"Julho",285.32
6338,"Agosto",1265.42
6338,"Setembro",39.4
6338,"Outubro",594.53
6338,"Novembro",75.22
6338,"Dezembro",342.87
5615,"Janeiro",867.4
5615,"Fevereiro",94.69
5615,"Março",1146.51
5615,"Abril",102.52
5615,"Maio",1071.64
5615,"Junho",410.98
5615,"Julho",563.56
5615,"Agosto",231.07
5615,"Setembro",1436.19
5615,"Outubro",966.48
5615,"Novembro",1018.64
5615,"Dezembro",33.99
8012,"Janeiro",1094.75
8012,"Fevereiro",431.29
8012,"Março",357.91
8012,"Abril",497.48
8012,"Maio",296.46
8012,"Junho",783.4
8012,"Julho",218.08
8012,"Agosto",250.05
8012,"Setembro",1187.04
8012,"Outubro",1024.66
8012,"Novembro",738.14
8012,"Dezembro",977.33
194,"Janeiro",1368.98
194,"Fevereiro",588.54
194,"Março",774.34
194,"Abril",562.35
194,"Maio",96.48
194,"Junho",91.13
194,"Julho",402.91
194,"Agosto",818.78
194,"Setembro",265.81
194,"Outubro",673.98
194,"Novembro",677.9
194,"Dezembro",639.61
9655,"Janeiro",642.66
9655,"Fevereiro",700.09
9655,"Março",181.24
9655,"Abril",4.3
9655,"Maio",1141.27
9655,"Junho",700.78
9655,"Julho",1172.67
9655,"Agosto",533.39
9655,"Setembro",380.49
9655,"Outubro",750.64
9655,"Novembro",1381.07
9655,"Dezembro",963.99
314,"Janeiro",514.22
314,"Fevereiro",480.5
314,"Março",270.97
314,"Abril",613.41
314,"Maio",19.32
314,"Junho",895.16
314,"Julho",339.47
314,"Agosto",628.74
314,"Setembro",707.26
314,"Outubro",819.29
314,"Novembro",459.74
314,"Dezembro",680.83
4646,"Janeiro",611.76
4646,"Fevereiro",1197.91
4646,"Março",901.57
4646,"Abril",672.32
4646,"Maio",716.52
4646,"Junho",1000.27
4646,"Julho",811.27
4646,"Agosto",511.5
4646,"Setembro",889.29
4646,"Outubro",1043.37
4646,"Novembro",824.51
4646,"Dezembro",300.25
5603,"Janeiro",387.6
5603,"Fevereiro",793.05
5603,"Março",37.29
5603,"Abril",327.82
5603,"Maio",1068.32
5603,"Junho",973.12
5603,"Julho",933.55
5603,"Agosto",188.65
5603,"Setembro",287.54
5603,"Outubro",33.04
5603,"Novembro",649.86
5603,"Dezembro",546.08
5999,"Janeiro",827.47
5999,"Fevereiro",1200.14
5999,"Março",274.46
5999,"Abril",576.45
5999,"Maio",644.73
5999,"Junho",336.05
5999,"Julho",305.55
5999,"Agosto",607.64
5999,"Setembro",1091.83
5999,"Outubro",712.71
5999,"Novembro",100.24
5999,"Dezembro",681.54
5569,"Janeiro",734.76
5569,"Fevereiro",883.58
5569,"Março",305.94
5569,"Abril",662.67
5569,"Maio",422.57
5569,"Junho",1114.46
5569,"Julho",342
5569,"Agosto",204.31
5569,"Setembro",304.99
5569,"Outubro",20.24
5569,"Novembro",555.49
5569,"Dezembro",425.22
2414,"Janeiro",484.11
2414,"Fevereiro",558.73
2414,"Março",303.42
2414,"Abril",971.44
2414,"Maio",721.23
2414,"Junho",591.45
2414,"Julho",852.4
2414,"Agosto",1036.39
2414,"Setembro",792.31
2414,"Outubro",775.13
2414,"Novembro",414.64
2414,"Dezembro",506.17
2469,"Janeiro",168.15
2469,"Fevereiro",915.76
2469,"Março",740.23
2469,"Abril",100.1
2469,"Maio",469.44
2469,"Junho",903.66
2469,"Julho",591.58
2469,"Agosto",536.82
2469,"Setembro",1173.51
2469,"Outubro",62.97
2469,"Novembro",66.41
2469,"Dezembro",677.65
6679,"Janeiro",815.7
6679,"Fevereiro",1093.75
6679,"Março",1056.38
6679,"Abril",370.31
6679,"Maio",662.58
6679,"Junho",359.11
6679,"Julho",1231.91
6679,"Agosto",566.69
6679,"Setembro",441.51
6679,"Outubro",624.82
6679,"Novembro",1301.11
6679,"Dezembro",161.85
5303,"Janeiro",917.99
5303,"Fevereiro",958.73
5303,"Março",201.3
5303,"Abril",938.71
5303,"Maio",316.06
5303,"Junho",537.75
5303,"Julho",46.78
5303,"Agosto",628.86
5303,"Setembro",160.18
5303,"Outubro",341.18
5303,"Novembro",552.53
5303,"Dezembro",217.67
8923,"Janeiro",243.47
8923,"Fevereiro",9.03
8923,"Março",574.31
8923,"Abril",208.28
8923,"Maio",389.29
8923,"Junho",106.84
8923,"Julho",471.7
8923,"Agosto",603.6
8923,"Setembro",656.09
8923,"Outubro",180.23
8923,"Novembro",154.39
8923,"Dezembro",216.22
7571,"Janeiro",1260.28
7571,"Fevereiro",607.54
7571,"Março",489.85
7571,"Abril",868.89
7571,"Maio",912.47
7571,"Junho",340.25
7571,"Julho",188.66
7571,"Agosto",728.61
7571,"Setembro",509.83
7571,"Outubro",587.84
7571,"Novembro",656.68
7571,"Dezembro",661.24
2099,"Janeiro",1269.92
2099,"Fevereiro",537.17
2099,"Março",387.31
2099,"Abril",676.46
2099,"Maio",539.7
2099,"Junho",793.06
2099,"Julho",900.6
2099,"Agosto",47.28
2099,"Setembro",920.49
2099,"Outubro",417.43
2099,"Novembro",923.11
2099,"Dezembro",114.19
9493,"Janeiro",735.99
9493,"Fevereiro",211.74
9493,"Março",450.31
9493,"Abril",865.87
9493,"Maio",850.05
9493,"Junho",71.4
9493,"Julho",71.23
9493,"Agosto",853.05
9493,"Setembro",862.1
9493,"Outubro",139.72
9493,"Novembro",445.12
9493,"Dezembro",1241.11
3666,"Janeiro",982.64
3666,"Fevereiro",208.27
3666,"Março",371.82
3666,"Abril",384.27
3666,"Maio",1019.39
3666,"Junho",349.1
3666,"Julho",309.04
3666,"Agosto",837.66
3666,"Setembro",748.21
3666,"Outubro",597.08
3666,"Novembro",33.42
3666,"Dezembro",255.75
9477,"Janeiro",1144.29
9477,"Fevereiro",1149.82
9477,"Março",732.81
9477,"Abril",231.03
9477,"Maio",823.65
9477,"Junho",879.06
9477,"Julho",31.43
9477,"Agosto",145.74
9477,"Setembro",1108.25
9477,"Outubro",592.71
9477,"Novembro",656.39
9477,"Dezembro",389.02
2144,"Janeiro",531.41
2144,"Fevereiro",694.76
2144,"Março",109.18
2144,"Abril",568.48
2144,"Maio",464.69
2144,"Junho",308.86
2144,"Julho",983.94
2144,"Agosto",915.09
2144,"Setembro",243.98
2144,"Outubro",195.54
2144,"Novembro",1126.81
2144,"Dezembro",894.38
8480,"Janeiro",696.06
8480,"Fevereiro",317.37
8480,"Março",1201.75
8480,"Abril",733.56
8480,"Maio",847.51
8480,"Junho",1418.12
8480,"Julho",371.99
8480,"Agosto",663.3
8480,"Setembro",675.11
8480,"Outubro",855.76
8480,"Novembro",608.2
8480,"Dezembro",239.8
3663,"Janeiro",35.67
3663,"Fevereiro",1127.32
3663,"Março",972.12
3663,"Abril",654.5
3663,"Maio",151.7
3663,"Junho",823.27
3663,"Julho",764.35
3663,"Agosto",470.25
3663,"Setembro",1142.16
3663,"Outubro",403.07
3663,"Novembro",220.28
3663,"Dezembro",418.03
3910,"Janeiro",1037.55
3910,"Fevereiro",1067.83
3910,"Março",959.96
3910,"Abril",100.6
3910,"Maio",617.3
3910,"Junho",173.53
3910,"Julho",530.46
3910,"Agosto",154.48
3910,"Setembro",626.22
3910,"Outubro",89.92
3910,"Novembro",48.71
3910,"Dezembro",21.32
1900,"Janeiro",890.11
1900,"Fevereiro",844.74
1900,"Março",657.49
1900,"Abril",435.42
1900,"Maio",597.48
1900,"Junho",390.83
1900,"Julho",525.76
1900,"Agosto",204.09
1900,"Setembro",221.2
1900,"Outubro",114.46
1900,"Novembro",45.16
1900,"Dezembro",857.53
7633,"Janeiro",93.62
7633,"Fevereiro",678.32
7633,"Março",969.47
7633,"Abril",390.61
7633,"Maio",13
7633,"Junho",524.66
7633,"Julho",605.49
7633,"Agosto",995.02
7633,"Setembro",827.4
7633,"Outubro",171.8
7633,"Novembro",221.11
7633,"Dezembro",107.66
7928,"Janeiro",720.49
7928,"Fevereiro",789
7928,"Março",789.86
7928,"Abril",533.56
7928,"Maio",930.62
7928,"Junho",955.9
7928,"Julho",177.8
7928,"Agosto",248.82
7928,"Setembro",1314.69
7928,"Outubro",658.58
7928,"Novembro",92.88
7928,"Dezembro",1097.22
4109,"Janeiro",585.76
4109,"Fevereiro",821.27
4109,"Março",804.46
4109,"Abril",933.09
4109,"Maio",1354.15
4109,"Junho",814.69
4109,"Julho",562.96
4109,"Agosto",925.05
4109,"Setembro",215.73
4109,"Outubro",343.99
4109,"Novembro",875.15
4109,"Dezembro",344.29
4473,"Janeiro",1151.63
4473,"Fevereiro",449.75
4473,"Março",1129.73
4473,"Abril",539.19
4473,"Maio",775.52
4473,"Junho",1059.07
4473,"Julho",1165.35
4473,"Agosto",1025.57
4473,"Setembro",155.49
4473,"Outubro",103.67
4473,"Novembro",831.81
4473,"Dezembro",429.96
8930,"Janeiro",752.15
8930,"Fevereiro",99.31
8930,"Março",325.21
8930,"Abril",846.5
8930,"Maio",13.56
8930,"Junho",525.07
8930,"Julho",937.59
8930,"Agosto",234
8930,"Setembro",880.26
8930,"Outubro",546.33
8930,"Novembro",548.87
8930,"Dezembro",1033.06
8483,"Janeiro",371.91
8483,"Fevereiro",9.22
8483,"Março",959.32
8483,"Abril",718.19
8483,"Maio",195.54
8483,"Junho",789.63
8483,"Julho",320.94
8483,"Agosto",574.98
8483,"Setembro",393.5
8483,"Outubro",756.09
8483,"Novembro",116.39
8483,"Dezembro",830.39
9763,"Janeiro",225.31
9763,"Fevereiro",424.87
9763,"Março",1113.71
9763,"Abril",706.03
9763,"Maio",1078.55
9763,"Junho",587.94
9763,"Julho",117.29
9763,"Agosto",281.82
9763,"Setembro",699.51
9763,"Outubro",704.89
9763,"Novembro",698.51
9763,"Dezembro",845.87
9727,"Janeiro",1112.39
9727,"Fevereiro",665.15
9727,"Março",764.61
9727,"Abril",707.61
9727,"Maio",625.69
9727,"Junho",470.76
9727,"Julho",70.52
9727,"Agosto",79.29
9727,"Setembro",655.23
9727,"Outubro",801.24
9727,"Novembro",23.09
9727,"Dezembro",920.64
8283,"Janeiro",565.99
8283,"Fevereiro",284.25
8283,"Março",15.72
8283,"Abril",440.81
8283,"Maio",305.38
8283,"Junho",129.42
8283,"Julho",955.32
8283,"Agosto",1492.46
8283,"Setembro",1087.18
8283,"Outubro",105.92
8283,"Novembro",373.97
8283,"Dezembro",125.57
8673,"Janeiro",846.98
8673,"Fevereiro",856.87
8673,"Março",894.73
8673,"Abril",1248.53
8673,"Maio",435.53
8673,"Junho",136.07
8673,"Julho",1131.81
8673,"Agosto",330.2
8673,"Setembro",922.5
8673,"Outubro",435.33
8673,"Novembro",816.63
8673,"Dezembro",479.29
5852,"Janeiro",695.82
5852,"Fevereiro",607.03
5852,"Março",968.97
5852,"Abril",1130.25
5852,"Maio",339.08
5852,"Junho",481.27
5852,"Julho",622.31
5852,"Agosto",1235.61
5852,"Setembro",953.54
5852,"Outubro",133.66
5852,"Novembro",725.16
5852,"Dezembro",404.41
7629,"Janeiro",371.83
7629,"Fevereiro",1006.51
7629,"Março",332.31
7629,"Abril",182.25
7629,"Maio",15.23
7629,"Junho",277.9
7629,"Julho",459.39
7629,"Agosto",29.83
7629,"Setembro",272.6
7629,"Outubro",993.14
7629,"Novembro",1180.67
7629,"Dezembro",356.4
5953,"Janeiro",604.33
5953,"Fevereiro",34.37
5953,"Março",1127.8
5953,"Abril",1305.19
5953,"Maio",58.96
5953,"Junho",1074.97
5953,"Julho",461.8
5953,"Agosto",1056.34
5953,"Setembro",55.71
5953,"Outubro",938.76
5953,"Novembro",873.53
5953,"Dezembro",76.3
2745,"Janeiro",1051.21
2745,"Fevereiro",466.62
2745,"Março",1018.27
2745,"Abril",484.11
2745,"Maio",119.47
2745,"Junho",912.04
2745,"Julho",465.71
2745,"Agosto",489.72
2745,"Setembro",872.89
2745,"Outubro",571.19
2745,"Novembro",875.18
2745,"Dezembro",453.46
8757,"Janeiro",19.08
8757,"Fevereiro",215.07
8757,"Março",446.68
8757,"Abril",406.06
8757,"Maio",1141.25
8757,"Junho",530.53
8757,"Julho",1166.29
8757,"Agosto",1152.87
8757,"Setembro",689.38
8757,"Outubro",988.39
8757,"Novembro",138.73
8757,"Dezembro",875.79
1411,"Janeiro",985.25
1411,"Fevereiro",876.54
1411,"Março",718.71
1411,"Abril",425.3
1411,"Maio",383.03
1411,"Junho",493.61
1411,"Julho",8.88
1411,"Agosto",30.02
1411,"Setembro",294.65
1411,"Outubro",378.08
1411,"Novembro",402.07
1411,"Dezembro",173.03
462,"Janeiro",970.9
462,"Fevereiro",242.73
462,"Março",1023.27
462,"Abril",76.11
462,"Maio",180.01
462,"Junho",725.82
462,"Julho",686.12
462,"Agosto",566.28
462,"Setembro",796.45
462,"Outubro",855.73
462,"Novembro",830.97
462,"Dezembro",552.99
499,"Janeiro",1150.83
499,"Fevereiro",774.99
499,"Março",810
499,"Abril",1035.88
499,"Maio",203.49
499,"Junho",811.98
499,"Julho",227.82
499,"Agosto",1306.86
499,"Setembro",778.09
499,"Outubro",640.64
499,"Novembro",422.42
499,"Dezembro",1130.05
7380,"Janeiro",1148.75
7380,"Fevereiro",458.46
7380,"Março",65.87
7380,"Abril",368.98
7380,"Maio",802.33
7380,"Junho",591.67
7380,"Julho",1250.7
7380,"Agosto",815.32
7380,"Setembro",616.9
7380,"Outubro",638.11
7380,"Novembro",125.29
7380,"Dezembro",65.76
2931,"Janeiro",1063.34
2931,"Fevereiro",1238.1
2931,"Março",624.02
2931,"Abril",936.32
2931,"Maio",442.42
2931,"Junho",703.57
2931,"Julho",515.06
2931,"Agosto",950.72
2931,"Setembro",1258.52
2931,"Outubro",836.42
2931,"Novembro",96.07
2931,"Dezembro",1010.97
2545,"Janeiro",799.43
2545,"Fevereiro",144.18
2545,"Março",1327.66
2545,"Abril",883.15
2545,"Maio",785.26
2545,"Junho",332.77
2545,"Julho",1257.27
2545,"Agosto",772.56
2545,"Setembro",785.68
2545,"Outubro",113.23
2545,"Novembro",414.31
2545,"Dezembro",593.07
2764,"Janeiro",67.3
2764,"Fevereiro",514.46
2764,"Março",673.05
2764,"Abril",633.72
2764,"Maio",130.74
2764,"Junho",1347
2764,"Julho",1141.16
2764,"Agosto",368.77
2764,"Setembro",1179.96
2764,"Outubro",897.33
2764,"Novembro",974.39
2764,"Dezembro",274.1
6312,"Janeiro",219.44
6312,"Fevereiro",387.73
6312,"Março",259.98
6312,"Abril",729.95
6312,"Maio",505.49
6312,"Junho",153.94
6312,"Julho",200.13
6312,"Agosto",318.16
6312,"Setembro",823.52
6312,"Outubro",159.47
6312,"Novembro",107.9
6312,"Dezembro",1183.57
2671,"Janeiro",382.67
2671,"Fevereiro",202.69
2671,"Março",786.51
2671,"Abril",685.86
2671,"Maio",429.94
2671,"Junho",310.01
2671,"Julho",97.76
2671,"Agosto",1205.01
2671,"Setembro",625.65
2671,"Outubro",220.8
2671,"Novembro",237.49
2671,"Dezembro",951.76
5546,"Janeiro",617.03
5546,"Fevereiro",728.04
5546,"Março",1345.02
5546,"Abril",445.96
5546,"Maio",20.77
5546,"Junho",144.14
5546,"Julho",499.87
5546,"Agosto",494.43
5546,"Setembro",266.92
5546,"Outubro",161.49
5546,"Novembro",1292.22
5546,"Dezembro",682.14
166,"Janeiro",929.92
166,"Fevereiro",388.55
166,"Março",759.95
166,"Abril",1034.26
166,"Maio",151.72
166,"Junho",933.62
166,"Julho",855.92
166,"Agosto",298.96
166,"Setembro",440.73
166,"Outubro",140.19
166,"Novembro",412.25
166,"Dezembro",351.39
7568,"Janeiro",62.85
7568,"Fevereiro",1131.75
7568,"Março",967.39
7568,"Abril",840.24
7568,"Maio",293.9
7568,"Junho",217.07
7568,"Julho",15.06
7568,"Agosto",15.45
7568,"Setembro",1059.21
7568,"Outubro",1082.28
7568,"Novembro",516.14
7568,"Dezembro",400.99
718,"Janeiro",751.68
718,"Fevereiro",991.98
718,"Março",998.67
718,"Abril",248.13
718,"Maio",168.17
718,"Junho",335.85
718,"Julho",295.07
718,"Agosto",729.11
718,"Setembro",123.31
718,"Outubro",805.74
718,"Novembro",1156.45
718,"Dezembro",869.16
5608,"Janeiro",936.56
5608,"Fevereiro",935.15
5608,"Março",182.28
5608,"Abril",60.46
5608,"Maio",634.43
5608,"Junho",1242.39
5608,"Julho",822.87
5608,"Agosto",851.78
5608,"Setembro",823.32
5608,"Outubro",570.46
5608,"Novembro",823.29
5608,"Dezembro",720.49
9098,"Janeiro",186.16
9098,"Fevereiro",133.96
9098,"Março",205.3
9098,"Abril",171.28
9098,"Maio",405.42
9098,"Junho",13.89
9098,"Julho",1533.66
9098,"Agosto",184.4
9098,"Setembro",359.94
9098,"Outubro",714.9
9098,"Novembro",424
9098,"Dezembro",1340.01
4660,"Janeiro",348.44
4660,"Fevereiro",753.81
4660,"Março",133.31
4660,"Abril",1381.42
4660,"Maio",298.48
4660,"Junho",600.93
4660,"Julho",275
4660,"Agosto",253.15
4660,"Setembro",477.46
4660,"Outubro",1146.86
4660,"Novembro",665.69
4660,"Dezembro",365.36
163,"Janeiro",468.17
163,"Fevereiro",259.75
163,"Março",792.31
163,"Abril",1189.85
163,"Maio",631.74
163,"Junho",155.02
163,"Julho",560.38
163,"Agosto",441.48
163,"Setembro",226.18
163,"Outubro",64.79
163,"Novembro",669.38
163,"Dezembro",197.02
105,"Janeiro",180.77
105,"Fevereiro",623.9
105,"Março",15.98
105,"Abril",323.02
105,"Maio",413.56
105,"Junho",23.55
105,"Julho",1164.72
105,"Agosto",5.51
105,"Setembro",595.19
105,"Outubro",911.17
105,"Novembro",1443.43
105,"Dezembro",787.1
9078,"Janeiro",1466.75
9078,"Fevereiro",35.72
9078,"Março",708.91
9078,"Abril",141.54
9078,"Maio",1067.07
9078,"Junho",311.88
9078,"Julho",576.03
9078,"Agosto",989.91
9078,"Setembro",1166.24
9078,"Outubro",428.18
9078,"Novembro",810.16
9078,"Dezembro",551.92
4761,"Janeiro",449.24
4761,"Fevereiro",551.49
4761,"Março",267.84
4761,"Abril",689.73
4761,"Maio",645.18
4761,"Junho",678.51
4761,"Julho",945.97
4761,"Agosto",392.1
4761,"Setembro",936.45
4761,"Outubro",146.5
4761,"Novembro",171.34
4761,"Dezembro",307.69
1138,"Janeiro",85.91
1138,"Fevereiro",551.18
1138,"Março",530.37
1138,"Abril",781.4
1138,"Maio",568.32
1138,"Junho",274.18
1138,"Julho",225.12
1138,"Agosto",73.97
1138,"Setembro",427.65
1138,"Outubro",132.4
1138,"Novembro",106.49
1138,"Dezembro",999.55
8014,"Janeiro",72.37
8014,"Fevereiro",483.09
8014,"Março",179.8
8014,"Abril",170.5
8014,"Maio",286.45
8014,"Junho",553.68
8014,"Julho",393.85
8014,"Agosto",877.94
8014,"Setembro",1252.71
8014,"Outubro",934.78
8014,"Novembro",757.91
8014,"Dezembro",284.96
4380,"Janeiro",679.33
4380,"Fevereiro",468.82
4380,"Março",1134.69
4380,"Abril",296.02
4380,"Maio",254.03
4380,"Junho",913.22
4380,"Julho",82.23
4380,"Agosto",519.93
4380,"Setembro",708.67
4380,"Outubro",591.68
4380,"Novembro",703.79
4380,"Dezembro",721.6
2751,"Janeiro",662.34
2751,"Fevereiro",938.42
2751,"Março",626.83
2751,"Abril",241.52
2751,"Maio",48.82
2751,"Junho",172.87
2751,"Julho",915.88
2751,"Agosto",365.11
2751,"Setembro",583.52
2751,"Outubro",1103.53
2751,"Novembro",451.07
2751,"Dezembro",1026.45
8826,"Janeiro",619.06
8826,"Fevereiro",93.05
8826,"Março",630.72
8826,"Abril",998.6
8826,"Maio",1098.36
8826,"Junho",722.72
8826,"Julho",319.91
8826,"Agosto",710.41
8826,"Setembro",195.63
8826,"Outubro",133.49
8826,"Novembro",41.31
8826,"Dezembro",898.19
1378,"Janeiro",633.03
1378,"Fevereiro",79.92
1378,"Março",543.99
1378,"Abril",611.01
1378,"Maio",171.47
1378,"Junho",327.77
1378,"Julho",1244.87
1378,"Agosto",450.52
1378,"Setembro",382.97
1378,"Outubro",178.95
1378,"Novembro",1486.95
1378,"Dezembro",381.29
928,"Janeiro",220.41
928,"Fevereiro",918.01
928,"Março",497.75
928,"Abril",576.28
928,"Maio",343.77
928,"Junho",790.67
928,"Julho",144.08
928,"Agosto",452.81
928,"Setembro",789.53
928,"Outubro",105.82
928,"Novembro",1059.28
928,"Dezembro",232.95
7692,"Janeiro",977.07
7692,"Fevereiro",759.67
7692,"Março",478.24
7692,"Abril",968.74
7692,"Maio",464.08
7692,"Junho",255.01
7692,"Julho",284.71
7692,"Agosto",191.86
7692,"Setembro",20.25
7692,"Outubro",171.65
7692,"Novembro",834.18
7692,"Dezembro",753.04
8127,"Janeiro",458.57
8127,"Fevereiro",204.73
8127,"Março",82.16
8127,"Abril",301.38
8127,"Maio",484.85
8127,"Junho",855.62
8127,"Julho",1102.49
8127,"Agosto",674.38
8127,"Setembro",400.75
8127,"Outubro",931
8127,"Novembro",1138.64
8127,"Dezembro",582.61
2010,"Janeiro",411.21
2010,"Fevereiro",96.55
2010,"Março",643.9
2010,"Abril",215.36
2010,"Maio",811.36
2010,"Junho",551.69
2010,"Julho",127.63
2010,"Agosto",1297.01
2010,"Setembro",548.08
2010,"Outubro",1122.27
2010,"Novembro",89.9
2010,"Dezembro",785.44
5009,"Janeiro",587.07
5009,"Fevereiro",616.61
5009,"Março",716.57
5009,"Abril",300.3
5009,"Maio",1146.89
5009,"Junho",788.02
5009,"Julho",880.68
5009,"Agosto",862.7
5009,"Setembro",386.19
5009,"Outubro",602.99
5009,"Novembro",208.14
5009,"Dezembro",516.25
6929,"Janeiro",713.19
6929,"Fevereiro",1106.51
6929,"Março",880.62
6929,"Abril",66.35
6929,"Maio",471.21
6929,"Junho",27.52
6929,"Julho",519.25
6929,"Agosto",860.56
6929,"Setembro",950.43
6929,"Outubro",367.45
6929,"Novembro",717.03
6929,"Dezembro",442.83
57,"Janeiro",21.06
57,"Fevereiro",541.6
57,"Março",403.46
57,"Abril",823.21
57,"Maio",243.5
57,"Junho",646.26
57,"Julho",853.8
57,"Agosto",755.86
57,"Setembro",432.66
57,"Outubro",861.2
57,"Novembro",111.7
57,"Dezembro",46.07
7313,"Janeiro",44.29
7313,"Fevereiro",938.87
7313,"Março",149.37
7313,"Abril",45.6
7313,"Maio",279.75
7313,"Junho",977.22
7313,"Julho",61.81
7313,"Agosto",476.94
7313,"Setembro",102
7313,"Outubro",342.59
7313,"Novembro",599.08
7313,"Dezembro",448.75
967,"Janeiro",1000.82
967,"Fevereiro",773.6
967,"Março",1125.04
967,"Abril",471.6
967,"Maio",78.91
967,"Junho",529.03
967,"Julho",1003.86
967,"Agosto",598.32
967,"Setembro",843.92
967,"Outubro",1198.37
967,"Novembro",1075.58
967,"Dezembro",383.09
3283,"Janeiro",1362.11
3283,"Fevereiro",737.4
3283,"Março",835.11
3283,"Abril",962.91
3283,"Maio",611.88
3283,"Junho",197.17
3283,"Julho",1261.82
3283,"Agosto",1188.52
3283,"Setembro",319.96
3283,"Outubro",1061.57
3283,"Novembro",507.14
3283,"Dezembro",564.48
7836,"Janeiro",714.02
7836,"Fevereiro",563.28
7836,"Março",410.16
7836,"Abril",622.35
7836,"Maio",395.16
7836,"Junho",622.07
7836,"Julho",322.65
7836,"Agosto",318.45
7836,"Setembro",503.87
7836,"Outubro",831.24
7836,"Novembro",101.52
7836,"Dezembro",1293.12
7358,"Janeiro",162.94
7358,"Fevereiro",716.34
7358,"Março",1098.72
7358,"Abril",313.98
7358,"Maio",1450.57
7358,"Junho",512.27
7358,"Julho",289.7
7358,"Agosto",600.15
7358,"Setembro",210.86
7358,"Outubro",368.95
7358,"Novembro",131.52
7358,"Dezembro",244.01
9406,"Janeiro",376.4
9406,"Fevereiro",184.51
9406,"Março",186.75
9406,"Abril",940.61
9406,"Maio",523.73
9406,"Junho",1056.3
9406,"Julho",721.95
9406,"Agosto",473.9
9406,"Setembro",54.27
9406,"Outubro",682.72
9406,"Novembro",691.33
9406,"Dezembro",515.35
2765,"Janeiro",536.51
2765,"Fevereiro",97.19
2765,"Março",560
2765,"Abril",959.74
2765,"Maio",170.01
2765,"Junho",283.89
2765,"Julho",851.48
2765,"Agosto",168.19
2765,"Setembro",1112.94
2765,"Outubro",220.72
2765,"Novembro",934.61
2765,"Dezembro",490.4
5224,"Janeiro",623.1
5224,"Fevereiro",94.69
5224,"Março",664.39
5224,"Abril",447.5
5224,"Maio",158.71
5224,"Junho",1182.06
5224,"Julho",140.32
5224,"Agosto",751.21
5224,"Setembro",58.67
5224,"Outubro",335.58
5224,"Novembro",16.36
5224,"Dezembro",107.23
2527,"Janeiro",280.13
2527,"Fevereiro",384.75
2527,"Março",388.77
2527,"Abril",408.6
2527,"Maio",887.17
2527,"Junho",254.49
2527,"Julho",306.28
2527,"Agosto",926.56
2527,"Setembro",842.49
2527,"Outubro",780.01
2527,"Novembro",986.83
2527,"Dezembro",344.71
9439,"Janeiro",443.27
9439,"Fevereiro",202.32
9439,"Março",1028.45
9439,"Abril",531.16
9439,"Maio",1264.4
9439,"Junho",901.77
9439,"Julho",1194.49
9439,"Agosto",397.22
9439,"Setembro",241.07
9439,"Outubro",362.78
9439,"Novembro",956.11
9439,"Dezembro",94.49
6463,"Janeiro",834.08
6463,"Fevereiro",32.34
6463,"Março",338.71
6463,"Abril",588.88
6463,"Maio",790.76
6463,"Junho",425.69
6463,"Julho",302.15
6463,"Agosto",562.03
6463,"Setembro",1172.33
6463,"Outubro",1449.3
6463,"Novembro",892.63
6463,"Dezembro",1430.37
3854,"Janeiro",649.26
3854,"Fevereiro",253.52
3854,"Março",350.67
3854,"Abril",570.69
3854,"Maio",580.02
3854,"Junho",1056.22
3854,"Julho",173.45
3854,"Agosto",649.16
3854,"Setembro",61.18
3854,"Outubro",851.88
3854,"Novembro",917.39
3854,"Dezembro",762.05
1220,"Janeiro",517.68
1220,"Fevereiro",948.79
1220,"Março",1223.22
1220,"Abril",847.9
1220,"Maio",870.51
1220,"Junho",330.63
1220,"Julho",603.32
1220,"Agosto",697.54
1220,"Setembro",736.74
1220,"Outubro",1084.68
1220,"Novembro",1428.31
1220,"Dezembro",724.65
766,"Janeiro",699.11
766,"Fevereiro",697.47
766,"Março",44.06
766,"Abril",303.1
766,"Maio",726.94
766,"Junho",635.76
766,"Julho",169.27
766,"Agosto",1146.99
766,"Setembro",842.19
766,"Outubro",1136.28
766,"Novembro",268.81
766,"Dezembro",1105.91
2965,"Janeiro",17.16
2965,"Fevereiro",1044.35
2965,"Março",529.67
2965,"Abril",32.3
2965,"Maio",1079.94
2965,"Junho",236.54
2965,"Julho",451.27
2965,"Agosto",22.42
2965,"Setembro",49.1
2965,"Outubro",418.36
2965,"Novembro",226.86
2965,"Dezembro",1199.28
1146,"Janeiro",13
1146,"Fevereiro",952.51
1146,"Março",896.82
1146,"Abril",460.41
1146,"Maio",796.12
1146,"Junho",398.4
1146,"Julho",211.98
1146,"Agosto",1253.33
1146,"Setembro",1183.18
1146,"Outubro",449.27
1146,"Novembro",1146.88
1146,"Dezembro",143.28
9840,"Janeiro",431.39
9840,"Fevereiro",642.82
9840,"Março",230.64
9840,"Abril",1092.26
9840,"Maio",340.66
9840,"Junho",73.54
9840,"Julho",370.16
9840,"Agosto",700.33
9840,"Setembro",509.55
9840,"Outubro",504.3
9840,"Novembro",579.5
9840,"Dezembro",755.21
1980,"Janeiro",1003.33
1980,"Fevereiro",264.2
1980,"Março",733.05
1980,"Abril",655.67
1980,"Maio",644.59
1980,"Junho",1097.25
1980,"Julho",774.26
1980,"Agosto",466.03
1980,"Setembro",141.47
1980,"Outubro",590.15
1980,"Novembro",759.75
1980,"Dezembro",1368.24
662,"Janeiro",980.97
662,"Fevereiro",1015.81
662,"Março",145.12
662,"Abril",209.37
662,"Maio",1336.06
662,"Junho",29.33
662,"Julho",1208.42
662,"Agosto",1213.45
662,"Setembro",881.98
662,"Outubro",143.27
662,"Novembro",1143.84
662,"Dezembro",631.56
2688,"Janeiro",235.73
2688,"Fevereiro",335.11
2688,"Março",805.58
2688,"Abril",545.45
2688,"Maio",630.07
2688,"Junho",327.35
2688,"Julho",438.93
2688,"Agosto",795.38
2688,"Setembro",497.12
2688,"Outubro",327.91
2688,"Novembro",1067.12
2688,"Dezembro",873.91
8835,"Janeiro",206.98
8835,"Fevereiro",1062.83
8835,"Março",151.68
8835,"Abril",1067.44
8835,"Maio",686.05
8835,"Junho",486.93
8835,"Julho",143.57
8835,"Agosto",242.74
8835,"Setembro",1301.67
8835,"Outubro",208.77
8835,"Novembro",295.26
8835,"Dezembro",626.49
5397,"Janeiro",611.99
5397,"Fevereiro",262.49
5397,"Março",575.1
5397,"Abril",120.55
5397,"Maio",217.65
5397,"Junho",141.96
5397,"Julho",705.57
5397,"Agosto",866.64
5397,"Setembro",162.93
5397,"Outubro",651.97
5397,"Novembro",581.41
5397,"Dezembro",538.83
9841,"Janeiro",488.04
9841,"Fevereiro",297.72
9841,"Março",678.02
9841,"Abril",518.71
9841,"Maio",881.43
9841,"Junho",205.77
9841,"Julho",1132.07
9841,"Agosto",245.95
9841,"Setembro",990.22
9841,"Outubro",740.97
9841,"Novembro",1038.95
9841,"Dezembro",1107.78
6328,"Janeiro",284.3
6328,"Fevereiro",666.72
6328,"Março",508.29
6328,"Abril",898.93
6328,"Maio",1417.11
6328,"Junho",465.88
6328,"Julho",1008
6328,"Agosto",1273.44
6328,"Setembro",22.48
6328,"Outubro",914.99
6328,"Novembro",1130.9
6328,"Dezembro",615.66
4942,"Janeiro",63.66
4942,"Fevereiro",1010.23
4942,"Março",558.08
4942,"Abril",737.52
4942,"Maio",1159.74
4942,"Junho",781.49
4942,"Julho",1285.04
4942,"Agosto",597.7
4942,"Setembro",320.1
4942,"Outubro",571.22
4942,"Novembro",986.72
4942,"Dezembro",12.16
9722,"Janeiro",654.21
9722,"Fevereiro",867.19
9722,"Março",1167.97
9722,"Abril",1063.33
9722,"Maio",543.35
9722,"Junho",414.35
9722,"Julho",754.02
9722,"Agosto",1143.76
9722,"Setembro",177.13
9722,"Outubro",697.3
9722,"Novembro",1045.04
9722,"Dezembro",581.25
9166,"Janeiro",451.82
9166,"Fevereiro",213.81
9166,"Março",655.95
9166,"Abril",308.09
9166,"Maio",1074.58
9166,"Junho",771.24
9166,"Julho",1343.33
9166,"Agosto",607.81
9166,"Setembro",824.07
9166,"Outubro",1413.04
9166,"Novembro",245.1
9166,"Dezembro",60.23
2201,"Janeiro",891.94
2201,"Fevereiro",104.62
2201,"Março",1008.4
2201,"Abril",631.49
2201,"Maio",16.14
2201,"Junho",181.03
2201,"Julho",642.11
2201,"Agosto",1116.77
2201,"Setembro",1449.46
2201,"Outubro",1215.03
2201,"Novembro",65.29
2201,"Dezembro",993.5
6724,"Janeiro",210.05
6724,"Fevereiro",992.45
6724,"Março",238.95
6724,"Abril",218.89
6724,"Maio",382.68
6724,"Junho",232.47
6724,"Julho",197.53
6724,"Agosto",967.65
6724,"Setembro",126.05
6724,"Outubro",994.09
6724,"Novembro",1123.48
6724,"Dezembro",699.25
3510,"Janeiro",566.88
3510,"Fevereiro",53.81
3510,"Março",455.33
3510,"Abril",177.65
3510,"Maio",756.33
3510,"Junho",1028.5
3510,"Julho",665.98
3510,"Agosto",565.52
3510,"Setembro",875.21
3510,"Outubro",652.95
3510,"Novembro",959.44
3510,"Dezembro",168
5540,"Janeiro",241.75
5540,"Fevereiro",277.21
5540,"Março",829.04
5540,"Abril",215.37
5540,"Maio",1210.62
5540,"Junho",849.52
5540,"Julho",918.44
5540,"Agosto",966.99
5540,"Setembro",829.26
5540,"Outubro",1471
5540,"Novembro",398.62
5540,"Dezembro",880.65
7799,"Janeiro",22.19
7799,"Fevereiro",372.09
7799,"Março",1071.36
7799,"Abril",429.23
7799,"Maio",1153.82
7799,"Junho",334.15
7799,"Julho",617.66
7799,"Agosto",1471.07
7799,"Setembro",969.21
7799,"Outubro",247.59
7799,"Novembro",382.56
7799,"Dezembro",1147.65
4893,"Janeiro",390.65
4893,"Fevereiro",1074.81
4893,"Março",264.27
4893,"Abril",372.51
4893,"Maio",1304.65
4893,"Junho",641.42
4893,"Julho",299.62
4893,"Agosto",430.11
4893,"Setembro",187.91
4893,"Outubro",287.19
4893,"Novembro",798.18
4893,"Dezembro",696.85
6248,"Janeiro",744.34
6248,"Fevereiro",1192.47
6248,"Março",437.78
6248,"Abril",630.73
6248,"Maio",855.18
6248,"Junho",331.85
6248,"Julho",437.57
6248,"Agosto",401.54
6248,"Setembro",597.63
6248,"Outubro",1422.98
6248,"Novembro",937.29
6248,"Dezembro",76.5
1909,"Janeiro",452.53
1909,"Fevereiro",826.75
1909,"Março",796.11
1909,"Abril",372.84
1909,"Maio",280.81
1909,"Junho",1124.19
1909,"Julho",70.73
1909,"Agosto",1120.44
1909,"Setembro",566.49
1909,"Outubro",119.31
1909,"Novembro",178.88
1909,"Dezembro",273.15
3581,"Janeiro",792.42
3581,"Fevereiro",1037.88
3581,"Março",385.74
3581,"Abril",1370.74
3581,"Maio",609.14
3581,"Junho",551.21
3581,"Julho",80.41
3581,"Agosto",991.79
3581,"Setembro",716.28
3581,"Outubro",1015.96
3581,"Novembro",598.03
3581,"Dezembro",200.57
9031,"Janeiro",934.51
9031,"Fevereiro",531.04
9031,"Março",974.38
9031,"Abril",617.31
9031,"Maio",845.35
9031,"Junho",666.6
9031,"Julho",491.45
9031,"Agosto",231.29
9031,"Setembro",202.73
9031,"Outubro",282.62
9031,"Novembro",806.14
9031,"Dezembro",613.92
2276,"Janeiro",459.74
2276,"Fevereiro",1296.03
2276,"Março",353.97
2276,"Abril",644.56
2276,"Maio",918.64
2276,"Junho",1033.36
2276,"Julho",314.17
2276,"Agosto",255.76
2276,"Setembro",1188.57
2276,"Outubro",334.83
2276,"Novembro",723.48
2276,"Dezembro",1079.13
2241,"Janeiro",889.81
2241,"Fevereiro",708.77
2241,"Março",368.09
2241,"Abril",594.3
2241,"Maio",1309.93
2241,"Junho",895.12
2241,"Julho",557.07
2241,"Agosto",923.94
2241,"Setembro",749.04
2241,"Outubro",40.32
2241,"Novembro",825.76
2241,"Dezembro",840.92
9206,"Janeiro",904.96
9206,"Fevereiro",806.32
9206,"Março",899.69
9206,"Abril",165.28
9206,"Maio",391.57
9206,"Junho",350.2
9206,"Julho",62.47
9206,"Agosto",740.74
9206,"Setembro",876.78
9206,"Outubro",470.63
9206,"Novembro",541.2
9206,"Dezembro",647.47
3340,"Janeiro",776.28
3340,"Fevereiro",863.99
3340,"Março",509.13
3340,"Abril",664.14
3340,"Maio",602.37
3340,"Junho",885.08
3340,"Julho",605.76
3340,"Agosto",101.73
3340,"Setembro",279.98
3340,"Outubro",320.75
3340,"Novembro",609.37
3340,"Dezembro",1318.74
9476,"Janeiro",1143.07
9476,"Fevereiro",802.87
9476,"Março",78.99
9476,"Abril",353.15
9476,"Maio",435.17
9476,"Junho",640.03
9476,"Julho",829.57
9476,"Agosto",389.99
9476,"Setembro",882.49
9476,"Outubro",1146.62
9476,"Novembro",627.72
9476,"Dezembro",882.7
7674,"Janeiro",282.31
7674,"Fevereiro",528.9
7674,"Março",635.05
7674,"Abril",718.81
7674,"Maio",181.03
7674,"Junho",142.51
7674,"Julho",463.12
7674,"Agosto",124.83
7674,"Setembro",567.61
7674,"Outubro",525.06
7674,"Novembro",427.42
7674,"Dezembro",964.34
6833,"Janeiro",878.5
6833,"Fevereiro",536.28
6833,"Março",602.72
6833,"Abril",634.65
6833,"Maio",45.23
6833,"Junho",192.69
6833,"Julho",818.16
6833,"Agosto",700.28
6833,"Setembro",565.98
6833,"Outubro",310.02
6833,"Novembro",51.35
6833,"Dezembro",193.04
7556,"Janeiro",1045.34
7556,"Fevereiro",695.24
7556,"Março",56.09
7556,"Abril",426.93
7556,"Maio",698.71
7556,"Junho",878.68
7556,"Julho",845.34
7556,"Agosto",259.97
7556,"Setembro",400.15
7556,"Outubro",922.05
7556,"Novembro",950.41
7556,"Dezembro",133.35
1463,"Janeiro",769.7
1463,"Fevereiro",1044.38
1463,"Março",312.54
1463,"Abril",769.37
1463,"Maio",409.18
1463,"Junho",532.86
1463,"Julho",768.85
1463,"Agosto",740.44
1463,"Setembro",300.68
1463,"Outubro",15.34
1463,"Novembro",229.29
1463,"Dezembro",144.98
8660,"Janeiro",751.15
8660,"Fevereiro",797.82
8660,"Março",50.81
8660,"Abril",869.93
8660,"Maio",395.66
8660,"Junho",936.54
8660,"Julho",7
8660,"Agosto",268.24
8660,"Setembro",618.52
8660,"Outubro",155.39
8660,"Novembro",1436.31
8660,"Dezembro",1176.04
9000,"Janeiro",42.73
9000,"Fevereiro",447.12
9000,"Março",211.06
9000,"Abril",730.29
9000,"Maio",915.08
9000,"Junho",156.69
9000,"Julho",1227.4
9000,"Agosto",1081.73
9000,"Setembro",235.18
9000,"Outubro",255.32
9000,"Novembro",162.64
9000,"Dezembro",879.18
2689,"Janeiro",1238.75
2689,"Fevereiro",1097.49
2689,"Março",747.14
2689,"Abril",1146.78
2689,"Maio",114.05
2689,"Junho",86.65
2689,"Julho",1188.79
2689,"Agosto",999.47
2689,"Setembro",995.9
2689,"Outubro",252.8
2689,"Novembro",479.55
2689,"Dezembro",598.1
9607,"Janeiro",58.93
9607,"Fevereiro",566.69
9607,"Março",900.75
9607,"Abril",15.63
9607,"Maio",1244.57
9607,"Junho",308.4
9607,"Julho",152.04
9607,"Agosto",142.01
9607,"Setembro",887.26
9607,"Outubro",375.45
9607,"Novembro",738.8
9607,"Dezembro",337.21
6674,"Janeiro",490.91
6674,"Fevereiro",1018.19
6674,"Março",143.27
6674,"Abril",624.66
6674,"Maio",712.33
6674,"Junho",861.38
6674,"Julho",160.71
6674,"Agosto",593.67
6674,"Setembro",1376.53
6674,"Outubro",778.5
6674,"Novembro",1000.08
6674,"Dezembro",174.06
1801,"Janeiro",449.53
1801,"Fevereiro",906.85
1801,"Março",658.15
1801,"Abril",347.39
1801,"Maio",617.97
1801,"Junho",983.54
1801,"Julho",423.66
1801,"Agosto",71.51
1801,"Setembro",33.98
1801,"Outubro",749.69
1801,"Novembro",525.34
1801,"Dezembro",795.92
2084,"Janeiro",1030.7
2084,"Fevereiro",1236.84
2084,"Março",787.42
2084,"Abril",1340.19
2084,"Maio",93.86
2084,"Junho",1077.74
2084,"Julho",399.2
2084,"Agosto",160.08
2084,"Setembro",391.62
2084,"Outubro",59.25
2084,"Novembro",815.3
2084,"Dezembro",1263.71
8854,"Janeiro",864.03
8854,"Fevereiro",488.7
8854,"Março",600.21
8854,"Abril",1391.88
8854,"Maio",435.5
8854,"Junho",484.5
8854,"Julho",626.65
8854,"Agosto",109.63
8854,"Setembro",58.76
8854,"Outubro",97.98
8854,"Novembro",234.39
8854,"Dezembro",11.37
4064,"Janeiro",467.28
4064,"Fevereiro",1038.18
4064,"Março",350.11
4064,"Abril",213.34
4064,"Maio",722.57
4064,"Junho",112.33
4064,"Julho",225.44
4064,"Agosto",570.09
4064,"Setembro",205.29
4064,"Outubro",579.88
4064,"Novembro",952.14
4064,"Dezembro",300.97
7292,"Janeiro",481.7
7292,"Fevereiro",639.43
7292,"Março",145.38
7292,"Abril",511.6
7292,"Maio",552.74
7292,"Junho",1327.07
7292,"Julho",283.35
7292,"Agosto",1268.94
7292,"Setembro",3.18
7292,"Outubro",692.06
7292,"Novembro",4.24
7292,"Dezembro",246.07
9951,"Janeiro",947.24
9951,"Fevereiro",329.9
9951,"Março",274.07
9951,"Abril",976.18
9951,"Maio",643.9
9951,"Junho",580.39
9951,"Julho",53.18
9951,"Agosto",506.52
9951,"Setembro",510.77
9951,"Outubro",896.56
9951,"Novembro",181.21
9951,"Dezembro",984.58
6305,"Janeiro",620.45
6305,"Fevereiro",1033.87
6305,"Março",888.74
6305,"Abril",315.53
6305,"Maio",192.34
6305,"Junho",252.59
6305,"Julho",406.71
6305,"Agosto",1209.51
6305,"Setembro",218.5
6305,"Outubro",219.64
6305,"Novembro",918.64
6305,"Dezembro",379.34
1230,"Janeiro",1359.12
1230,"Fevereiro",254.15
1230,"Março",372.33
1230,"Abril",543.05
1230,"Maio",586.12
1230,"Junho",103.27
1230,"Julho",542.63
1230,"Agosto",295.18
1230,"Setembro",383.42
1230,"Outubro",871.28
1230,"Novembro",568.52
1230,"Dezembro",982.33
1128,"Janeiro",920.62
1128,"Fevereiro",874.39
1128,"Março",639.98
1128,"Abril",643.09
1128,"Maio",201.98
1128,"Junho",1118.6
1128,"Julho",689.23
1128,"Agosto",1082.67
1128,"Setembro",752.82
1128,"Outubro",1488.02
1128,"Novembro",714.44
1128,"Dezembro",741.31
3027,"Janeiro",245.31
3027,"Fevereiro",497.65
3027,"Março",349.08
3027,"Abril",632.73
3027,"Maio",78.5
3027,"Junho",1097.38
3027,"Julho",689.81
3027,"Agosto",1371.57
3027,"Setembro",1229.24
3027,"Outubro",109.3
3027,"Novembro",699.63
3027,"Dezembro",704.64
5539,"Janeiro",238.73
5539,"Fevereiro",1052.39
5539,"Março",176.45
5539,"Abril",1170.36
5539,"Maio",756.64
5539,"Junho",21.64
5539,"Julho",657.89
5539,"Agosto",817.36
5539,"Setembro",45.29
5539,"Outubro",385.46
5539,"Novembro",512.55
5539,"Dezembro",1217.48
5214,"Janeiro",845.17
5214,"Fevereiro",182.21
5214,"Março",509.74
5214,"Abril",22.7
5214,"Maio",641.87
5214,"Junho",920.9
5214,"Julho",1077.75
5214,"Agosto",817.22
5214,"Setembro",939.69
5214,"Outubro",926.64
5214,"Novembro",830.22
5214,"Dezembro",1007.66
4781,"Janeiro",748.46
4781,"Fevereiro",380.18
4781,"Março",393.59
4781,"Abril",1238.19
4781,"Maio",279.33
4781,"Junho",1068.47
4781,"Julho",817.67
4781,"Agosto",987.94
4781,"Setembro",829.57
4781,"Outubro",529.55
4781,"Novembro",64.62
4781,"Dezembro",262.66
827,"Janeiro",526.47
827,"Fevereiro",273.79
827,"Março",874.62
827,"Abril",173.78
827,"Maio",456.94
827,"Junho",524.69
827,"Julho",50.84
827,"Agosto",514.6
827,"Setembro",669.51
827,"Outubro",964.77
827,"Novembro",553.42
827,"Dezembro",1068.69
4208,"Janeiro",754.5
4208,"Fevereiro",985.32
4208,"Março",112.24
4208,"Abril",338.78
4208,"Maio",1015.91
4208,"Junho",395.87
4208,"Julho",592.36
4208,"Agosto",1285.05
4208,"Setembro",1136.57
4208,"Outubro",334.44
4208,"Novembro",905.26
4208,"Dezembro",149.19
3538,"Janeiro",693.21
3538,"Fevereiro",1.88
3538,"Março",172.62
3538,"Abril",347.45
3538,"Maio",218.44
3538,"Junho",559.27
3538,"Julho",240.65
3538,"Agosto",1038.75
3538,"Setembro",877.77
3538,"Outubro",530.49
3538,"Novembro",836.36
3538,"Dezembro",1445.64
8636,"Janeiro",801.3
8636,"Fevereiro",839.87
8636,"Março",133.35
8636,"Abril",76.31
8636,"Maio",717.34
8636,"Junho",45.9
8636,"Julho",260.81
8636,"Agosto",399.72
8636,"Setembro",277.31
8636,"Outubro",514.94
8636,"Novembro",1087.21
8636,"Dezembro",1423.61
9209,"Janeiro",833.16
9209,"Fevereiro",410.12
9209,"Março",211.63
9209,"Abril",956.36
9209,"Maio",665.35
9209,"Junho",459.47
9209,"Julho",741.75
9209,"Agosto",738.1
9209,"Setembro",1542.32
9209,"Outubro",162.16
9209,"Novembro",823.06
9209,"Dezembro",739.72
5696,"Janeiro",1367.24
5696,"Fevereiro",584.97
5696,"Março",264.59
5696,"Abril",558.64
5696,"Maio",1216.6
5696,"Junho",899.82
5696,"Julho",177.91
5696,"Agosto",265.76
5696,"Setembro",962.07
5696,"Outubro",0.37
5696,"Novembro",1122.83
5696,"Dezembro",375.97
3764,"Janeiro",64.19
3764,"Fevereiro",292.89
3764,"Março",752.64
3764,"Abril",817.23
3764,"Maio",1038.07
3764,"Junho",295.36
3764,"Julho",787.3
3764,"Agosto",433.81
3764,"Setembro",576.3
3764,"Outubro",49.15
3764,"Novembro",413.85
3764,"Dezembro",699.34
5472,"Janeiro",473.34
5472,"Fevereiro",1174.74
5472,"Março",740.3
5472,"Abril",676.77
5472,"Maio",651.38
5472,"Junho",367.93
5472,"Julho",1090.83
5472,"Agosto",45.4
5472,"Setembro",717.28
5472,"Outubro",969.16
5472,"Novembro",771.32
5472,"Dezembro",313.81
6129,"Janeiro",122.52
6129,"Fevereiro",1300.56
6129,"Março",694.73
6129,"Abril",345.39
6129,"Maio",495.13
6129,"Junho",226.56
6129,"Julho",841.05
6129,"Agosto",74.47
6129,"Setembro",92.91
6129,"Outubro",663.66
6129,"Novembro",796.42
6129,"Dezembro",485.05
8955,"Janeiro",81.19
8955,"Fevereiro",312.71
8955,"Março",12.56
8955,"Abril",916.93
8955,"Maio",917.19
8955,"Junho",1149.48
8955,"Julho",73.01
8955,"Agosto",835.89
8955,"Setembro",555.42
8955,"Outubro",45.01
8955,"Novembro",1108.4
8955,"Dezembro",789.4
5127,"Janeiro",906.48
5127,"Fevereiro",368.64
5127,"Março",757.26
5127,"Abril",1171.04
5127,"Maio",797.25
5127,"Junho",1416.76
5127,"Julho",728.99
5127,"Agosto",42.11
5127,"Setembro",140.24
5127,"Outubro",581.95
5127,"Novembro",2.05
5127,"Dezembro",1479.93
7766,"Janeiro",423.24
7766,"Fevereiro",280.77
7766,"Março",987.25
7766,"Abril",474.33
7766,"Maio",1244.79
7766,"Junho",1016.09
7766,"Julho",563.63
7766,"Agosto",604.23
7766,"Setembro",837.25
7766,"Outubro",484.78
7766,"Novembro",1333.54
7766,"Dezembro",338.09
84,"Janeiro",226.49
84,"Fevereiro",751.45
84,"Março",406.49
84,"Abril",817.84
84,"Maio",925.48
84,"Junho",582.84
84,"Julho",79.41
84,"Agosto",277.26
84,"Setembro",870.43
84,"Outubro",509.31
84,"Novembro",350.6
84,"Dezembro",413.4
7589,"Janeiro",135.03
7589,"Fevereiro",80.39
7589,"Março",240.28
7589,"Abril",297.46
7589,"Maio",123.8
7589,"Junho",586.54
7589,"Julho",1027.49
7589,"Agosto",68.23
7589,"Setembro",249.13
7589,"Outubro",318.89
7589,"Novembro",298.88
7589,"Dezembro",398.39
8116,"Janeiro",868.31
8116,"Fevereiro",744.44
8116,"Março",177.98
8116,"Abril",446.66
8116,"Maio",755.18
8116,"Junho",1385.29
8116,"Julho",492.37
8116,"Agosto",268.97
8116,"Setembro",380.4
8116,"Outubro",19.79
8116,"Novembro",775.62
8116,"Dezembro",680.76
5980,"Janeiro",1150.15
5980,"Fevereiro",178.09
5980,"Março",546.24
5980,"Abril",285.4
5980,"Maio",743.77
5980,"Junho",912.74
5980,"Julho",971.54
5980,"Agosto",783.24
5980,"Setembro",1198.65
5980,"Outubro",1512.76
5980,"Novembro",1117.27
5980,"Dezembro",178.27
4665,"Janeiro",1318.22
4665,"Fevereiro",208.54
4665,"Março",767.13
4665,"Abril",193.73
4665,"Maio",364.67
4665,"Junho",183.14
4665,"Julho",840.9
4665,"Agosto",764.26
4665,"Setembro",631.65
4665,"Outubro",732.57
4665,"Novembro",1015.51
4665,"Dezembro",8.15
6262,"Janeiro",1067.34
6262,"Fevereiro",699.4
6262,"Março",911.91
6262,"Abril",1452.71
6262,"Maio",1142.98
6262,"Junho",764.23
6262,"Julho",766.96
6262,"Agosto",935.25
6262,"Setembro",1081.51
6262,"Outubro",970.04
6262,"Novembro",419.36
6262,"Dezembro",209.13
3106,"Janeiro",864.43
3106,"Fevereiro",34.83
3106,"Março",143.74
3106,"Abril",877.12
3106,"Maio",1296.26
3106,"Junho",449.03
3106,"Julho",457.34
3106,"Agosto",1049.61
3106,"Setembro",93.16
3106,"Outubro",96.7
3106,"Novembro",265.97
3106,"Dezembro",307.65
7327,"Janeiro",667.93
7327,"Fevereiro",355.56
7327,"Março",676.18
7327,"Abril",360.66
7327,"Maio",90.8
7327,"Junho",776.34
7327,"Julho",998.75
7327,"Agosto",656.95
7327,"Setembro",716.87
7327,"Outubro",1038.96
7327,"Novembro",550.04
7327,"Dezembro",1092.64
4337,"Janeiro",18.22
4337,"Fevereiro",1023.13
4337,"Março",66.74
4337,"Abril",634.23
4337,"Maio",793.31
4337,"Junho",524.02
4337,"Julho",382.93
4337,"Agosto",704.5
4337,"Setembro",830.76
4337,"Outubro",1029.68
4337,"Novembro",969.7
4337,"Dezembro",1112.97
1665,"Janeiro",447.64
1665,"Fevereiro",121.59
1665,"Março",333
1665,"Abril",450.39
1665,"Maio",1418.15
1665,"Junho",731.12
1665,"Julho",1349.84
1665,"Agosto",526.47
1665,"Setembro",492.37
1665,"Outubro",458.04
1665,"Novembro",610.75
1665,"Dezembro",742.92
514,"Janeiro",1464.75
514,"Fevereiro",417.22
514,"Março",615.57
514,"Abril",826.08
514,"Maio",430.93
514,"Junho",280.54
514,"Julho",886.82
514,"Agosto",606.95
514,"Setembro",1123.73
514,"Outubro",890.05
514,"Novembro",559.29
514,"Dezembro",96.21
4546,"Janeiro",486.2
4546,"Fevereiro",354.43
4546,"Março",547.64
4546,"Abril",1252.19
4546,"Maio",1120.94
4546,"Junho",428.85
4546,"Julho",90.92
4546,"Agosto",332.64
4546,"Setembro",286.33
4546,"Outubro",978.27
4546,"Novembro",206.8
4546,"Dezembro",343.95
9994,"Janeiro",805.78
9994,"Fevereiro",507.1
9994,"Março",885.86
9994,"Abril",465.54
9994,"Maio",112.91
9994,"Junho",1401.84
9994,"Julho",1.12
9994,"Agosto",613.28
9994,"Setembro",579.56
9994,"Outubro",509.07
9994,"Novembro",436.44
9994,"Dezembro",1143.88
8448,"Janeiro",93.05
8448,"Fevereiro",556.91
8448,"Março",552.76
8448,"Abril",970.67
8448,"Maio",695.89
8448,"Junho",8.52
8448,"Julho",877.4
8448,"Agosto",1028.3
8448,"Setembro",4.6
8448,"Outubro",844.65
8448,"Novembro",52.03
8448,"Dezembro",408.9
3991,"Janeiro",315.96
3991,"Fevereiro",893.14
3991,"Março",690.18
3991,"Abril",1285.05
3991,"Maio",13.01
3991,"Junho",303.7
3991,"Julho",1097.93
3991,"Agosto",182.53
3991,"Setembro",201.07
3991,"Outubro",503.9
3991,"Novembro",505.33
3991,"Dezembro",435.38
9453,"Janeiro",37.7
9453,"Fevereiro",72.66
9453,"Março",361.04
9453,"Abril",649.63
9453,"Maio",1024.96
9453,"Junho",1077.18
9453,"Julho",522.86
9453,"Agosto",64.68
9453,"Setembro",257.81
9453,"Outubro",274.2
9453,"Novembro",283.06
9453,"Dezembro",513.96
9619,"Janeiro",262.13
9619,"Fevereiro",894.81
9619,"Março",1279.81
9619,"Abril",119.58
9619,"Maio",137.63
9619,"Junho",856.82
9619,"Julho",1197.86
9619,"Agosto",691.39
9619,"Setembro",963.41
9619,"Outubro",602.23
9619,"Novembro",355.7
9619,"Dezembro",1043.42
3354,"Janeiro",699.34
3354,"Fevereiro",484.38
3354,"Março",596.94
3354,"Abril",238.27
3354,"Maio",748.43
3354,"Junho",662.55
3354,"Julho",74.37
3354,"Agosto",24.56
3354,"Setembro",412.58
3354,"Outubro",453.06
3354,"Novembro",404.13
3354,"Dezembro",108.92
72,"Janeiro",320.31
72,"Fevereiro",63.68
72,"Março",511.5
72,"Abril",281.6
72,"Maio",1166.01
72,"Junho",223.92
72,"Julho",513.55
72,"Agosto",705.74
72,"Setembro",802.59
72,"Outubro",56.44
72,"Novembro",316.17
72,"Dezembro",681.5
2755,"Janeiro",883.89
2755,"Fevereiro",196.13
2755,"Março",377.66
2755,"Abril",1256.76
2755,"Maio",770.23
2755,"Junho",1156.01
2755,"Julho",367.25
2755,"Agosto",977.41
2755,"Setembro",583.62
2755,"Outubro",415.01
2755,"Novembro",455.97
2755,"Dezembro",902.4
3985,"Janeiro",356.4
3985,"Fevereiro",383.52
3985,"Março",833.36
3985,"Abril",482.23
3985,"Maio",53.2
3985,"Junho",945.1
3985,"Julho",961.82
3985,"Agosto",37.32
3985,"Setembro",89.27
3985,"Outubro",764.87
3985,"Novembro",796.93
3985,"Dezembro",620.73
990,"Janeiro",184.45
990,"Fevereiro",735.48
990,"Março",126.1
990,"Abril",661.97
990,"Maio",1304.63
990,"Junho",850.22
990,"Julho",565.71
990,"Agosto",769.98
990,"Setembro",521.38
990,"Outubro",569.63
990,"Novembro",593.59
990,"Dezembro",836.4
1776,"Janeiro",227.73
1776,"Fevereiro",540.03
1776,"Março",1124.54
1776,"Abril",89.33
1776,"Maio",341.17
1776,"Junho",108.75
1776,"Julho",270.41
1776,"Agosto",830.22
1776,"Setembro",183.08
1776,"Outubro",1084.43
1776,"Novembro",124.73
1776,"Dezembro",767.05
6617,"Janeiro",80.7
6617,"Fevereiro",916.98
6617,"Março",408.3
6617,"Abril",871.55
6617,"Maio",72.68
6617,"Junho",8.92
6617,"Julho",251.76
6617,"Agosto",226.85
6617,"Setembro",8.64
6617,"Outubro",408.15
6617,"Novembro",632.89
6617,"Dezembro",691.76
316,"Janeiro",683.03
316,"Fevereiro",583.9
316,"Março",107.64
316,"Abril",938.16
316,"Maio",434.72
316,"Junho",160.02
316,"Julho",925.76
316,"Agosto",1020.35
316,"Setembro",1073.74
316,"Outubro",86.8
316,"Novembro",369.42
316,"Dezembro",62.59
8487,"Janeiro",393.88
8487,"Fevereiro",573.86
8487,"Março",1210.95
8487,"Abril",29.42
8487,"Maio",440.81
8487,"Junho",1304.42
8487,"Julho",379.29
8487,"Agosto",27.69
8487,"Setembro",599.96
8487,"Outubro",727.85
8487,"Novembro",453.09
8487,"Dezembro",71.59
8375,"Janeiro",428.64
8375,"Fevereiro",615.04
8375,"Março",1109.55
8375,"Abril",370
8375,"Maio",542.69
8375,"Junho",379.16
8375,"Julho",672.11
8375,"Agosto",303.88
8375,"Setembro",341.7
8375,"Outubro",94.59
8375,"Novembro",574.89
8375,"Dezembro",729.1
8010,"Janeiro",458.39
8010,"Fevereiro",586.3
8010,"Março",257.99
8010,"Abril",330.34
8010,"Maio",1141.75
8010,"Junho",1160.77
8010,"Julho",328.37
8010,"Agosto",828.55
8010,"Setembro",945.94
8010,"Outubro",148.02
8010,"Novembro",646.18
8010,"Dezembro",810.38
1897,"Janeiro",292.86
1897,"Fevereiro",1028.77
1897,"Março",172.36
1897,"Abril",2.4
1897,"Maio",261.76
1897,"Junho",814.64
1897,"Julho",433.82
1897,"Agosto",227.41
1897,"Setembro",760.93
1897,"Outubro",441.14
1897,"Novembro",692.91
1897,"Dezembro",198.96
3842,"Janeiro",555.14
3842,"Fevereiro",1385.83
3842,"Março",925.67
3842,"Abril",367.58
3842,"Maio",534.78
3842,"Junho",184.4
3842,"Julho",967.72
3842,"Agosto",192.56
3842,"Setembro",97.22
3842,"Outubro",209.26
3842,"Novembro",682.59
3842,"Dezembro",826.44
3479,"Janeiro",116.67
3479,"Fevereiro",874.02
3479,"Março",872.41
3479,"Abril",663.43
3479,"Maio",501.08
3479,"Junho",35.21
3479,"Julho",1027.31
3479,"Agosto",880.94
3479,"Setembro",476.93
3479,"Outubro",910.14
3479,"Novembro",515.66
3479,"Dezembro",707.56
4285,"Janeiro",472.78
4285,"Fevereiro",538.33
4285,"Março",1088.87
4285,"Abril",227.72
4285,"Maio",595.54
4285,"Junho",444.23
4285,"Julho",379.8
4285,"Agosto",81.74
4285,"Setembro",7.61
4285,"Outubro",822.2
4285,"Novembro",853.62
4285,"Dezembro",420.06
8571,"Janeiro",1272.67
8571,"Fevereiro",634.89
8571,"Março",958.94
8571,"Abril",182.75
8571,"Maio",947.4
8571,"Junho",93.82
8571,"Julho",93.72
8571,"Agosto",813.37
8571,"Setembro",2.09
8571,"Outubro",585.15
8571,"Novembro",27.12
8571,"Dezembro",572.57
4333,"Janeiro",701.78
4333,"Fevereiro",653.9
4333,"Março",1307.6
4333,"Abril",117.48
4333,"Maio",193.8
4333,"Junho",173.35
4333,"Julho",1241.84
4333,"Agosto",976.52
4333,"Setembro",733.51
4333,"Outubro",813.59
4333,"Novembro",329.47
4333,"Dezembro",1049.12
4101,"Janeiro",738.3
4101,"Fevereiro",274.87
4101,"Março",382.13
4101,"Abril",1080.97
4101,"Maio",547.99
4101,"Junho",1251.41
4101,"Julho",51.23
4101,"Agosto",830.75
4101,"Setembro",1493.58
4101,"Outubro",177.07
4101,"Novembro",1196.18
4101,"Dezembro",281.9
3793,"Janeiro",366.81
3793,"Fevereiro",189.54
3793,"Março",768.63
3793,"Abril",568.41
3793,"Maio",1381.99
3793,"Junho",794.21
3793,"Julho",634.5
3793,"Agosto",914.44
3793,"Setembro",352.12
3793,"Outubro",491.25
3793,"Novembro",901.08
3793,"Dezembro",803.9
5655,"Janeiro",636.91
5655,"Fevereiro",841.21
5655,"Março",130.46
5655,"Abril",38.4
5655,"Maio",340.59
5655,"Junho",3.79
5655,"Julho",7.56
5655,"Agosto",3.99
5655,"Setembro",264.16
5655,"Outubro",664.55
5655,"Novembro",818.94
5655,"Dezembro",1419.22
3564,"Janeiro",1004.19
3564,"Fevereiro",60.42
3564,"Março",641.13
3564,"Abril",247.85
3564,"Maio",653.75
3564,"Junho",752.21
3564,"Julho",658.68
3564,"Agosto",1152.28
3564,"Setembro",997.27
3564,"Outubro",266.76
3564,"Novembro",1029.12
3564,"Dezembro",132.52
5517,"Janeiro",265.74
5517,"Fevereiro",371.84
5517,"Março",145.33
5517,"Abril",1179.07
5517,"Maio",97.79
5517,"Junho",1069.18
5517,"Julho",192.27
5517,"Agosto",815.77
5517,"Setembro",271.83
5517,"Outubro",374.46
5517,"Novembro",751.34
5517,"Dezembro",222.07
1855,"Janeiro",271.79
1855,"Fevereiro",958.33
1855,"Março",1012.33
1855,"Abril",684.8
1855,"Maio",621.68
1855,"Junho",15.58
1855,"Julho",791.29
1855,"Agosto",49.87
1855,"Setembro",369.65
1855,"Outubro",667.78
1855,"Novembro",549.22
1855,"Dezembro",1167.38
909,"Janeiro",723.83
909,"Fevereiro",103.54
909,"Março",106.56
909,"Abril",688.9
909,"Maio",472.84
909,"Junho",317.36
909,"Julho",222.8
909,"Agosto",304.61
909,"Setembro",719.6
909,"Outubro",173.16
909,"Novembro",387.02
909,"Dezembro",131.61
5047,"Janeiro",840.45
5047,"Fevereiro",233.13
5047,"Março",129.4
5047,"Abril",629.19
5047,"Maio",1412.57
5047,"Junho",226.39
5047,"Julho",319.38
5047,"Agosto",401.69
5047,"Setembro",125.55
5047,"Outubro",113.04
5047,"Novembro",827.41
5047,"Dezembro",444.84
5254,"Janeiro",1354.56
5254,"Fevereiro",402.34
5254,"Março",322.77
5254,"Abril",117.86
5254,"Maio",1228.12
5254,"Junho",294.69
5254,"Julho",408.33
5254,"Agosto",903.02
5254,"Setembro",653.58
5254,"Outubro",312.81
5254,"Novembro",323.22
5254,"Dezembro",949.76
8220,"Janeiro",212.8
8220,"Fevereiro",946.61
8220,"Março",685.35
8220,"Abril",116.27
8220,"Maio",336.43
8220,"Junho",984.58
8220,"Julho",829.91
8220,"Agosto",884.36
8220,"Setembro",65.68
8220,"Outubro",625.71
8220,"Novembro",489.47
8220,"Dezembro",1109.45
8508,"Janeiro",381.39
8508,"Fevereiro",171.56
8508,"Março",908.17
8508,"Abril",877.59
8508,"Maio",906.26
8508,"Junho",403.32
8508,"Julho",66.3
8508,"Agosto",90.07
8508,"Setembro",278.66
8508,"Outubro",340.27
8508,"Novembro",1205.78
8508,"Dezembro",322.4
6181,"Janeiro",374.45
6181,"Fevereiro",541.52
6181,"Março",882.94
6181,"Abril",586.72
6181,"Maio",646.44
6181,"Junho",252.7
6181,"Julho",691.85
6181,"Agosto",906.75
6181,"Setembro",560.24
6181,"Outubro",275.72
6181,"Novembro",574.87
6181,"Dezembro",637.7
5881,"Janeiro",1292.47
5881,"Fevereiro",517.64
5881,"Março",693.34
5881,"Abril",388.06
5881,"Maio",763.97
5881,"Junho",664.13
5881,"Julho",1197.3
5881,"Agosto",991.44
5881,"Setembro",737.86
5881,"Outubro",515.52
5881,"Novembro",259.22
5881,"Dezembro",871.87
4460,"Janeiro",549.67
4460,"Fevereiro",908.74
4460,"Março",554.72
4460,"Abril",510.94
4460,"Maio",1235.56
4460,"Junho",248.27
4460,"Julho",1028.43
4460,"Agosto",981.06
4460,"Setembro",1057.94
4460,"Outubro",696.93
4460,"Novembro",1124.18
4460,"Dezembro",956.99
6337,"Janeiro",1296.25
6337,"Fevereiro",1008.94
6337,"Março",431.74
6337,"Abril",445.15
6337,"Maio",715.66
6337,"Junho",109.97
6337,"Julho",581.6
6337,"Agosto",554.39
6337,"Setembro",637.74
6337,"Outubro",736.18
6337,"Novembro",656.61
6337,"Dezembro",531.56
1572,"Janeiro",431.27
1572,"Fevereiro",43
1572,"Março",144.72
1572,"Abril",932.27
1572,"Maio",958.35
1572,"Junho",283.97
1572,"Julho",556.91
1572,"Agosto",1245.68
1572,"Setembro",858.23
1572,"Outubro",778.51
1572,"Novembro",1220.86
1572,"Dezembro",452.46
6046,"Janeiro",159.2
6046,"Fevereiro",960.6
6046,"Março",502.47
6046,"Abril",947.31
6046,"Maio",101.2
6046,"Junho",856.58
6046,"Julho",1255.49
6046,"Agosto",196.59
6046,"Setembro",523.29
6046,"Outubro",197.32
6046,"Novembro",1185.17
6046,"Dezembro",429.37
2380,"Janeiro",437.87
2380,"Fevereiro",1329.43
2380,"Março",649.31
2380,"Abril",335.49
2380,"Maio",3.79
2380,"Junho",877.25
2380,"Julho",881.55
2380,"Agosto",409.19
2380,"Setembro",274.7
2380,"Outubro",186.07
2380,"Novembro",1288.31
2380,"Dezembro",767.28
4036,"Janeiro",106.47
4036,"Fevereiro",357.83
4036,"Março",916.48
4036,"Abril",118.34
4036,"Maio",1408.32
4036,"Junho",442.59
4036,"Julho",990.12
4036,"Agosto",1360.81
4036,"Setembro",176.3
4036,"Outubro",341.09
4036,"Novembro",1115.82
4036,"Dezembro",298.91
7607,"Janeiro",565.75
7607,"Fevereiro",738.56
7607,"Março",71.9
7607,"Abril",306.95
7607,"Maio",1115.37
7607,"Junho",420.4
7607,"Julho",922.67
7607,"Agosto",511.18
7607,"Setembro",615.06
7607,"Outubro",84.5
7607,"Novembro",157.78
7607,"Dezembro",679.08
5969,"Janeiro",528
5969,"Fevereiro",601.89
5969,"Março",1348.25
5969,"Abril",1316.55
5969,"Maio",364.6
5969,"Junho",221.16
5969,"Julho",1372
5969,"Agosto",447.36
5969,"Setembro",593.97
5969,"Outubro",254.77
5969,"Novembro",420.95
5969,"Dezembro",946.74
9631,"Janeiro",734.31
9631,"Fevereiro",1195.98
9631,"Março",114.97
9631,"Abril",1214.66
9631,"Maio",944.88
9631,"Junho",748.61
9631,"Julho",1127.32
9631,"Agosto",556.26
9631,"Setembro",65.84
9631,"Outubro",396.35
9631,"Novembro",111.2
9631,"Dezembro",4.28
1834,"Janeiro",24.33
1834,"Fevereiro",143.27
1834,"Março",944.23
1834,"Abril",1115.67
1834,"Maio",637.31
1834,"Junho",913.32
1834,"Julho",301.46
1834,"Agosto",820.27
1834,"Setembro",335.66
1834,"Outubro",1300.3
1834,"Novembro",379.51
1834,"Dezembro",343.38
1131,"Janeiro",771.12
1131,"Fevereiro",925.44
1131,"Março",28.22
1131,"Abril",708.25
1131,"Maio",627.47
1131,"Junho",711.77
1131,"Julho",934.93
1131,"Agosto",290.34
1131,"Setembro",205.36
1131,"Outubro",225.12
1131,"Novembro",451.82
1131,"Dezembro",839.91
8334,"Janeiro",339.74
8334,"Fevereiro",564.44
8334,"Março",850.88
8334,"Abril",1117.4
8334,"Maio",1346.91
8334,"Junho",1487.96
8334,"Julho",900.91
8334,"Agosto",657.23
8334,"Setembro",847.78
8334,"Outubro",744.04
8334,"Novembro",689.6
8334,"Dezembro",580.06
7281,"Janeiro",242.67
7281,"Fevereiro",709.66
7281,"Março",791.96
7281,"Abril",100.35
7281,"Maio",1026.66
7281,"Junho",410.68
7281,"Julho",770.93
7281,"Agosto",24.34
7281,"Setembro",1154.26
7281,"Outubro",558.26
7281,"Novembro",741.15
7281,"Dezembro",616.47
7329,"Janeiro",54.01
7329,"Fevereiro",970.41
7329,"Março",960.63
7329,"Abril",64.68
7329,"Maio",407.73
7329,"Junho",929.51
7329,"Julho",50.67
7329,"Agosto",570.73
7329,"Setembro",467.11
7329,"Outubro",149.98
7329,"Novembro",675.73
7329,"Dezembro",637.58
1932,"Janeiro",304.67
1932,"Fevereiro",275.52
1932,"Março",1201.63
1932,"Abril",752.41
1932,"Maio",297.25
1932,"Junho",279.07
1932,"Julho",1385.83
1932,"Agosto",1084.13
1932,"Setembro",150.98
1932,"Outubro",939.41
1932,"Novembro",357.61
1932,"Dezembro",300.85
3681,"Janeiro",869.14
3681,"Fevereiro",761.11
3681,"Março",758.79
3681,"Abril",334.61
3681,"Maio",710.47
3681,"Junho",769.8
3681,"Julho",1078.59
3681,"Agosto",605.29
3681,"Setembro",1145.34
3681,"Outubro",212.27
3681,"Novembro",25.75
3681,"Dezembro",245.38
7338,"Janeiro",1159.12
7338,"Fevereiro",895.97
7338,"Março",340.81
7338,"Abril",679
7338,"Maio",350.32
7338,"Junho",477.64
7338,"Julho",1268.3
7338,"Agosto",1163.96
7338,"Setembro",1052.17
7338,"Outubro",1022.91
7338,"Novembro",219.62
7338,"Dezembro",270.53
4952,"Janeiro",393.71
4952,"Fevereiro",1092.57
4952,"Março",1029.95
4952,"Abril",109.82
4952,"Maio",580.47
4952,"Junho",604.96
4952,"Julho",1019.17
4952,"Agosto",676.9
4952,"Setembro",1323.09
4952,"Outubro",294.77
4952,"Novembro",453.01
4952,"Dezembro",1041.74
7779,"Janeiro",35.04
7779,"Fevereiro",866.16
7779,"Março",583.76
7779,"Abril",220.18
7779,"Maio",707.25
7779,"Junho",373.74
7779,"Julho",239.65
7779,"Agosto",386.99
7779,"Setembro",1379.37
7779,"Outubro",404.72
7779,"Novembro",1077.11
7779,"Dezembro",1284.38
3943,"Janeiro",405.57
3943,"Fevereiro",397.22
3943,"Março",375.67
3943,"Abril",175.64
3943,"Maio",481.52
3943,"Junho",124.25
3943,"Julho",1147.94
3943,"Agosto",732.29
3943,"Setembro",1057.5
3943,"Outubro",649.43
3943,"Novembro",905.64
3943,"Dezembro",963.7
7127,"Janeiro",665.52
7127,"Fevereiro",353.87
7127,"Março",190.77
7127,"Abril",716.21
7127,"Maio",602.9
7127,"Junho",28.46
7127,"Julho",207.32
7127,"Agosto",382.23
7127,"Setembro",678.18
7127,"Outubro",898.47
7127,"Novembro",1004.53
7127,"Dezembro",477.55
533,"Janeiro",122.22
533,"Fevereiro",338.19
533,"Março",1100.88
533,"Abril",375.3
533,"Maio",1053.95
533,"Junho",963.6
533,"Julho",828.93
533,"Agosto",367.48
533,"Setembro",654.13
533,"Outubro",1226.68
533,"Novembro",684.72
533,"Dezembro",1068.67
6283,"Janeiro",1118.32
6283,"Fevereiro",53.27
6283,"Março",85.71
6283,"Abril",532.53
6283,"Maio",1070.35
6283,"Junho",352.21
6283,"Julho",999.54
6283,"Agosto",818.56
6283,"Setembro",246.98
6283,"Outubro",373.12
6283,"Novembro",81.73
6283,"Dezembro",45.35
5892,"Janeiro",259.03
5892,"Fevereiro",941.23
5892,"Março",369.84
5892,"Abril",575.21
5892,"Maio",1032.18
5892,"Junho",982.68
5892,"Julho",564.32
5892,"Agosto",435.8
5892,"Setembro",492.43
5892,"Outubro",961.87
5892,"Novembro",1125.55
5892,"Dezembro",569.57
4737,"Janeiro",72.66
4737,"Fevereiro",97.63
4737,"Março",903.09
4737,"Abril",289.55
4737,"Maio",222.6
4737,"Junho",370.79
4737,"Julho",806.41
4737,"Agosto",462.26
4737,"Setembro",285.87
4737,"Outubro",363.48
4737,"Novembro",793.21
4737,"Dezembro",212.03
4301,"Janeiro",824.29
4301,"Fevereiro",264.14
4301,"Março",137.56
4301,"Abril",56.19
4301,"Maio",445.92
4301,"Junho",666.87
4301,"Julho",558.64
4301,"Agosto",1267.76
4301,"Setembro",465.02
4301,"Outubro",691.09
4301,"Novembro",350.57
4301,"Dezembro",1063.13
788,"Janeiro",99.27
788,"Fevereiro",921.83
788,"Março",1081.56
788,"Abril",388.76
788,"Maio",931.2
788,"Junho",616.01
788,"Julho",536.48
788,"Agosto",653.02
788,"Setembro",986.39
788,"Outubro",214.17
788,"Novembro",612.87
788,"Dezembro",191.98
8821,"Janeiro",751.25
8821,"Fevereiro",757.72
8821,"Março",411.22
8821,"Abril",298.46
8821,"Maio",316.41
8821,"Junho",202.11
8821,"Julho",887.18
8821,"Agosto",467.46
8821,"Setembro",1014.58
8821,"Outubro",94.29
8821,"Novembro",202.22
8821,"Dezembro",477.19
3037,"Janeiro",1386.61
3037,"Fevereiro",672.23
3037,"Março",925.04
3037,"Abril",64.53
3037,"Maio",793.24
3037,"Junho",375.09
3037,"Julho",699.01
3037,"Agosto",403.23
3037,"Setembro",326.79
3037,"Outubro",1089.64
3037,"Novembro",886.15
3037,"Dezembro",271.34
2605,"Janeiro",208.58
2605,"Fevereiro",736.37
2605,"Março",1391.65
2605,"Abril",93.52
2605,"Maio",342.67
2605,"Junho",930.19
2605,"Julho",243.71
2605,"Agosto",418.53
2605,"Setembro",172.61
2605,"Outubro",358.75
2605,"Novembro",453.59
2605,"Dezembro",967.72
1346,"Janeiro",1152.13
1346,"Fevereiro",241.66
1346,"Março",763.19
1346,"Abril",334.3
1346,"Maio",397.3
1346,"Junho",910.89
1346,"Julho",316.83
1346,"Agosto",116.77
1346,"Setembro",32.65
1346,"Outubro",353.36
1346,"Novembro",151.78
1346,"Dezembro",771.27
8813,"Janeiro",35.81
8813,"Fevereiro",702.39
8813,"Março",359.66
8813,"Abril",567.45
8813,"Maio",91.32
8813,"Junho",1209.01
8813,"Julho",484.6
8813,"Agosto",1405.79
8813,"Setembro",495.54
8813,"Outubro",141.37
8813,"Novembro",212.32
8813,"Dezembro",764.83
685,"Janeiro",667.71
685,"Fevereiro",615.86
685,"Março",927.44
685,"Abril",21.93
685,"Maio",798.79
685,"Junho",866.29
685,"Julho",2.59
685,"Agosto",887.12
685,"Setembro",498.85
685,"Outubro",821.35
685,"Novembro",725.97
685,"Dezembro",1168.93
8418,"Janeiro",1092.32
8418,"Fevereiro",407.91
8418,"Março",722.22
8418,"Abril",1213.38
8418,"Maio",1172.11
8418,"Junho",1.59
8418,"Julho",950.03
8418,"Agosto",218.51
8418,"Setembro",1187.49
8418,"Outubro",805.43
8418,"Novembro",363.9
8418,"Dezembro",102.8
5950,"Janeiro",693.2
5950,"Fevereiro",815.96
5950,"Março",544.88
5950,"Abril",788.28
5950,"Maio",921.72
5950,"Junho",490.8
5950,"Julho",870.43
5950,"Agosto",156.64
5950,"Setembro",759.61
5950,"Outubro",1177.66
5950,"Novembro",918.29
5950,"Dezembro",326.91
2322,"Janeiro",239.37
2322,"Fevereiro",295.09
2322,"Março",777.41
2322,"Abril",891.64
2322,"Maio",422.56
2322,"Junho",347.23
2322,"Julho",733.49
2322,"Agosto",384.7
2322,"Setembro",299.82
2322,"Outubro",145.57
2322,"Novembro",1004.5
2322,"Dezembro",738.19
8993,"Janeiro",918.42
8993,"Fevereiro",984.29
8993,"Março",276.44
8993,"Abril",633.93
8993,"Maio",765.33
8993,"Junho",629.9
8993,"Julho",963.63
8993,"Agosto",1124.34
8993,"Setembro",262.49
8993,"Outubro",339.81
8993,"Novembro",898.03
8993,"Dezembro",500.79
7297,"Janeiro",210.43
7297,"Fevereiro",862.01
7297,"Março",644.55
7297,"Abril",1296.15
7297,"Maio",327.61
7297,"Junho",1398.6
7297,"Julho",1274.35
7297,"Agosto",948.43
7297,"Setembro",217.59
7297,"Outubro",591.33
7297,"Novembro",683.77
7297,"Dezembro",1395.17
9288,"Janeiro",183.38
9288,"Fevereiro",44.89
9288,"Março",793.72
9288,"Abril",173.69
9288,"Maio",512.57
9288,"Junho",677.13
9288,"Julho",403.86
9288,"Agosto",150.1
9288,"Setembro",495.94
9288,"Outubro",573.68
9288,"Novembro",680.99
9288,"Dezembro",267.19
2675,"Janeiro",91.79
2675,"Fevereiro",986.55
2675,"Março",196.88
2675,"Abril",219.5
2675,"Maio",36.48
2675,"Junho",577.49
2675,"Julho",846.76
2675,"Agosto",520.73
2675,"Setembro",362.02
2675,"Outubro",755.68
2675,"Novembro",963.81
2675,"Dezembro",1027.56
5161,"Janeiro",888.11
5161,"Fevereiro",769.86
5161,"Março",942.77
5161,"Abril",318.45
5161,"Maio",649.98
5161,"Junho",1171.75
5161,"Julho",26.8
5161,"Agosto",627.53
5161,"Setembro",1219.4
5161,"Outubro",152.08
5161,"Novembro",551.09
5161,"Dezembro",961.28
3178,"Janeiro",331.45
3178,"Fevereiro",679.17
3178,"Março",709.85
3178,"Abril",738.5
3178,"Maio",271.98
3178,"Junho",2.12
3178,"Julho",1080.1
3178,"Agosto",1497.96
3178,"Setembro",548.78
3178,"Outubro",111.86
3178,"Novembro",792.37
3178,"Dezembro",273.7
1920,"Janeiro",832.24
1920,"Fevereiro",809.5
1920,"Março",25.28
1920,"Abril",560.41
1920,"Maio",958.98
1920,"Junho",1082.35
1920,"Julho",479.16
1920,"Agosto",1307.45
1920,"Setembro",179.44
1920,"Outubro",855.55
1920,"Novembro",818.19
1920,"Dezembro",489.92
1421,"Janeiro",20.07
1421,"Fevereiro",1033.72
1421,"Março",915.05
1421,"Abril",741.5
1421,"Maio",429.63
1421,"Junho",765.69
1421,"Julho",519.57
1421,"Agosto",838.04
1421,"Setembro",359.99
1421,"Outubro",173.03
1421,"Novembro",1059.56
1421,"Dezembro",640.33
9610,"Janeiro",1289.18
9610,"Fevereiro",307.93
9610,"Março",804.42
9610,"Abril",76.68
9610,"Maio",695.97
9610,"Junho",1265.22
9610,"Julho",84.3
9610,"Agosto",294.58
9610,"Setembro",594.58
9610,"Outubro",1111.07
9610,"Novembro",689.29
9610,"Dezembro",332.03
189,"Janeiro",1101.57
189,"Fevereiro",586.46
189,"Março",867.62
189,"Abril",523.82
189,"Maio",778.19
189,"Junho",613.1
189,"Julho",1217.24
189,"Agosto",441.77
189,"Setembro",13.87
189,"Outubro",410.19
189,"Novembro",478.52
189,"Dezembro",326.13
8031,"Janeiro",358.7
8031,"Fevereiro",306.99
8031,"Março",335.72
8031,"Abril",209.73
8031,"Maio",1054.25
8031,"Junho",371.91
8031,"Julho",1034.19
8031,"Agosto",250.9
8031,"Setembro",93.64
8031,"Outubro",1173.46
8031,"Novembro",564.01
8031,"Dezembro",33.9
4919,"Janeiro",579.04
4919,"Fevereiro",676.68
4919,"Março",1128.74
4919,"Abril",1356.87
4919,"Maio",159.87
4919,"Junho",142.29
4919,"Julho",819.4
4919,"Agosto",207.19
4919,"Setembro",712.69
4919,"Outubro",490.26
4919,"Novembro",36.75
4919,"Dezembro",1239.69
2404,"Janeiro",642.86
2404,"Fevereiro",1028.21
2404,"Março",407.25
2404,"Abril",413.85
2404,"Maio",656.17
2404,"Junho",966.47
2404,"Julho",600.15
2404,"Agosto",93.05
2404,"Setembro",819.29
2404,"Outubro",56.3
2404,"Novembro",788.29
2404,"Dezembro",93.71
7441,"Janeiro",22.93
7441,"Fevereiro",441.57
7441,"Março",675.93
7441,"Abril",257.68
7441,"Maio",1043.45
7441,"Junho",806.4
7441,"Julho",610.55
7441,"Agosto",280.57
7441,"Setembro",1283.51
7441,"Outubro",134.21
7441,"Novembro",493.45
7441,"Dezembro",394.68
7321,"Janeiro",711.23
7321,"Fevereiro",883.1
7321,"Março",847.5
7321,"Abril",847.96
7321,"Maio",114.62
7321,"Junho",280.46
7321,"Julho",659.02
7321,"Agosto",729.84
7321,"Setembro",753.41
7321,"Outubro",313.49
7321,"Novembro",264.57
7321,"Dezembro",917.23
2652,"Janeiro",461.72
2652,"Fevereiro",565.16
2652,"Março",673.06
2652,"Abril",781.33
2652,"Maio",510.36
2652,"Junho",806.76
2652,"Julho",903.42
2652,"Agosto",199.23
2652,"Setembro",402.63
2652,"Outubro",414.26
2652,"Novembro",147.19
2652,"Dezembro",895.42
7927,"Janeiro",550.09
7927,"Fevereiro",131
7927,"Março",704.05
7927,"Abril",447.62
7927,"Maio",223.66
7927,"Junho",710.47
7927,"Julho",398.76
7927,"Agosto",642.92
7927,"Setembro",90.39
7927,"Outubro",484.47
7927,"Novembro",761.74
7927,"Dezembro",718.34
5246,"Janeiro",1152.72
5246,"Fevereiro",861.6
5246,"Março",35.99
5246,"Abril",1062.43
5246,"Maio",941.74
5246,"Junho",588.52
5246,"Julho",488.12
5246,"Agosto",917.57
5246,"Setembro",944.23
5246,"Outubro",660.15
5246,"Novembro",432.66
5246,"Dezembro",426.43
7014,"Janeiro",476.02
7014,"Fevereiro",785.97
7014,"Março",633.62
7014,"Abril",73.21
7014,"Maio",269.86
7014,"Junho",297.93
7014,"Julho",931.99
7014,"Agosto",550.66
7014,"Setembro",4.26
7014,"Outubro",624.35
7014,"Novembro",934.06
7014,"Dezembro",1011.16
1435,"Janeiro",593.08
1435,"Fevereiro",766.88
1435,"Março",467.86
1435,"Abril",197.36
1435,"Maio",437.42
1435,"Junho",994.82
1435,"Julho",977.25
1435,"Agosto",1140.98
1435,"Setembro",447.58
1435,"Outubro",478.54
1435,"Novembro",612.56
1435,"Dezembro",1305.34
89,"Janeiro",210.51
89,"Fevereiro",130.56
89,"Março",577.84
89,"Abril",837.68
89,"Maio",207.97
89,"Junho",833.12
89,"Julho",1121.1
89,"Agosto",97.4
89,"Setembro",693.4
89,"Outubro",473.3
89,"Novembro",229.26
89,"Dezembro",1208.95
602,"Janeiro",105.4
602,"Fevereiro",301.21
602,"Março",263.63
602,"Abril",485.87
602,"Maio",1290.13
602,"Junho",843.22
602,"Julho",616.9
602,"Agosto",1037.02
602,"Setembro",679.52
602,"Outubro",1368.1
602,"Novembro",497.68
602,"Dezembro",281.78
16,"Janeiro",369.18
16,"Fevereiro",677.42
16,"Março",725.55
16,"Abril",966.55
16,"Maio",767.87
16,"Junho",382.72
16,"Julho",506
16,"Agosto",773.3
16,"Setembro",1020.69
16,"Outubro",1052
16,"Novembro",198.37
16,"Dezembro",930.36
6759,"Janeiro",398.06
6759,"Fevereiro",322.07
6759,"Março",764.68
6759,"Abril",815.92
6759,"Maio",1070.96
6759,"Junho",19.17
6759,"Julho",531.83
6759,"Agosto",190.44
6759,"Setembro",626.38
6759,"Outubro",7.54
6759,"Novembro",750.61
6759,"Dezembro",167.18
3899,"Janeiro",1002.82
3899,"Fevereiro",1218.15
3899,"Março",463.01
3899,"Abril",1012.88
3899,"Maio",668.08
3899,"Junho",1056.19
3899,"Julho",715.36
3899,"Agosto",1368.42
3899,"Setembro",967.99
3899,"Outubro",594.06
3899,"Novembro",287.52
3899,"Dezembro",1105.56
2132,"Janeiro",1505.53
2132,"Fevereiro",815.14
2132,"Março",19.4
2132,"Abril",541.68
2132,"Maio",733.38
2132,"Junho",1280.8
2132,"Julho",541.35
2132,"Agosto",659.22
2132,"Setembro",583.35
2132,"Outubro",296.15
2132,"Novembro",1268.27
2132,"Dezembro",1508.03
1755,"Janeiro",653.93
1755,"Fevereiro",1239.35
1755,"Março",114.8
1755,"Abril",259.44
1755,"Maio",704.3
1755,"Junho",171.27
1755,"Julho",547.7
1755,"Agosto",744.3
1755,"Setembro",102.43
1755,"Outubro",144.56
1755,"Novembro",308.99
1755,"Dezembro",936.31
6993,"Janeiro",241.98
6993,"Fevereiro",1084.47
6993,"Março",526.45
6993,"Abril",261.26
6993,"Maio",17.83
6993,"Junho",838.73
6993,"Julho",224.77
6993,"Agosto",200.98
6993,"Setembro",133.83
6993,"Outubro",209.97
6993,"Novembro",284
6993,"Dezembro",996.78
8848,"Janeiro",120.76
8848,"Fevereiro",522.68
8848,"Março",847.21
8848,"Abril",346.29
8848,"Maio",1008.13
8848,"Junho",1236.68
8848,"Julho",647.61
8848,"Agosto",50.57
8848,"Setembro",759.89
8848,"Outubro",82.32
8848,"Novembro",479.42
8848,"Dezembro",416.63
2658,"Janeiro",1329.72
2658,"Fevereiro",463.78
2658,"Março",1058.21
2658,"Abril",247.87
2658,"Maio",581.73
2658,"Junho",1256.26
2658,"Julho",878.24
2658,"Agosto",484.09
2658,"Setembro",64.26
2658,"Outubro",707.65
2658,"Novembro",627.27
2658,"Dezembro",308.54
4107,"Janeiro",621.59
4107,"Fevereiro",612.74
4107,"Março",211.37
4107,"Abril",241.54
4107,"Maio",601.85
4107,"Junho",1023.42
4107,"Julho",876.24
4107,"Agosto",522.54
4107,"Setembro",521.36
4107,"Outubro",1136.15
4107,"Novembro",907.78
4107,"Dezembro",1023.67
517,"Janeiro",268.95
517,"Fevereiro",751.58
517,"Março",4.62
517,"Abril",768.46
517,"Maio",1494
517,"Junho",150.41
517,"Julho",749.24
517,"Agosto",535.97
517,"Setembro",1302.84
517,"Outubro",624.49
517,"Novembro",707.14
517,"Dezembro",335.92
4689,"Janeiro",46.7
4689,"Fevereiro",1094.5
4689,"Março",472.41
4689,"Abril",1133.57
4689,"Maio",367.87
4689,"Junho",377.73
4689,"Julho",796.86
4689,"Agosto",151.1
4689,"Setembro",443.91
4689,"Outubro",410.56
4689,"Novembro",1052.44
4689,"Dezembro",693.37
9463,"Janeiro",499.28
9463,"Fevereiro",1312.89
9463,"Março",1312.97
9463,"Abril",929.67
9463,"Maio",672.23
9463,"Junho",856.71
9463,"Julho",1050.9
9463,"Agosto",172.34
9463,"Setembro",957.95
9463,"Outubro",273.59
9463,"Novembro",823.06
9463,"Dezembro",752.38
4311,"Janeiro",893.04
4311,"Fevereiro",758.89
4311,"Março",892.18
4311,"Abril",767.43
4311,"Maio",1017.62
4311,"Junho",1370.05
4311,"Julho",39.81
4311,"Agosto",310.37
4311,"Setembro",831.53
4311,"Outubro",1176.98
4311,"Novembro",794.2
4311,"Dezembro",137.07
9978,"Janeiro",718.62
9978,"Fevereiro",851.55
9978,"Março",388.25
9978,"Abril",162.99
9978,"Maio",862.63
9978,"Junho",725.17
9978,"Julho",880.21
9978,"Agosto",682.04
9978,"Setembro",711.75
9978,"Outubro",613.16
9978,"Novembro",1077.53
9978,"Dezembro",488.4
6701,"Janeiro",133.89
6701,"Fevereiro",833.79
6701,"Março",593.03
6701,"Abril",761.14
6701,"Maio",1147.28
6701,"Junho",1005.27
6701,"Julho",128.43
6701,"Agosto",584.89
6701,"Setembro",743.62
6701,"Outubro",6.88
6701,"Novembro",604.1
6701,"Dezembro",154.49
5375,"Janeiro",1117.34
5375,"Fevereiro",465.87
5375,"Março",698.3
5375,"Abril",443.28
5375,"Maio",343.58
5375,"Junho",362.9
5375,"Julho",455.06
5375,"Agosto",187.87
5375,"Setembro",488.44
5375,"Outubro",106.01
5375,"Novembro",947.8
5375,"Dezembro",981.06
7545,"Janeiro",339.38
7545,"Fevereiro",686.19
7545,"Março",580.35
7545,"Abril",446.42
7545,"Maio",291.28
7545,"Junho",676.12
7545,"Julho",950.8
7545,"Agosto",618.98
7545,"Setembro",705.98
7545,"Outubro",794.18
7545,"Novembro",946.39
7545,"Dezembro",671.15
6912,"Janeiro",984.85
6912,"Fevereiro",178.76
6912,"Março",1011.44
6912,"Abril",643.36
6912,"Maio",1054.33
6912,"Junho",344.16
6912,"Julho",656.72
6912,"Agosto",285.99
6912,"Setembro",266.8
6912,"Outubro",744.67
6912,"Novembro",655.98
6912,"Dezembro",101.26
1020,"Janeiro",810.48
1020,"Fevereiro",447.81
1020,"Março",752.06
1020,"Abril",759.71
1020,"Maio",982.79
1020,"Junho",587.91
1020,"Julho",19.99
1020,"Agosto",227.19
1020,"Setembro",292.53
1020,"Outubro",135.96
1020,"Novembro",397.23
1020,"Dezembro",732.73
8440,"Janeiro",388.75
8440,"Fevereiro",427.93
8440,"Março",580.22
8440,"Abril",1417.13
8440,"Maio",885.87
8440,"Junho",418.38
8440,"Julho",765.55
8440,"Agosto",855.33
8440,"Setembro",1363.33
8440,"Outubro",1158.52
8440,"Novembro",596.18
8440,"Dezembro",756.9
8253,"Janeiro",647.28
8253,"Fevereiro",997.11
8253,"Março",1139.69
8253,"Abril",590.98
8253,"Maio",22.94
8253,"Junho",1208.88
8253,"Julho",679.56
8253,"Agosto",24.05
8253,"Setembro",852.34
8253,"Outubro",983.13
8253,"Novembro",185.51
8253,"Dezembro",224.73
3521,"Janeiro",554.13
3521,"Fevereiro",700.8
3521,"Março",237.47
3521,"Abril",819.26
3521,"Maio",1179.11
3521,"Junho",739.14
3521,"Julho",712.39
3521,"Agosto",760.43
3521,"Setembro",422.13
3521,"Outubro",238.29
3521,"Novembro",284.67
3521,"Dezembro",50.52
6815,"Janeiro",828.04
6815,"Fevereiro",1300.32
6815,"Março",333.6
6815,"Abril",1256.27
6815,"Maio",485.98
6815,"Junho",625.55
6815,"Julho",1123.55
6815,"Agosto",177.38
6815,"Setembro",587.54
6815,"Outubro",224.83
6815,"Novembro",1288.07
6815,"Dezembro",867.75
2871,"Janeiro",304.69
2871,"Fevereiro",82.73
2871,"Março",660.67
2871,"Abril",677.86
2871,"Maio",587.34
2871,"Junho",301.38
2871,"Julho",922.66
2871,"Agosto",3.12
2871,"Setembro",497
2871,"Outubro",137.02
2871,"Novembro",145.95
2871,"Dezembro",626.15
180,"Janeiro",161.18
180,"Fevereiro",779.6
180,"Março",1309.03
180,"Abril",101.72
180,"Maio",555.35
180,"Junho",181.21
180,"Julho",469.09
180,"Agosto",731.56
180,"Setembro",123.63
180,"Outubro",518.94
180,"Novembro",576.91
180,"Dezembro",551.42
2135,"Janeiro",138.77
2135,"Fevereiro",118.66
2135,"Março",215.87
2135,"Abril",356.57
2135,"Maio",598.28
2135,"Junho",209.28
2135,"Julho",481.84
2135,"Agosto",51.2
2135,"Setembro",1358.12
2135,"Outubro",450.3
2135,"Novembro",1407.55
2135,"Dezembro",143.69
5845,"Janeiro",79.37
5845,"Fevereiro",601.81
5845,"Março",1327.6
5845,"Abril",1137.39
5845,"Maio",480.28
5845,"Junho",545.28
5845,"Julho",375.36
5845,"Agosto",717.79
5845,"Setembro",607.68
5845,"Outubro",137.35
5845,"Novembro",350.3
5845,"Dezembro",1188.74
6171,"Janeiro",1337.76
6171,"Fevereiro",1112.47
6171,"Março",716.24
6171,"Abril",1376.36
6171,"Maio",694.81
6171,"Junho",1373.25
6171,"Julho",189.45
6171,"Agosto",753.89
6171,"Setembro",1255.22
6171,"Outubro",461.33
6171,"Novembro",398.8
6171,"Dezembro",466.5
4995,"Janeiro",768.18
4995,"Fevereiro",278.5
4995,"Março",550.2
4995,"Abril",186.4
4995,"Maio",1062
4995,"Junho",273.93
4995,"Julho",759.48
4995,"Agosto",342.06
4995,"Setembro",630.27
4995,"Outubro",610.86
4995,"Novembro",550.81
4995,"Dezembro",670.26
7433,"Janeiro",1121.52
7433,"Fevereiro",820.31
7433,"Março",1290
7433,"Abril",362.26
7433,"Maio",453.39
7433,"Junho",375.08
7433,"Julho",915.15
7433,"Agosto",1397.87
7433,"Setembro",287.23
7433,"Outubro",896.72
7433,"Novembro",55.11
7433,"Dezembro",1192.6
5531,"Janeiro",370.48
5531,"Fevereiro",758.73
5531,"Março",683.01
5531,"Abril",498.97
5531,"Maio",200.26
5531,"Junho",752.81
5531,"Julho",667.67
5531,"Agosto",1342.7
5531,"Setembro",646.78
5531,"Outubro",825.26
5531,"Novembro",67.8
5531,"Dezembro",1402.92
4465,"Janeiro",1127.24
4465,"Fevereiro",901.74
4465,"Março",392.59
4465,"Abril",133.92
4465,"Maio",36.77
4465,"Junho",623.71
4465,"Julho",482.8
4465,"Agosto",330.71
4465,"Setembro",890.19
4465,"Outubro",508.68
4465,"Novembro",496.29
4465,"Dezembro",884.32
9838,"Janeiro",270.72
9838,"Fevereiro",227.82
9838,"Março",141.46
9838,"Abril",239.55
9838,"Maio",1523.66
9838,"Junho",539.35
9838,"Julho",778.36
9838,"Agosto",467.85
9838,"Setembro",293.84
9838,"Outubro",712.72
9838,"Novembro",1175.97
9838,"Dezembro",1060.32
9099,"Janeiro",614.11
9099,"Fevereiro",1278.65
9099,"Março",507.07
9099,"Abril",424.83
9099,"Maio",107.64
9099,"Junho",665.09
9099,"Julho",71.7
9099,"Agosto",123.71
9099,"Setembro",795.91
9099,"Outubro",133.3
9099,"Novembro",906.95
9099,"Dezembro",872.64
3480,"Janeiro",105.93
3480,"Fevereiro",1032.8
3480,"Março",692.99
3480,"Abril",843.95
3480,"Maio",1179.27
3480,"Junho",204.65
3480,"Julho",1400.73
3480,"Agosto",375.59
3480,"Setembro",423.87
3480,"Outubro",652.41
3480,"Novembro",167.9
3480,"Dezembro",950.14
854,"Janeiro",471.43
854,"Fevereiro",855.85
854,"Março",994.15
854,"Abril",357.79
854,"Maio",494.34
854,"Junho",1182.69
854,"Julho",4.45
854,"Agosto",349.7
854,"Setembro",78.69
854,"Outubro",161.46
854,"Novembro",351.17
854,"Dezembro",515.85
2095,"Janeiro",903.37
2095,"Fevereiro",21.61
2095,"Março",723.42
2095,"Abril",1368.07
2095,"Maio",801.31
2095,"Junho",529.92
2095,"Julho",712.95
2095,"Agosto",1160.94
2095,"Setembro",630.17
2095,"Outubro",1196.22
2095,"Novembro",1134.8
2095,"Dezembro",362.94
3110,"Janeiro",499.67
3110,"Fevereiro",211.21
3110,"Março",523.09
3110,"Abril",978.28
3110,"Maio",370.59
3110,"Junho",628.82
3110,"Julho",190.52
3110,"Agosto",604.47
3110,"Setembro",82.41
3110,"Outubro",741.61
3110,"Novembro",239.56
3110,"Dezembro",398.24
3405,"Janeiro",148.05
3405,"Fevereiro",904.33
3405,"Março",1138.4
3405,"Abril",878.43
3405,"Maio",78.38
3405,"Junho",402.59
3405,"Julho",1228.01
3405,"Agosto",689
3405,"Setembro",882.51
3405,"Outubro",480.52
3405,"Novembro",729.34
3405,"Dezembro",903.94
4967,"Janeiro",1088.84
4967,"Fevereiro",774.28
4967,"Março",361.88
4967,"Abril",249.13
4967,"Maio",556.34
4967,"Junho",456.79
4967,"Julho",146.11
4967,"Agosto",975.06
4967,"Setembro",615.21
4967,"Outubro",985.5
4967,"Novembro",261.29
4967,"Dezembro",627.79
2899,"Janeiro",325.57
2899,"Fevereiro",773.56
2899,"Março",253.55
2899,"Abril",707.09
2899,"Maio",495.56
2899,"Junho",1067.67
2899,"Julho",930.66
2899,"Agosto",691.12
2899,"Setembro",1043.71
2899,"Outubro",381.21
2899,"Novembro",1262.67
2899,"Dezembro",786.79
2231,"Janeiro",279.13
2231,"Fevereiro",1036.49
2231,"Março",1201.53
2231,"Abril",5.02
2231,"Maio",576.56
2231,"Junho",987.24
2231,"Julho",712.08
2231,"Agosto",625.05
2231,"Setembro",64.34
2231,"Outubro",1390.21
2231,"Novembro",161.77
2231,"Dezembro",1130.94
4980,"Janeiro",968.37
4980,"Fevereiro",101.23
4980,"Março",792.6
4980,"Abril",1084.12
4980,"Maio",347.54
4980,"Junho",1083.82
4980,"Julho",1266.56
4980,"Agosto",31.63
4980,"Setembro",791.76
4980,"Outubro",81.72
4980,"Novembro",231.64
4980,"Dezembro",349.19
775,"Janeiro",108.78
775,"Fevereiro",898.06
775,"Março",113.46
775,"Abril",855.21
775,"Maio",530.64
775,"Junho",1134.71
775,"Julho",78.76
775,"Agosto",731.54
775,"Setembro",650.88
775,"Outubro",45.79
775,"Novembro",226.38
775,"Dezembro",6.54
6086,"Janeiro",785.51
6086,"Fevereiro",910.36
6086,"Março",919.35
6086,"Abril",36.85
6086,"Maio",784.77
6086,"Junho",572.42
6086,"Julho",112.15
6086,"Agosto",951.47
6086,"Setembro",909.84
6086,"Outubro",1006
6086,"Novembro",775.09
6086,"Dezembro",1252.03
9955,"Janeiro",640.42
9955,"Fevereiro",604.88
9955,"Março",798.28
9955,"Abril",869.85
9955,"Maio",652.5
9955,"Junho",446.79
9955,"Julho",567.76
9955,"Agosto",35.2
9955,"Setembro",726.74
9955,"Outubro",180.23
9955,"Novembro",752.04
9955,"Dezembro",1405.63
1491,"Janeiro",688.06
1491,"Fevereiro",831.63
1491,"Março",220.08
1491,"Abril",685.89
1491,"Maio",759.65
1491,"Junho",176.51
1491,"Julho",694.03
1491,"Agosto",291
1491,"Setembro",497.47
1491,"Outubro",106.51
1491,"Novembro",1029.38
1491,"Dezembro",134.55
3551,"Janeiro",1239.57
3551,"Fevereiro",187.22
3551,"Março",717.24
3551,"Abril",259.7
3551,"Maio",853.13
3551,"Junho",159.4
3551,"Julho",793.35
3551,"Agosto",1169.94
3551,"Setembro",614.11
3551,"Outubro",568.71
3551,"Novembro",1165.21
3551,"Dezembro",730.18
7436,"Janeiro",176.07
7436,"Fevereiro",788.98
7436,"Março",211.68
7436,"Abril",140.7
7436,"Maio",347.17
7436,"Junho",592.98
7436,"Julho",540.17
7436,"Agosto",1272.07
7436,"Setembro",669.36
7436,"Outubro",51.72
7436,"Novembro",447.06
7436,"Dezembro",502.53
9938,"Janeiro",664.56
9938,"Fevereiro",430.91
9938,"Março",1259.23
9938,"Abril",740.98
9938,"Maio",88.54
9938,"Junho",244.66
9938,"Julho",601.1
9938,"Agosto",627.72
9938,"Setembro",615.87
9938,"Outubro",220.3
9938,"Novembro",555.27
9938,"Dezembro",621.03
4815,"Janeiro",616.41
4815,"Fevereiro",902.9
4815,"Março",623.24
4815,"Abril",848.86
4815,"Maio",1005.5
4815,"Junho",516.73
4815,"Julho",473.1
4815,"Agosto",454.49
4815,"Setembro",121.65
4815,"Outubro",400.2
4815,"Novembro",269.25
4815,"Dezembro",149.89
1703,"Janeiro",159.39
1703,"Fevereiro",102.92
1703,"Março",619.16
1703,"Abril",418.94
1703,"Maio",1170.39
1703,"Junho",896.58
1703,"Julho",646.1
1703,"Agosto",616
1703,"Setembro",635.37
1703,"Outubro",190.38
1703,"Novembro",600.3
1703,"Dezembro",58.52
1408,"Janeiro",511.67
1408,"Fevereiro",1150.12
1408,"Março",416.27
1408,"Abril",591.79
1408,"Maio",17.65
1408,"Junho",242.48
1408,"Julho",547.22
1408,"Agosto",862.31
1408,"Setembro",754.86
1408,"Outubro",519.85
1408,"Novembro",538.41
1408,"Dezembro",690.11
5263,"Janeiro",784.46
5263,"Fevereiro",1399.76
5263,"Março",163.25
5263,"Abril",925.89
5263,"Maio",433.19
5263,"Junho",652.09
5263,"Julho",991.51
5263,"Agosto",876.83
5263,"Setembro",100.29
5263,"Outubro",591.77
5263,"Novembro",159.7
5263,"Dezembro",1019.23
4898,"Janeiro",546.83
4898,"Fevereiro",323.81
4898,"Março",115.48
4898,"Abril",1234.37
4898,"Maio",685.7
4898,"Junho",557.37
4898,"Julho",1197.06
4898,"Agosto",843.96
4898,"Setembro",42.76
4898,"Outubro",182.17
4898,"Novembro",1009.78
4898,"Dezembro",133.09
5101,"Janeiro",174.27
5101,"Fevereiro",533.89
5101,"Março",950.82
5101,"Abril",627.8
5101,"Maio",747.85
5101,"Junho",809.28
5101,"Julho",737.14
5101,"Agosto",252.29
5101,"Setembro",384.7
5101,"Outubro",724.59
5101,"Novembro",1154.41
5101,"Dezembro",923.16
8079,"Janeiro",12.99
8079,"Fevereiro",563.52
8079,"Março",472.85
8079,"Abril",48.4
8079,"Maio",85.09
8079,"Junho",228.65
8079,"Julho",40.78
8079,"Agosto",592.34
8079,"Setembro",25.69
8079,"Outubro",116.07
8079,"Novembro",15.97
8079,"Dezembro",49.26
4620,"Janeiro",268.4
4620,"Fevereiro",255.04
4620,"Março",792.3
4620,"Abril",607.22
4620,"Maio",162.06
4620,"Junho",597.19
4620,"Julho",378.4
4620,"Agosto",375.72
4620,"Setembro",1286.33
4620,"Outubro",1150.67
4620,"Novembro",522.67
4620,"Dezembro",854.31
8776,"Janeiro",337.75
8776,"Fevereiro",43.54
8776,"Março",512.34
8776,"Abril",202.24
8776,"Maio",803.69
8776,"Junho",355.01
8776,"Julho",395.21
8776,"Agosto",48.48
8776,"Setembro",422.28
8776,"Outubro",375.21
8776,"Novembro",919.36
8776,"Dezembro",593.46
2894,"Janeiro",383.65
2894,"Fevereiro",308.48
2894,"Março",1507.82
2894,"Abril",544.76
2894,"Maio",485.68
2894,"Junho",940.98
2894,"Julho",862.45
2894,"Agosto",67.44
2894,"Setembro",1001.76
2894,"Outubro",429.86
2894,"Novembro",680.33
2894,"Dezembro",747.63
4439,"Janeiro",553.29
4439,"Fevereiro",646.25
4439,"Março",633.63
4439,"Abril",245.54
4439,"Maio",136.72
4439,"Junho",1142.71
4439,"Julho",721.81
4439,"Agosto",662.54
4439,"Setembro",817.81
4439,"Outubro",339.4
4439,"Novembro",297.95
4439,"Dezembro",419.51
4527,"Janeiro",543.11
4527,"Fevereiro",210.24
4527,"Março",241.88
4527,"Abril",148.57
4527,"Maio",176.07
4527,"Junho",845.52
4527,"Julho",44.4
4527,"Agosto",662.29
4527,"Setembro",800.47
4527,"Outubro",58.98
4527,"Novembro",973.41
4527,"Dezembro",647.83
6625,"Janeiro",1013.85
6625,"Fevereiro",680.27
6625,"Março",315.72
6625,"Abril",890.75
6625,"Maio",585.49
6625,"Junho",332.38
6625,"Julho",805.56
6625,"Agosto",697.6
6625,"Setembro",975.97
6625,"Outubro",974.72
6625,"Novembro",574.51
6625,"Dezembro",182.36
7079,"Janeiro",110.15
7079,"Fevereiro",249.42
7079,"Março",1095.6
7079,"Abril",406.77
7079,"Maio",855.7
7079,"Junho",869.62
7079,"Julho",920.54
7079,"Agosto",852.49
7079,"Setembro",1290.07
7079,"Outubro",569.85
7079,"Novembro",122.82
7079,"Dezembro",68.73
1486,"Janeiro",444.87
1486,"Fevereiro",620.5
1486,"Março",1033.9
1486,"Abril",138.27
1486,"Maio",214.95
1486,"Junho",34.8
1486,"Julho",462.49
1486,"Agosto",1019.47
1486,"Setembro",13.42
1486,"Outubro",611.24
1486,"Novembro",422.58
1486,"Dezembro",589.26
4366,"Janeiro",637.45
4366,"Fevereiro",688.96
4366,"Março",226.11
4366,"Abril",498.36
4366,"Maio",538.98
4366,"Junho",386.74
4366,"Julho",515.31
4366,"Agosto",2.38
4366,"Setembro",370.03
4366,"Outubro",394.26
4366,"Novembro",1366.8
4366,"Dezembro",748.3
4889,"Janeiro",1212.69
4889,"Fevereiro",98.31
4889,"Março",963.02
4889,"Abril",915.39
4889,"Maio",133.47
4889,"Junho",368.39
4889,"Julho",394.4
4889,"Agosto",927.47
4889,"Setembro",133.03
4889,"Outubro",911.71
4889,"Novembro",260.99
4889,"Dezembro",62.98
113,"Janeiro",472.48
113,"Fevereiro",277.2
113,"Março",202.51
113,"Abril",187.65
113,"Maio",499.23
113,"Junho",674.83
113,"Julho",332.62
113,"Agosto",764.98
113,"Setembro",217.04
113,"Outubro",962.6
113,"Novembro",556.4
113,"Dezembro",492.67
7640,"Janeiro",1295.73
7640,"Fevereiro",1045.2
7640,"Março",665.67
7640,"Abril",182.32
7640,"Maio",296.53
7640,"Junho",816.36
7640,"Julho",686.83
7640,"Agosto",715.8
7640,"Setembro",505.91
7640,"Outubro",755.09
7640,"Novembro",657.79
7640,"Dezembro",883.42
9426,"Janeiro",627.67
9426,"Fevereiro",81.97
9426,"Março",1337.88
9426,"Abril",524.48
9426,"Maio",425.44
9426,"Junho",619.03
9426,"Julho",369.85
9426,"Agosto",66.24
9426,"Setembro",731.96
9426,"Outubro",1104.34
9426,"Novembro",409.1
9426,"Dezembro",382.54
9301,"Janeiro",429.54
9301,"Fevereiro",1492.16
9301,"Março",1087.25
9301,"Abril",604.95
9301,"Maio",1107.88
9301,"Junho",203.95
9301,"Julho",774.52
9301,"Agosto",196.37
9301,"Setembro",678.74
9301,"Outubro",578.83
9301,"Novembro",921.76
9301,"Dezembro",731.91
5807,"Janeiro",1321.48
5807,"Fevereiro",863.01
5807,"Março",319.31
5807,"Abril",468.8
5807,"Maio",305.54
5807,"Junho",37.08
5807,"Julho",773.28
5807,"Agosto",239.45
5807,"Setembro",104.84
5807,"Outubro",200.51
5807,"Novembro",102.69
5807,"Dezembro",966.49
6115,"Janeiro",897.73
6115,"Fevereiro",411.27
6115,"Março",778.07
6115,"Abril",813.09
6115,"Maio",573.03
6115,"Junho",734.83
6115,"Julho",791.19
6115,"Agosto",86.72
6115,"Setembro",938.62
6115,"Outubro",236.41
6115,"Novembro",513.93
6115,"Dezembro",705.9
7261,"Janeiro",625.49
7261,"Fevereiro",360.47
7261,"Março",434.73
7261,"Abril",334.52
7261,"Maio",724.47
7261,"Junho",290.38
7261,"Julho",349.1
7261,"Agosto",278.88
7261,"Setembro",100.51
7261,"Outubro",51.46
7261,"Novembro",1111.32
7261,"Dezembro",406.36
9909,"Janeiro",335.06
9909,"Fevereiro",635.29
9909,"Março",167.02
9909,"Abril",119.8
9909,"Maio",758.68
9909,"Junho",870.64
9909,"Julho",700.95
9909,"Agosto",193.04
9909,"Setembro",218.11
9909,"Outubro",296.56
9909,"Novembro",1046.45
9909,"Dezembro",92.1
8528,"Janeiro",761.14
8528,"Fevereiro",37.88
8528,"Março",999.03
8528,"Abril",152.41
8528,"Maio",418.7
8528,"Junho",683.36
8528,"Julho",1092.16
8528,"Agosto",231.04
8528,"Setembro",384.02
8528,"Outubro",552.51
8528,"Novembro",58.67
8528,"Dezembro",243.86
7475,"Janeiro",1075.97
7475,"Fevereiro",804.75
7475,"Março",862.14
7475,"Abril",439.41
7475,"Maio",1054.48
7475,"Junho",955.35
7475,"Julho",519.22
7475,"Agosto",51.19
7475,"Setembro",1046.43
7475,"Outubro",227.55
7475,"Novembro",806.14
7475,"Dezembro",825.81
5492,"Janeiro",645.34
5492,"Fevereiro",45.85
5492,"Março",661.41
5492,"Abril",761.25
5492,"Maio",304.72
5492,"Junho",280.45
5492,"Julho",840.13
5492,"Agosto",835.11
5492,"Setembro",710.72
5492,"Outubro",666.98
5492,"Novembro",156.35
5492,"Dezembro",743.01
6381,"Janeiro",184.98
6381,"Fevereiro",548.1
6381,"Março",646.76
6381,"Abril",233.64
6381,"Maio",586.33
6381,"Junho",105.82
6381,"Julho",40.55
6381,"Agosto",741.69
6381,"Setembro",139.99
6381,"Outubro",282.66
6381,"Novembro",125.2
6381,"Dezembro",451.28
7243,"Janeiro",943.41
7243,"Fevereiro",528.32
7243,"Março",396.61
7243,"Abril",241.05
7243,"Maio",314.03
7243,"Junho",865.89
7243,"Julho",280.68
7243,"Agosto",137.02
7243,"Setembro",386.61
7243,"Outubro",510.34
7243,"Novembro",763.75
7243,"Dezembro",1003.48
5264,"Janeiro",332.9
5264,"Fevereiro",351.71
5264,"Março",614.3
5264,"Abril",692.92
5264,"Maio",629.74
5264,"Junho",61.44
5264,"Julho",1137.49
5264,"Agosto",217.95
5264,"Setembro",469.07
5264,"Outubro",905.89
5264,"Novembro",8.12
5264,"Dezembro",132.7
4104,"Janeiro",451.86
4104,"Fevereiro",114.28
4104,"Março",476.63
4104,"Abril",232.49
4104,"Maio",755.14
4104,"Junho",159.83
4104,"Julho",874.54
4104,"Agosto",820.89
4104,"Setembro",848.75
4104,"Outubro",1305.2
4104,"Novembro",540
4104,"Dezembro",706.77
4782,"Janeiro",1553.73
4782,"Fevereiro",192.65
4782,"Março",766.09
4782,"Abril",104.12
4782,"Maio",465.96
4782,"Junho",99.57
4782,"Julho",1125
4782,"Agosto",612.19
4782,"Setembro",935.1
4782,"Outubro",719.45
4782,"Novembro",868.41
4782,"Dezembro",190.93
6410,"Janeiro",1144
6410,"Fevereiro",1177.58
6410,"Março",504.55
6410,"Abril",411.66
6410,"Maio",472.63
6410,"Junho",411.47
6410,"Julho",1075.35
6410,"Agosto",937.72
6410,"Setembro",586.97
6410,"Outubro",1367.86
6410,"Novembro",1181.67
6410,"Dezembro",193.16
4836,"Janeiro",384.25
4836,"Fevereiro",450.28
4836,"Março",1096.19
4836,"Abril",1028.52
4836,"Maio",165.41
4836,"Junho",738.51
4836,"Julho",156.74
4836,"Agosto",738
4836,"Setembro",651.02
4836,"Outubro",333.97
4836,"Novembro",775.82
4836,"Dezembro",730.51
9653,"Janeiro",56.83
9653,"Fevereiro",807.61
9653,"Março",1029.48
9653,"Abril",365.03
9653,"Maio",675.66
9653,"Junho",616.25
9653,"Julho",1276.34
9653,"Agosto",224.86
9653,"Setembro",108.3
9653,"Outubro",522.88
9653,"Novembro",484.13
9653,"Dezembro",17.47
1968,"Janeiro",236.02
1968,"Fevereiro",1064.54
1968,"Março",1355.33
1968,"Abril",831.05
1968,"Maio",565.4
1968,"Junho",1154.35
1968,"Julho",1057.81
1968,"Agosto",7.56
1968,"Setembro",953.06
1968,"Outubro",38.82
1968,"Novembro",1277.3
1968,"Dezembro",121.34
8475,"Janeiro",510.23
8475,"Fevereiro",877.35
8475,"Março",522.15
8475,"Abril",728.12
8475,"Maio",587.18
8475,"Junho",711.35
8475,"Julho",388.71
8475,"Agosto",158.35
8475,"Setembro",688.18
8475,"Outubro",322.89
8475,"Novembro",1015.09
8475,"Dezembro",328.16
8721,"Janeiro",504.62
8721,"Fevereiro",1435.05
8721,"Março",76.01
8721,"Abril",773.4
8721,"Maio",480.9
8721,"Junho",747.02
8721,"Julho",675.41
8721,"Agosto",200.17
8721,"Setembro",420.01
8721,"Outubro",23.23
8721,"Novembro",529.39
8721,"Dezembro",580.36
9303,"Janeiro",883.53
9303,"Fevereiro",544.89
9303,"Março",680.67
9303,"Abril",528.68
9303,"Maio",1061.92
9303,"Junho",881.75
9303,"Julho",781.75
9303,"Agosto",1461.76
9303,"Setembro",978.42
9303,"Outubro",661.96
9303,"Novembro",152.76
9303,"Dezembro",871.82
3680,"Janeiro",1073.42
3680,"Fevereiro",517.55
3680,"Março",1251.98
3680,"Abril",100.11
3680,"Maio",1196.95
3680,"Junho",5.34
3680,"Julho",152.7
3680,"Agosto",1196.25
3680,"Setembro",318.02
3680,"Outubro",33.4
3680,"Novembro",482.84
3680,"Dezembro",998.35
5413,"Janeiro",194.53
5413,"Fevereiro",773.04
5413,"Março",518.16
5413,"Abril",188.23
5413,"Maio",741.8
5413,"Junho",461.64
5413,"Julho",64.34
5413,"Agosto",937.37
5413,"Setembro",871.31
5413,"Outubro",1249.37
5413,"Novembro",479.99
5413,"Dezembro",1111.67
803,"Janeiro",744.76
803,"Fevereiro",80.64
803,"Março",926.69
803,"Abril",673.37
803,"Maio",133.7
803,"Junho",1021.88
803,"Julho",147.5
803,"Agosto",1051.69
803,"Setembro",486.77
803,"Outubro",752.18
803,"Novembro",254.56
803,"Dezembro",1003.01
1556,"Janeiro",1181.51
1556,"Fevereiro",503.29
1556,"Março",348.32
1556,"Abril",676.57
1556,"Maio",815.71
1556,"Junho",887.57
1556,"Julho",518.08
1556,"Agosto",1357.01
1556,"Setembro",811.88
1556,"Outubro",507.55
1556,"Novembro",523.73
1556,"Dezembro",1255.61
2378,"Janeiro",762.7
2378,"Fevereiro",307.01
2378,"Março",864.77
2378,"Abril",329.78
2378,"Maio",926.89
2378,"Junho",361.12
2378,"Julho",379.48
2378,"Agosto",644.21
2378,"Setembro",351.01
2378,"Outubro",831.47
2378,"Novembro",901.66
2378,"Dezembro",711.65
7373,"Janeiro",92.84
7373,"Fevereiro",12.54
7373,"Março",1209.74
7373,"Abril",632.85
7373,"Maio",363.33
7373,"Junho",706.42
7373,"Julho",1254.66
7373,"Agosto",144.3
7373,"Setembro",181.96
7373,"Outubro",830.49
7373,"Novembro",527.33
7373,"Dezembro",732.36
1619,"Janeiro",3.73
1619,"Fevereiro",803.84
1619,"Março",45.44
1619,"Abril",519.38
1619,"Maio",22.54
1619,"Junho",648.99
1619,"Julho",952.01
1619,"Agosto",288.67
1619,"Setembro",712.48
1619,"Outubro",654.99
1619,"Novembro",153.43
1619,"Dezembro",884.82
8527,"Janeiro",1109.22
8527,"Fevereiro",1258.87
8527,"Março",312.72
8527,"Abril",352.28
8527,"Maio",563.31
8527,"Junho",657.3
8527,"Julho",767.79
8527,"Agosto",654.35
8527,"Setembro",241.06
8527,"Outubro",1097.02
8527,"Novembro",1483.15
8527,"Dezembro",306.82
700,"Janeiro",165.89
700,"Fevereiro",871.35
700,"Março",1134.76
700,"Abril",1162.09
700,"Maio",515
700,"Junho",441.57
700,"Julho",924.76
700,"Agosto",351.37
700,"Setembro",273.62
700,"Outubro",386.96
700,"Novembro",864.32
700,"Dezembro",416.72
4622,"Janeiro",46.87
4622,"Fevereiro",591.02
4622,"Março",398.68
4622,"Abril",1140.29
4622,"Maio",407.01
4622,"Junho",356.12
4622,"Julho",710.85
4622,"Agosto",492.38
4622,"Setembro",11.36
4622,"Outubro",489.13
4622,"Novembro",191.18
4622,"Dezembro",743.1
2481,"Janeiro",219.87
2481,"Fevereiro",703.79
2481,"Março",962.94
2481,"Abril",118.22
2481,"Maio",1125.86
2481,"Junho",743.12
2481,"Julho",78.5
2481,"Agosto",786.04
2481,"Setembro",159.21
2481,"Outubro",827.13
2481,"Novembro",1069.01
2481,"Dezembro",34.19
4283,"Janeiro",80.54
4283,"Fevereiro",228.83
4283,"Março",123.94
4283,"Abril",289.74
4283,"Maio",742.58
4283,"Junho",27.17
4283,"Julho",441.39
4283,"Agosto",907.84
4283,"Setembro",705.9
4283,"Outubro",712.46
4283,"Novembro",987.92
4283,"Dezembro",933.51
6769,"Janeiro",518.52
6769,"Fevereiro",1315.16
6769,"Março",360.53
6769,"Abril",1217.91
6769,"Maio",1148.66
6769,"Junho",1366.51
6769,"Julho",968.73
6769,"Agosto",319.97
6769,"Setembro",98.28
6769,"Outubro",1052.3
6769,"Novembro",426.75
6769,"Dezembro",154.68
3703,"Janeiro",205.66
3703,"Fevereiro",536.93
3703,"Março",511.99
3703,"Abril",586.75
3703,"Maio",584.44
3703,"Junho",12.78
3703,"Julho",265.75
3703,"Agosto",905.25
3703,"Setembro",698.9
3703,"Outubro",85.5
3703,"Novembro",319.33
3703,"Dezembro",130.66
9688,"Janeiro",390.04
9688,"Fevereiro",409.12
9688,"Março",308.3
9688,"Abril",1365.36
9688,"Maio",156.98
9688,"Junho",91.33
9688,"Julho",1130.59
9688,"Agosto",782.5
9688,"Setembro",264.77
9688,"Outubro",573.78
9688,"Novembro",764.58
9688,"Dezembro",571.55
7849,"Janeiro",434.73
7849,"Fevereiro",1172.01
7849,"Março",1039.51
7849,"Abril",944.49
7849,"Maio",243.01
7849,"Junho",1083.78
7849,"Julho",820.75
7849,"Agosto",779.13
7849,"Setembro",362.3
7849,"Outubro",580.85
7849,"Novembro",208.52
7849,"Dezembro",983.72
2056,"Janeiro",14.11
2056,"Fevereiro",735.45
2056,"Março",662.48
2056,"Abril",628.29
2056,"Maio",49.69
2056,"Junho",2.81
2056,"Julho",102.45
2056,"Agosto",492.02
2056,"Setembro",411.96
2056,"Outubro",347.23
2056,"Novembro",861.25
2056,"Dezembro",202.46
431,"Janeiro",358.71
431,"Fevereiro",356.32
431,"Março",622.82
431,"Abril",1031.26
431,"Maio",50.76
431,"Junho",1037.62
431,"Julho",856.29
431,"Agosto",94.51
431,"Setembro",7.47
431,"Outubro",693.4
431,"Novembro",254.95
431,"Dezembro",1191.47
9732,"Janeiro",682.02
9732,"Fevereiro",1286.73
9732,"Março",275.55
9732,"Abril",659.88
9732,"Maio",598.08
9732,"Junho",834.46
9732,"Julho",47.44
9732,"Agosto",565.42
9732,"Setembro",793.71
9732,"Outubro",634.18
9732,"Novembro",286.24
9732,"Dezembro",215.85
1832,"Janeiro",870.08
1832,"Fevereiro",530.32
1832,"Março",300.35
1832,"Abril",722.34
1832,"Maio",185.18
1832,"Junho",199.13
1832,"Julho",190.02
1832,"Agosto",237.52
1832,"Setembro",972.36
1832,"Outubro",1047.58
1832,"Novembro",899.83
1832,"Dezembro",1210.98
262,"Janeiro",722.54
262,"Fevereiro",219.11
262,"Março",458.02
262,"Abril",640.8
262,"Maio",225.6
262,"Junho",469.42
262,"Julho",499.91
262,"Agosto",57.11
262,"Setembro",162
262,"Outubro",316.57
262,"Novembro",25.25
262,"Dezembro",488.97
3753,"Janeiro",35.5
3753,"Fevereiro",93.95
3753,"Março",235.74
3753,"Abril",796.81
3753,"Maio",570.08
3753,"Junho",387.8
3753,"Julho",177.81
3753,"Agosto",380.57
3753,"Setembro",742.91
3753,"Outubro",21.97
3753,"Novembro",861.47
3753,"Dezembro",423.36
8328,"Janeiro",695.01
8328,"Fevereiro",1228.36
8328,"Março",749.72
8328,"Abril",391.82
8328,"Maio",434.55
8328,"Junho",907.96
8328,"Julho",399.09
8328,"Agosto",71.1
8328,"Setembro",721.96
8328,"Outubro",720.55
8328,"Novembro",1005.34
8328,"Dezembro",752.4
1446,"Janeiro",240.25
1446,"Fevereiro",2.4
1446,"Março",31.19
1446,"Abril",521.94
1446,"Maio",175.84
1446,"Junho",1152.89
1446,"Julho",389.29
1446,"Agosto",537.16
1446,"Setembro",1027.57
1446,"Outubro",92.8
1446,"Novembro",427.95
1446,"Dezembro",101.79
9148,"Janeiro",442.23
9148,"Fevereiro",1036.22
9148,"Março",496.35
9148,"Abril",560.87
9148,"Maio",959.03
9148,"Junho",703.45
9148,"Julho",1165.34
9148,"Agosto",473.6
9148,"Setembro",320.25
9148,"Outubro",1117.38
9148,"Novembro",784.76
9148,"Dezembro",354.49
6414,"Janeiro",31.43
6414,"Fevereiro",532.18
6414,"Março",52.78
6414,"Abril",485.02
6414,"Maio",944.16
6414,"Junho",446.6
6414,"Julho",777.64
6414,"Agosto",326.83
6414,"Setembro",798.12
6414,"Outubro",1186.54
6414,"Novembro",527.79
6414,"Dezembro",88.98
2252,"Janeiro",322.43
2252,"Fevereiro",236.42
2252,"Março",600.27
2252,"Abril",1373.19
2252,"Maio",199.2
2252,"Junho",672.67
2252,"Julho",343.83
2252,"Agosto",921.34
2252,"Setembro",362.92
2252,"Outubro",779.78
2252,"Novembro",54.86
2252,"Dezembro",245.58
9155,"Janeiro",294.46
9155,"Fevereiro",400.43
9155,"Março",257.25
9155,"Abril",522.48
9155,"Maio",471.54
9155,"Junho",594.75
9155,"Julho",25.67
9155,"Agosto",889.68
9155,"Setembro",113.78
9155,"Outubro",873.84
9155,"Novembro",619.55
9155,"Dezembro",284.56
6581,"Janeiro",1027.92
6581,"Fevereiro",235.57
6581,"Março",55.54
6581,"Abril",499.64
6581,"Maio",832.86
6581,"Junho",40.68
6581,"Julho",699.12
6581,"Agosto",686.83
6581,"Setembro",1069.79
6581,"Outubro",788.2
6581,"Novembro",1065.13
6581,"Dezembro",697.04
4388,"Janeiro",527.56
4388,"Fevereiro",4.23
4388,"Março",845.78
4388,"Abril",274.91
4388,"Maio",472.13
4388,"Junho",59.02
4388,"Julho",128.9
4388,"Agosto",40.14
4388,"Setembro",575.26
4388,"Outubro",932.99
4388,"Novembro",386.26
4388,"Dezembro",1025.21
8963,"Janeiro",664.15
8963,"Fevereiro",43.72
8963,"Março",670.42
8963,"Abril",265.92
8963,"Maio",796.34
8963,"Junho",666.19
8963,"Julho",798.55
8963,"Agosto",103.8
8963,"Setembro",424.56
8963,"Outubro",30.76
8963,"Novembro",1120.34
8963,"Dezembro",1004.74
4593,"Janeiro",634.72
4593,"Fevereiro",1329.29
4593,"Março",467.54
4593,"Abril",547.16
4593,"Maio",216.59
4593,"Junho",233.79
4593,"Julho",13.19
4593,"Agosto",896.2
4593,"Setembro",864.95
4593,"Outubro",1249.49
4593,"Novembro",574.97
4593,"Dezembro",1161.89
1930,"Janeiro",80.82
1930,"Fevereiro",813.79
1930,"Março",197.75
1930,"Abril",857.39
1930,"Maio",522.45
1930,"Junho",143.77
1930,"Julho",1273.36
1930,"Agosto",93.96
1930,"Setembro",586.91
1930,"Outubro",505.38
1930,"Novembro",631.73
1930,"Dezembro",197.82
2866,"Janeiro",635.01
2866,"Fevereiro",113.09
2866,"Março",389.95
2866,"Abril",233.83
2866,"Maio",244.93
2866,"Junho",581.15
2866,"Julho",277.49
2866,"Agosto",708.54
2866,"Setembro",1278.84
2866,"Outubro",828.62
2866,"Novembro",751.48
2866,"Dezembro",722.33
8975,"Janeiro",795.15
8975,"Fevereiro",64.39
8975,"Março",179.56
8975,"Abril",257.63
8975,"Maio",136.36
8975,"Junho",1046.37
8975,"Julho",1052.58
8975,"Agosto",1312.61
8975,"Setembro",356.64
8975,"Outubro",428.21
8975,"Novembro",727.93
8975,"Dezembro",290.4
6765,"Janeiro",847.92
6765,"Fevereiro",89.24
6765,"Março",213.46
6765,"Abril",10.83
6765,"Maio",868.98
6765,"Junho",814.86
6765,"Julho",462.99
6765,"Agosto",833.88
6765,"Setembro",1048.73
6765,"Outubro",404.75
6765,"Novembro",883.05
6765,"Dezembro",57.35
8518,"Janeiro",39.7
8518,"Fevereiro",417.95
8518,"Março",388.59
8518,"Abril",543.12
8518,"Maio",818.52
8518,"Junho",248.24
8518,"Julho",1024.74
8518,"Agosto",1225.58
8518,"Setembro",371.84
8518,"Outubro",112.86
8518,"Novembro",922.2
8518,"Dezembro",247.67
7021,"Janeiro",229.63
7021,"Fevereiro",879.64
7021,"Março",532.74
7021,"Abril",1176.23
7021,"Maio",131.74
7021,"Junho",313.1
7021,"Julho",695.07
7021,"Agosto",1383.42
7021,"Setembro",369.6
7021,"Outubro",367.8
7021,"Novembro",44.77
7021,"Dezembro",829.23
667,"Janeiro",44.51
667,"Fevereiro",1046.84
667,"Março",194.77
667,"Abril",313.97
667,"Maio",575.39
667,"Junho",303.41
667,"Julho",616.04
667,"Agosto",1017.35
667,"Setembro",180.75
667,"Outubro",1150.57
667,"Novembro",1058.19
667,"Dezembro",665.59
3635,"Janeiro",99.07
3635,"Fevereiro",361.53
3635,"Março",192.68
3635,"Abril",261.36
3635,"Maio",93.82
3635,"Junho",1158.86
3635,"Julho",1146.4
3635,"Agosto",448.29
3635,"Setembro",496.96
3635,"Outubro",665.17
3635,"Novembro",195.92
3635,"Dezembro",898.32
4744,"Janeiro",630.27
4744,"Fevereiro",320.5
4744,"Março",381.11
4744,"Abril",706.6
4744,"Maio",856.91
4744,"Junho",266.43
4744,"Julho",343.55
4744,"Agosto",787.75
4744,"Setembro",739.47
4744,"Outubro",381.37
4744,"Novembro",336.77
4744,"Dezembro",99.38
5444,"Janeiro",998.03
5444,"Fevereiro",682.47
5444,"Março",1240.34
5444,"Abril",582.52
5444,"Maio",1286.58
5444,"Junho",100.78
5444,"Julho",896.82
5444,"Agosto",864.16
5444,"Setembro",408.32
5444,"Outubro",1410.08
5444,"Novembro",1347.98
5444,"Dezembro",772.54
8896,"Janeiro",579.2
8896,"Fevereiro",674.64
8896,"Março",992.63
8896,"Abril",124.61
8896,"Maio",282.43
8896,"Junho",1382.15
8896,"Julho",1113.29
8896,"Agosto",261.97
8896,"Setembro",642.33
8896,"Outubro",1184.49
8896,"Novembro",791.1
8896,"Dezembro",967.85
856,"Janeiro",63.82
856,"Fevereiro",160.29
856,"Março",51.08
856,"Abril",538.45
856,"Maio",791.87
856,"Junho",1130.18
856,"Julho",734.33
856,"Agosto",255.32
856,"Setembro",149.26
856,"Outubro",415.93
856,"Novembro",711.95
856,"Dezembro",802.28
3102,"Janeiro",102.99
3102,"Fevereiro",613.31
3102,"Março",497.92
3102,"Abril",290.19
3102,"Maio",569.52
3102,"Junho",828.28
3102,"Julho",408.37
3102,"Agosto",30.12
3102,"Setembro",343.39
3102,"Outubro",771.79
3102,"Novembro",75.23
3102,"Dezembro",395.08
2531,"Janeiro",1203.98
2531,"Fevereiro",716.33
2531,"Março",504.55
2531,"Abril",1019.52
2531,"Maio",827.55
2531,"Junho",32.73
2531,"Julho",186.84
2531,"Agosto",901.45
2531,"Setembro",0.29
2531,"Outubro",553.96
2531,"Novembro",98.93
2531,"Dezembro",719.66
307,"Janeiro",546.2
307,"Fevereiro",824.48
307,"Março",174.92
307,"Abril",597.69
307,"Maio",1308.16
307,"Junho",32.47
307,"Julho",650.27
307,"Agosto",374.83
307,"Setembro",622.17
307,"Outubro",445.88
307,"Novembro",314.7
307,"Dezembro",670.28
2228,"Janeiro",454.66
2228,"Fevereiro",926.74
2228,"Março",0.99
2228,"Abril",752.19
2228,"Maio",1092.93
2228,"Junho",502.29
2228,"Julho",366.39
2228,"Agosto",464.11
2228,"Setembro",770.35
2228,"Outubro",648
2228,"Novembro",363.44
2228,"Dezembro",62.22
2777,"Janeiro",369.17
2777,"Fevereiro",331.87
2777,"Março",334.99
2777,"Abril",246.28
2777,"Maio",338.58
2777,"Junho",283.96
2777,"Julho",23.45
2777,"Agosto",1172.69
2777,"Setembro",551.57
2777,"Outubro",277.35
2777,"Novembro",1139.75
2777,"Dezembro",566.68
8822,"Janeiro",1327.86
8822,"Fevereiro",634.86
8822,"Março",567.7
8822,"Abril",149.7
8822,"Maio",1120.52
8822,"Junho",410.74
8822,"Julho",1018.45
8822,"Agosto",453.92
8822,"Setembro",966.29
8822,"Outubro",169.92
8822,"Novembro",436.46
8822,"Dezembro",62.78
2995,"Janeiro",450.45
2995,"Fevereiro",190.29
2995,"Março",724.44
2995,"Abril",669.28
2995,"Maio",700.33
2995,"Junho",152.54
2995,"Julho",562.75
2995,"Agosto",37.95
2995,"Setembro",919.53
2995,"Outubro",430.67
2995,"Novembro",1003.11
2995,"Dezembro",446.56
5555,"Janeiro",12.56
5555,"Fevereiro",585.77
5555,"Março",429.61
5555,"Abril",612.39
5555,"Maio",157.1
5555,"Junho",995.79
5555,"Julho",765.07
5555,"Agosto",136.75
5555,"Setembro",695.78
5555,"Outubro",294.82
5555,"Novembro",349.49
5555,"Dezembro",457.1
6497,"Janeiro",687.67
6497,"Fevereiro",865.35
6497,"Março",429.84
6497,"Abril",723.39
6497,"Maio",436.07
6497,"Junho",809.5
6497,"Julho",427.89
6497,"Agosto",645.86
6497,"Setembro",19.11
6497,"Outubro",780.06
6497,"Novembro",543.37
6497,"Dezembro",509.64
3686,"Janeiro",582.83
3686,"Fevereiro",1161.93
3686,"Março",69.26
3686,"Abril",526.99
3686,"Maio",373.81
3686,"Junho",159.83
3686,"Julho",867.54
3686,"Agosto",384
3686,"Setembro",470.32
3686,"Outubro",688.55
3686,"Novembro",3.95
3686,"Dezembro",973.73
156,"Janeiro",130.15
156,"Fevereiro",250.03
156,"Março",243.7
156,"Abril",914.34
156,"Maio",560.96
156,"Junho",1160.89
156,"Julho",268.59
156,"Agosto",873.13
156,"Setembro",844.65
156,"Outubro",83.82
156,"Novembro",928.65
156,"Dezembro",701.68
9919,"Janeiro",276.4
9919,"Fevereiro",659.56
9919,"Março",648.44
9919,"Abril",344.4
9919,"Maio",763.68
9919,"Junho",1005.07
9919,"Julho",42.88
9919,"Agosto",853.43
9919,"Setembro",1020.23
9919,"Outubro",787.02
9919,"Novembro",1002.58
9919,"Dezembro",190.37
6365,"Janeiro",939.93
6365,"Fevereiro",1001.64
6365,"Março",1352.17
6365,"Abril",750.27
6365,"Maio",582.62
6365,"Junho",855.95
6365,"Julho",186.96
6365,"Agosto",884.13
6365,"Setembro",105.54
6365,"Outubro",551.89
6365,"Novembro",767.13
6365,"Dezembro",1149.52
9008,"Janeiro",286.48
9008,"Fevereiro",623.34
9008,"Março",60.86
9008,"Abril",511.69
9008,"Maio",905.37
9008,"Junho",794.02
9008,"Julho",830.56
9008,"Agosto",661.02
9008,"Setembro",723.92
9008,"Outubro",608.98
9008,"Novembro",473.58
9008,"Dezembro",332.84
6239,"Janeiro",456.62
6239,"Fevereiro",522.12
6239,"Março",581.99
6239,"Abril",261.76
6239,"Maio",619.48
6239,"Junho",169.21
6239,"Julho",204.47
6239,"Agosto",350.42
6239,"Setembro",647.97
6239,"Outubro",287.88
6239,"Novembro",94.68
6239,"Dezembro",696.22
2036,"Janeiro",782.39
2036,"Fevereiro",668.94
2036,"Março",754.55
2036,"Abril",1179.67
2036,"Maio",1352.66
2036,"Junho",922.5
2036,"Julho",1066.48
2036,"Agosto",86.15
2036,"Setembro",941.23
2036,"Outubro",1333.15
2036,"Novembro",284.84
2036,"Dezembro",731.33
7755,"Janeiro",503.24
7755,"Fevereiro",96.3
7755,"Março",794.54
7755,"Abril",515.88
7755,"Maio",132.97
7755,"Junho",204.3
7755,"Julho",874.08
7755,"Agosto",245.55
7755,"Setembro",847.17
7755,"Outubro",567.44
7755,"Novembro",641.15
7755,"Dezembro",848.84
7354,"Janeiro",109.77
7354,"Fevereiro",702.19
7354,"Março",710.18
7354,"Abril",1014.74
7354,"Maio",20.08
7354,"Junho",770.33
7354,"Julho",944.5
7354,"Agosto",805.26
7354,"Setembro",454.61
7354,"Outubro",489.52
7354,"Novembro",1215.7
7354,"Dezembro",708.31
981,"Janeiro",41.41
981,"Fevereiro",411.52
981,"Março",579.58
981,"Abril",98.32
981,"Maio",20.01
981,"Junho",113.22
981,"Julho",410.72
981,"Agosto",764.56
981,"Setembro",1258.89
981,"Outubro",558.39
981,"Novembro",22.67
981,"Dezembro",106.48
1093,"Janeiro",651.64
1093,"Fevereiro",530.79
1093,"Março",190.37
1093,"Abril",313.73
1093,"Maio",183.92
1093,"Junho",14.63
1093,"Julho",399.9
1093,"Agosto",246.3
1093,"Setembro",1150.04
1093,"Outubro",577.57
1093,"Novembro",1257.57
1093,"Dezembro",80.57
346,"Janeiro",1131.64
346,"Fevereiro",276.29
346,"Março",250.9
346,"Abril",931.46
346,"Maio",240.6
346,"Junho",1202.79
346,"Julho",248.83
346,"Agosto",59.01
346,"Setembro",719.72
346,"Outubro",468.25
346,"Novembro",84.97
346,"Dezembro",587.19
2247,"Janeiro",18.54
2247,"Fevereiro",200.92
2247,"Março",404.96
2247,"Abril",636.24
2247,"Maio",509.2
2247,"Junho",834.84
2247,"Julho",307.26
2247,"Agosto",734.44
2247,"Setembro",343.84
2247,"Outubro",193.38
2247,"Novembro",161.21
2247,"Dezembro",1108.48
2009,"Janeiro",363.44
2009,"Fevereiro",617.81
2009,"Março",1050.06
2009,"Abril",571.07
2009,"Maio",745.13
2009,"Junho",506.03
2009,"Julho",867.44
2009,"Agosto",40.39
2009,"Setembro",639.72
2009,"Outubro",792.65
2009,"Novembro",356.03
2009,"Dezembro",1042.48
1150,"Janeiro",951.2
1150,"Fevereiro",363.05
1150,"Março",1079.08
1150,"Abril",1197.5
1150,"Maio",266.44
1150,"Junho",512.91
1150,"Julho",734.72
1150,"Agosto",86.8
1150,"Setembro",914.19
1150,"Outubro",1103.69
1150,"Novembro",939.34
1150,"Dezembro",565.76
2664,"Janeiro",1256.63
2664,"Fevereiro",84.47
2664,"Março",1271.44
2664,"Abril",260.52
2664,"Maio",776.23
2664,"Junho",292.07
2664,"Julho",242.32
2664,"Agosto",956.35
2664,"Setembro",937.72
2664,"Outubro",272.48
2664,"Novembro",1175
2664,"Dezembro",397
5836,"Janeiro",1417.5
5836,"Fevereiro",214.08
5836,"Março",194.64
5836,"Abril",1101.94
5836,"Maio",323.4
5836,"Junho",51.68
5836,"Julho",725.08
5836,"Agosto",915.02
5836,"Setembro",239.33
5836,"Outubro",639.61
5836,"Novembro",915.07
5836,"Dezembro",647.8
3706,"Janeiro",330.55
3706,"Fevereiro",541.87
3706,"Março",24.5
3706,"Abril",79.81
3706,"Maio",804.78
3706,"Junho",561.37
3706,"Julho",1446.53
3706,"Agosto",719.86
3706,"Setembro",509.54
3706,"Outubro",286
3706,"Novembro",179.62
3706,"Dezembro",356.08
7246,"Janeiro",226.35
7246,"Fevereiro",191.34
7246,"Março",549.98
7246,"Abril",1019.1
7246,"Maio",137.09
7246,"Junho",775.67
7246,"Julho",672.41
7246,"Agosto",847.7
7246,"Setembro",826.84
7246,"Outubro",355.31
7246,"Novembro",1336.01
7246,"Dezembro",782.3
5318,"Janeiro",763.78
5318,"Fevereiro",896.7
5318,"Março",484.8
5318,"Abril",853.54
5318,"Maio",818.57
5318,"Junho",813.17
5318,"Julho",66.34
5318,"Agosto",288.21
5318,"Setembro",144.09
5318,"Outubro",574.01
5318,"Novembro",1188.58
5318,"Dezembro",65.05
7677,"Janeiro",857.31
7677,"Fevereiro",184.94
7677,"Março",725.6
7677,"Abril",20.79
7677,"Maio",533.14
7677,"Junho",1100.49
7677,"Julho",523.31
7677,"Agosto",138.55
7677,"Setembro",1486.29
7677,"Outubro",240.82
7677,"Novembro",797.94
7677,"Dezembro",712.4
5351,"Janeiro",1179.35
5351,"Fevereiro",634.87
5351,"Março",954.35
5351,"Abril",530.87
5351,"Maio",256.45
5351,"Junho",65.13
5351,"Julho",661.5
5351,"Agosto",724.32
5351,"Setembro",925.02
5351,"Outubro",507.22
5351,"Novembro",166.68
5351,"Dezembro",866.57
3429,"Janeiro",538.55
3429,"Fevereiro",48.01
3429,"Março",499.11
3429,"Abril",300.65
3429,"Maio",144.57
3429,"Junho",1113.33
3429,"Julho",1175.19
3429,"Agosto",835.35
3429,"Setembro",110.65
3429,"Outubro",1210.46
3429,"Novembro",595.17
3429,"Dezembro",1144.06
7682,"Janeiro",357.93
7682,"Fevereiro",311.93
7682,"Março",511.08
7682,"Abril",75.31
7682,"Maio",107.95
7682,"Junho",637.42
7682,"Julho",260.21
7682,"Agosto",658.84
7682,"Setembro",1061.16
7682,"Outubro",844.04
7682,"Novembro",170.16
7682,"Dezembro",332.96
730,"Janeiro",102.08
730,"Fevereiro",929.76
730,"Março",227.67
730,"Abril",731.02
730,"Maio",255.61
730,"Junho",575.39
730,"Julho",623.96
730,"Agosto",1150.22
730,"Setembro",806.49
730,"Outubro",1361.11
730,"Novembro",389.9
730,"Dezembro",428.19
332,"Janeiro",196.64
332,"Fevereiro",745.51
332,"Março",753.68
332,"Abril",910.09
332,"Maio",217.77
332,"Junho",522.53
332,"Julho",807.88
332,"Agosto",872.71
332,"Setembro",1049.07
332,"Outubro",1232.88
332,"Novembro",203.3
332,"Dezembro",827.6
6422,"Janeiro",597
6422,"Fevereiro",561.33
6422,"Março",7.42
6422,"Abril",586.09
6422,"Maio",498.95
6422,"Junho",66.29
6422,"Julho",850.69
6422,"Agosto",595.44
6422,"Setembro",1214.46
6422,"Outubro",569.9
6422,"Novembro",1045.47
6422,"Dezembro",536.63
8198,"Janeiro",617.63
8198,"Fevereiro",856.11
8198,"Março",1280.92
8198,"Abril",612.87
8198,"Maio",883.06
8198,"Junho",614.86
8198,"Julho",372.49
8198,"Agosto",581.5
8198,"Setembro",1184.96
8198,"Outubro",3.4
8198,"Novembro",1294.92
8198,"Dezembro",132.11
8200,"Janeiro",250.41
8200,"Fevereiro",229.58
8200,"Março",678.13
8200,"Abril",1157.76
8200,"Maio",968.35
8200,"Junho",1383.92
8200,"Julho",742.23
8200,"Agosto",1026.52
8200,"Setembro",236.12
8200,"Outubro",478.41
8200,"Novembro",525.36
8200,"Dezembro",181.79
7213,"Janeiro",1365.64
7213,"Fevereiro",21.95
7213,"Março",606.69
7213,"Abril",48.49
7213,"Maio",631.26
7213,"Junho",59.5
7213,"Julho",608.63
7213,"Agosto",749.96
7213,"Setembro",89.77
7213,"Outubro",920.74
7213,"Novembro",429.37
7213,"Dezembro",1019.52
9714,"Janeiro",250.01
9714,"Fevereiro",51.36
9714,"Março",379.76
9714,"Abril",272.51
9714,"Maio",249.02
9714,"Junho",611.98
9714,"Julho",102.04
9714,"Agosto",471.81
9714,"Setembro",621.04
9714,"Outubro",664.5
9714,"Novembro",43.21
9714,"Dezembro",372.05
3601,"Janeiro",916.03
3601,"Fevereiro",502.4
3601,"Março",685.42
3601,"Abril",346.94
3601,"Maio",968.25
3601,"Junho",271.25
3601,"Julho",658.35
3601,"Agosto",124.06
3601,"Setembro",1138.93
3601,"Outubro",477.87
3601,"Novembro",682.2
3601,"Dezembro",89.74
5317,"Janeiro",787.11
5317,"Fevereiro",226.82
5317,"Março",203.89
5317,"Abril",103.97
5317,"Maio",548.56
5317,"Junho",730.39
5317,"Julho",708.45
5317,"Agosto",748.83
5317,"Setembro",1271.56
5317,"Outubro",710.7
5317,"Novembro",1140.04
5317,"Dezembro",209.8
6660,"Janeiro",567.69
6660,"Fevereiro",1331.46
6660,"Março",176.35
6660,"Abril",274.12
6660,"Maio",595.05
6660,"Junho",74.86
6660,"Julho",859.55
6660,"Agosto",1289.63
6660,"Setembro",712.3
6660,"Outubro",370.49
6660,"Novembro",1363.03
6660,"Dezembro",1061.46
5114,"Janeiro",300.05
5114,"Fevereiro",1501.16
5114,"Março",268.72
5114,"Abril",667.09
5114,"Maio",302.39
5114,"Junho",122.1
5114,"Julho",377.05
5114,"Agosto",1078.37
5114,"Setembro",15.21
5114,"Outubro",1113.05
5114,"Novembro",1034.98
5114,"Dezembro",1313.86
1937,"Janeiro",3.47
1937,"Fevereiro",270.98
1937,"Março",43.73
1937,"Abril",513.9
1937,"Maio",327.46
1937,"Junho",360.56
1937,"Julho",469.45
1937,"Agosto",1083.01
1937,"Setembro",109.4
1937,"Outubro",8.96
1937,"Novembro",946.48
1937,"Dezembro",25.67
3952,"Janeiro",1095.71
3952,"Fevereiro",166.94
3952,"Março",1213.7
3952,"Abril",364.74
3952,"Maio",305.79
3952,"Junho",645.13
3952,"Julho",336.28
3952,"Agosto",564.49
3952,"Setembro",294.38
3952,"Outubro",571.66
3952,"Novembro",733.21
3952,"Dezembro",348.06
8345,"Janeiro",77.92
8345,"Fevereiro",81.58
8345,"Março",322.87
8345,"Abril",396.08
8345,"Maio",1048.64
8345,"Junho",298.19
8345,"Julho",591.58
8345,"Agosto",109.55
8345,"Setembro",839.43
8345,"Outubro",788.56
8345,"Novembro",213.91
8345,"Dezembro",902.02
4709,"Janeiro",792.72
4709,"Fevereiro",483.2
4709,"Março",327.29
4709,"Abril",760.53
4709,"Maio",983.55
4709,"Junho",99.97
4709,"Julho",311.65
4709,"Agosto",33.18
4709,"Setembro",61.78
4709,"Outubro",499.75
4709,"Novembro",1130.21
4709,"Dezembro",346.37
6146,"Janeiro",292.39
6146,"Fevereiro",951.75
6146,"Março",286.54
6146,"Abril",728.67
6146,"Maio",881.95
6146,"Junho",1287.7
6146,"Julho",627.99
6146,"Agosto",425.81
6146,"Setembro",1054.92
6146,"Outubro",914.76
6146,"Novembro",475.39
6146,"Dezembro",200.7
7597,"Janeiro",1101.59
7597,"Fevereiro",149.2
7597,"Março",583.02
7597,"Abril",243.4
7597,"Maio",137.57
7597,"Junho",1.24
7597,"Julho",916.27
7597,"Agosto",348.64
7597,"Setembro",485.68
7597,"Outubro",435.24
7597,"Novembro",118.23
7597,"Dezembro",34.93
9327,"Janeiro",1245.87
9327,"Fevereiro",1278.05
9327,"Março",424.6
9327,"Abril",604.03
9327,"Maio",466.46
9327,"Junho",770.32
9327,"Julho",158.77
9327,"Agosto",194.76
9327,"Setembro",1168.64
9327,"Outubro",403.14
9327,"Novembro",802.67
9327,"Dezembro",349.3
9717,"Janeiro",69.41
9717,"Fevereiro",1434.25
9717,"Março",53.93
9717,"Abril",163.82
9717,"Maio",754.86
9717,"Junho",225.84
9717,"Julho",736.49
9717,"Agosto",591.72
9717,"Setembro",190.97
9717,"Outubro",625.27
9717,"Novembro",138.49
9717,"Dezembro",326.04
8338,"Janeiro",1388.34
8338,"Fevereiro",548.05
8338,"Março",50.03
8338,"Abril",438.71
8338,"Maio",16.87
8338,"Junho",913.69
8338,"Julho",422.92
8338,"Agosto",1281.14
8338,"Setembro",613.72
8338,"Outubro",44.27
8338,"Novembro",227.2
8338,"Dezembro",472.77
3109,"Janeiro",56.15
3109,"Fevereiro",145.25
3109,"Março",717.89
3109,"Abril",1240.03
3109,"Maio",658.16
3109,"Junho",1043.03
3109,"Julho",165.09
3109,"Agosto",252.57
3109,"Setembro",10.11
3109,"Outubro",332.5
3109,"Novembro",597.2
3109,"Dezembro",272.31
3637,"Janeiro",903.88
3637,"Fevereiro",591.64
3637,"Março",1128.81
3637,"Abril",1365.38
3637,"Maio",587.39
3637,"Junho",413.54
3637,"Julho",658.74
3637,"Agosto",39.38
3637,"Setembro",794.7
3637,"Outubro",456.41
3637,"Novembro",828.95
3637,"Dezembro",1159.43
6667,"Janeiro",820.65
6667,"Fevereiro",1299.58
6667,"Março",586.94
6667,"Abril",326.98
6667,"Maio",82.11
6667,"Junho",331.26
6667,"Julho",773.52
6667,"Agosto",485.13
6667,"Setembro",307.79
6667,"Outubro",259.46
6667,"Novembro",94.05
6667,"Dezembro",847.79
9673,"Janeiro",540.71
9673,"Fevereiro",274.6
9673,"Março",713.67
9673,"Abril",921.34
9673,"Maio",152.09
9673,"Junho",1102.25
9673,"Julho",45.85
9673,"Agosto",749.47
9673,"Setembro",843.13
9673,"Outubro",620.06
9673,"Novembro",722.25
9673,"Dezembro",1255.13
283,"Janeiro",858.73
283,"Fevereiro",1211.48
283,"Março",228.6
283,"Abril",646.44
283,"Maio",756.94
283,"Junho",8.1
283,"Julho",163.03
283,"Agosto",1130.87
283,"Setembro",28.39
283,"Outubro",407.84
283,"Novembro",1058.22
283,"Dezembro",53.98
6104,"Janeiro",653.68
6104,"Fevereiro",433.71
6104,"Março",62.21
6104,"Abril",69.61
6104,"Maio",989.16
6104,"Junho",194.59
6104,"Julho",1417.46
6104,"Agosto",1349.67
6104,"Setembro",642.6
6104,"Outubro",489.05
6104,"Novembro",996.36
6104,"Dezembro",244.52
4996,"Janeiro",194.78
4996,"Fevereiro",615.27
4996,"Março",746.29
4996,"Abril",1243.45
4996,"Maio",754.9
4996,"Junho",655.04
4996,"Julho",681.7
4996,"Agosto",226.4
4996,"Setembro",1145.89
4996,"Outubro",1027.11
4996,"Novembro",679.27
4996,"Dezembro",1245.67
2890,"Janeiro",932.77
2890,"Fevereiro",739.29
2890,"Março",730.17
2890,"Abril",376.3
2890,"Maio",174.54
2890,"Junho",276.21
2890,"Julho",328.83
2890,"Agosto",1093.21
2890,"Setembro",477.3
2890,"Outubro",363.93
2890,"Novembro",42.73
2890,"Dezembro",43.59
8452,"Janeiro",465.6
8452,"Fevereiro",392.03
8452,"Março",612.39
8452,"Abril",1051.04
8452,"Maio",487.56
8452,"Junho",32.02
8452,"Julho",960.92
8452,"Agosto",287.34
8452,"Setembro",1060.98
8452,"Outubro",1006.19
8452,"Novembro",651.81
8452,"Dezembro",359.33
6848,"Janeiro",402.44
6848,"Fevereiro",753.55
6848,"Março",61.97
6848,"Abril",407.37
6848,"Maio",587.03
6848,"Junho",645.55
6848,"Julho",898.25
6848,"Agosto",1153.16
6848,"Setembro",143.83
6848,"Outubro",547.67
6848,"Novembro",760.51
6848,"Dezembro",1001.21
5657,"Janeiro",974.41
5657,"Fevereiro",310.89
5657,"Março",388.37
5657,"Abril",1092.02
5657,"Maio",657.84
5657,"Junho",510.52
5657,"Julho",347.57
5657,"Agosto",1306.26
5657,"Setembro",208.23
5657,"Outubro",101.54
5657,"Novembro",210.62
5657,"Dezembro",44.46
6839,"Janeiro",456.3
6839,"Fevereiro",529.51
6839,"Março",359.17
6839,"Abril",137.44
6839,"Maio",0.11
6839,"Junho",703.86
6839,"Julho",130.88
6839,"Agosto",238.12
6839,"Setembro",497.67
6839,"Outubro",251.44
6839,"Novembro",1032.27
6839,"Dezembro",129.74
308,"Janeiro",614.18
308,"Fevereiro",1400.56
308,"Março",142.82
308,"Abril",1006.18
308,"Maio",883.24
308,"Junho",523.35
308,"Julho",967.71
308,"Agosto",809.78
308,"Setembro",845.01
308,"Outubro",955.41
308,"Novembro",434.5
308,"Dezembro",1177.34
696,"Janeiro",6.97
696,"Fevereiro",1050.49
696,"Março",889.89
696,"Abril",164.24
696,"Maio",67.82
696,"Junho",153.5
696,"Julho",476.92
696,"Agosto",946.69
696,"Setembro",1254.66
696,"Outubro",984.85
696,"Novembro",998.72
696,"Dezembro",907.87
6373,"Janeiro",10.18
6373,"Fevereiro",831.26
6373,"Março",155.96
6373,"Abril",359.64
6373,"Maio",471.66
6373,"Junho",110.33
6373,"Julho",889.47
6373,"Agosto",64.85
6373,"Setembro",304.63
6373,"Outubro",630.32
6373,"Novembro",818.62
6373,"Dezembro",3.94
6125,"Janeiro",841.29
6125,"Fevereiro",432.51
6125,"Março",787.36
6125,"Abril",1181.03
6125,"Maio",711.67
6125,"Junho",128.97
6125,"Julho",705.24
6125,"Agosto",260.26
6125,"Setembro",825.8
6125,"Outubro",367.43
6125,"Novembro",169.76
6125,"Dezembro",949.46
7759,"Janeiro",311.69
7759,"Fevereiro",739.32
7759,"Março",522.7
7759,"Abril",266.37
7759,"Maio",1104.24
7759,"Junho",94.46
7759,"Julho",149.25
7759,"Agosto",1089.34
7759,"Setembro",265.31
7759,"Outubro",1062.92
7759,"Novembro",1197.22
7759,"Dezembro",540.25
7025,"Janeiro",1013.32
7025,"Fevereiro",757.62
7025,"Março",247.09
7025,"Abril",152.44
7025,"Maio",1099.39
7025,"Junho",972.98
7025,"Julho",459.86
7025,"Agosto",658.37
7025,"Setembro",548.1
7025,"Outubro",149.11
7025,"Novembro",104.96
7025,"Dezembro",852.98
5987,"Janeiro",644.76
5987,"Fevereiro",952.76
5987,"Março",794.3
5987,"Abril",60.12
5987,"Maio",459.14
5987,"Junho",808.63
5987,"Julho",1067.81
5987,"Agosto",268.01
5987,"Setembro",345.84
5987,"Outubro",352.34
5987,"Novembro",616.86
5987,"Dezembro",461.42
7931,"Janeiro",122.78
7931,"Fevereiro",100.82
7931,"Março",252.27
7931,"Abril",295.55
7931,"Maio",917.78
7931,"Junho",581.75
7931,"Julho",534.98
7931,"Agosto",462.11
7931,"Setembro",275.12
7931,"Outubro",767.75
7931,"Novembro",152.24
7931,"Dezembro",469.45
8940,"Janeiro",176.78
8940,"Fevereiro",101.46
8940,"Março",1019.47
8940,"Abril",649.45
8940,"Maio",184.42
8940,"Junho",258.58
8940,"Julho",541.47
8940,"Agosto",533.69
8940,"Setembro",722.89
8940,"Outubro",593.44
8940,"Novembro",428.39
8940,"Dezembro",442.17
1035,"Janeiro",772.83
1035,"Fevereiro",702.15
1035,"Março",1078.51
1035,"Abril",44.74
1035,"Maio",1185.19
1035,"Junho",1010.84
1035,"Julho",881.98
1035,"Agosto",931.62
1035,"Setembro",191.3
1035,"Outubro",385
1035,"Novembro",64
1035,"Dezembro",374.19
3672,"Janeiro",1330.24
3672,"Fevereiro",472
3672,"Março",99.44
3672,"Abril",330.93
3672,"Maio",76.68
3672,"Junho",162.72
3672,"Julho",94.11
3672,"Agosto",343.93
3672,"Setembro",810.02
3672,"Outubro",293.74
3672,"Novembro",76.15
3672,"Dezembro",515.76
6683,"Janeiro",1375.81
6683,"Fevereiro",459.26
6683,"Março",1117.59
6683,"Abril",86.55
6683,"Maio",1084.45
6683,"Junho",685.69
6683,"Julho",631.52
6683,"Agosto",128.23
6683,"Setembro",680.61
6683,"Outubro",158.52
6683,"Novembro",1012.07
6683,"Dezembro",1087.47
9674,"Janeiro",78.39
9674,"Fevereiro",1.98
9674,"Março",655.36
9674,"Abril",304.62
9674,"Maio",593.21
9674,"Junho",919.7
9674,"Julho",1260.46
9674,"Agosto",1003.55
9674,"Setembro",214.32
9674,"Outubro",1075.79
9674,"Novembro",560.58
9674,"Dezembro",281.16
7753,"Janeiro",638.78
7753,"Fevereiro",1374.19
7753,"Março",145.4
7753,"Abril",1208.36
7753,"Maio",483.9
7753,"Junho",71.28
7753,"Julho",36.09
7753,"Agosto",490.37
7753,"Setembro",55.88
7753,"Outubro",960.98
7753,"Novembro",6.7
7753,"Dezembro",376.25
9442,"Janeiro",524.42
9442,"Fevereiro",437.38
9442,"Março",1192.53
9442,"Abril",1059.79
9442,"Maio",545.3
9442,"Junho",448.46
9442,"Julho",8.21
9442,"Agosto",525.09
9442,"Setembro",364.79
9442,"Outubro",1249.08
9442,"Novembro",1106.76
9442,"Dezembro",220.13
9560,"Janeiro",142.29
9560,"Fevereiro",383.32
9560,"Março",131.92
9560,"Abril",855.87
9560,"Maio",249.59
9560,"Junho",69.62
9560,"Julho",616.24
9560,"Agosto",261.72
9560,"Setembro",897.54
9560,"Outubro",739.33
9560,"Novembro",64.98
9560,"Dezembro",369.95
1217,"Janeiro",701.15
1217,"Fevereiro",432.62
1217,"Março",762.91
1217,"Abril",120.99
1217,"Maio",738.25
1217,"Junho",65.74
1217,"Julho",876.77
1217,"Agosto",597.31
1217,"Setembro",259.65
1217,"Outubro",172.08
1217,"Novembro",649.64
1217,"Dezembro",1261.94
9040,"Janeiro",789
9040,"Fevereiro",690.94
9040,"Março",714.44
9040,"Abril",431.5
9040,"Maio",122.36
9040,"Junho",1512.98
9040,"Julho",472.51
9040,"Agosto",192.88
9040,"Setembro",173.99
9040,"Outubro",147.68
9040,"Novembro",681.17
9040,"Dezembro",542.91
7007,"Janeiro",1347.52
7007,"Fevereiro",749.97
7007,"Março",112.44
7007,"Abril",1471.61
7007,"Maio",601.87
7007,"Junho",976.68
7007,"Julho",1193.37
7007,"Agosto",726.82
7007,"Setembro",705.42
7007,"Outubro",479.74
7007,"Novembro",480.37
7007,"Dezembro",467.59
304,"Janeiro",487.2
304,"Fevereiro",236.18
304,"Março",748.66
304,"Abril",19.03
304,"Maio",1120.75
304,"Junho",508.65
304,"Julho",708.61
304,"Agosto",632.31
304,"Setembro",352.67
304,"Outubro",517.35
304,"Novembro",397.83
304,"Dezembro",671.08
5975,"Janeiro",272.11
5975,"Fevereiro",227.15
5975,"Março",1322.29
5975,"Abril",586.86
5975,"Maio",708.59
5975,"Junho",310.27
5975,"Julho",1224.31
5975,"Agosto",1363.18
5975,"Setembro",1429.39
5975,"Outubro",520.82
5975,"Novembro",319
5975,"Dezembro",185.76
8097,"Janeiro",375.97
8097,"Fevereiro",45.04
8097,"Março",1248.99
8097,"Abril",616.04
8097,"Maio",354.18
8097,"Junho",581.37
8097,"Julho",841.1
8097,"Agosto",802.75
8097,"Setembro",644.72
8097,"Outubro",1104.04
8097,"Novembro",293
8097,"Dezembro",191.09
4662,"Janeiro",496.02
4662,"Fevereiro",464.44
4662,"Março",811.05
4662,"Abril",326.71
4662,"Maio",1039.98
4662,"Junho",207.53
4662,"Julho",316.52
4662,"Agosto",670.98
4662,"Setembro",719.11
4662,"Outubro",422.6
4662,"Novembro",102.79
4662,"Dezembro",822.74
8558,"Janeiro",789.19
8558,"Fevereiro",157.57
8558,"Março",202.3
8558,"Abril",726.24
8558,"Maio",667.4
8558,"Junho",1417.34
8558,"Julho",1049.59
8558,"Agosto",112.5
8558,"Setembro",520.82
8558,"Outubro",193.51
8558,"Novembro",1078.81
8558,"Dezembro",1349.82
8322,"Janeiro",59.46
8322,"Fevereiro",168.67
8322,"Março",840.35
8322,"Abril",1156.19
8322,"Maio",544.2
8322,"Junho",993.54
8322,"Julho",326.38
8322,"Agosto",88.6
8322,"Setembro",731.06
8322,"Outubro",1131.98
8322,"Novembro",1291.96
8322,"Dezembro",767.81
2362,"Janeiro",496.89
2362,"Fevereiro",0.48
2362,"Março",1142.04
2362,"Abril",189.91
2362,"Maio",200.65
2362,"Junho",942.99
2362,"Julho",1208
2362,"Agosto",592.27
2362,"Setembro",433.29
2362,"Outubro",400.46
2362,"Novembro",664.84
2362,"Dezembro",275.88
3414,"Janeiro",682.13
3414,"Fevereiro",1360.53
3414,"Março",578.38
3414,"Abril",245.18
3414,"Maio",582.24
3414,"Junho",950.29
3414,"Julho",794.69
3414,"Agosto",792.77
3414,"Setembro",202.74
3414,"Outubro",1102.51
3414,"Novembro",643.11
3414,"Dezembro",539.48
1861,"Janeiro",1191.93
1861,"Fevereiro",353.3
1861,"Março",1212.61
1861,"Abril",1054.11
1861,"Maio",1123.13
1861,"Junho",291.09
1861,"Julho",36.17
1861,"Agosto",791.84
1861,"Setembro",349.62
1861,"Outubro",747.8
1861,"Novembro",1086.64
1861,"Dezembro",667.46
9047,"Janeiro",973
9047,"Fevereiro",419.88
9047,"Março",1109.82
9047,"Abril",254.71
9047,"Maio",1184.05
9047,"Junho",249.79
9047,"Julho",206.43
9047,"Agosto",1311.7
9047,"Setembro",285.24
9047,"Outubro",606.05
9047,"Novembro",28.32
9047,"Dezembro",789.11
5743,"Janeiro",128.56
5743,"Fevereiro",1142.61
5743,"Março",1023.75
5743,"Abril",705.71
5743,"Maio",844.34
5743,"Junho",1050.19
5743,"Julho",920.05
5743,"Agosto",331.54
5743,"Setembro",792.05
5743,"Outubro",484.85
5743,"Novembro",503.42
5743,"Dezembro",359.8
6713,"Janeiro",294.06
6713,"Fevereiro",614.54
6713,"Março",161.05
6713,"Abril",75.23
6713,"Maio",560.28
6713,"Junho",56.06
6713,"Julho",89.15
6713,"Agosto",913.01
6713,"Setembro",1284.08
6713,"Outubro",88.43
6713,"Novembro",834.12
6713,"Dezembro",861.2
1276,"Janeiro",571.73
1276,"Fevereiro",386.8
1276,"Março",208.45
1276,"Abril",98.82
1276,"Maio",121.53
1276,"Junho",1169.07
1276,"Julho",1163.57
1276,"Agosto",777
1276,"Setembro",748.89
1276,"Outubro",703.73
1276,"Novembro",189.49
1276,"Dezembro",869.89
416,"Janeiro",250.08
416,"Fevereiro",907.06
416,"Março",195.93
416,"Abril",1129.97
416,"Maio",687.68
416,"Junho",135.57
416,"Julho",1052
416,"Agosto",1148.51
416,"Setembro",145.23
416,"Outubro",568.21
416,"Novembro",510.32
416,"Dezembro",210.51
1107,"Janeiro",183.02
1107,"Fevereiro",453.36
1107,"Março",852.22
1107,"Abril",755.73
1107,"Maio",413.98
1107,"Junho",478.09
1107,"Julho",795.97
1107,"Agosto",124.16
1107,"Setembro",838.43
1107,"Outubro",756.95
1107,"Novembro",557.73
1107,"Dezembro",413.16
4773,"Janeiro",864.88
4773,"Fevereiro",1026.88
4773,"Março",1034.39
4773,"Abril",366.93
4773,"Maio",429.67
4773,"Junho",123.64
4773,"Julho",187.36
4773,"Agosto",123.97
4773,"Setembro",807.73
4773,"Outubro",389.74
4773,"Novembro",763.2
4773,"Dezembro",288.43
6962,"Janeiro",1053.37
6962,"Fevereiro",127.18
6962,"Março",708.89
6962,"Abril",286.93
6962,"Maio",65.91
6962,"Junho",638.77
6962,"Julho",768.31
6962,"Agosto",765.75
6962,"Setembro",569.65
6962,"Outubro",9.72
6962,"Novembro",526.74
6962,"Dezembro",952.44
9881,"Janeiro",1155.46
9881,"Fevereiro",532.05
9881,"Março",719.33
9881,"Abril",200.19
9881,"Maio",259.45
9881,"Junho",800.84
9881,"Julho",283.96
9881,"Agosto",578.18
9881,"Setembro",537.83
9881,"Outubro",245.69
9881,"Novembro",586.57
9881,"Dezembro",156.66
3615,"Janeiro",1021.06
3615,"Fevereiro",320.33
3615,"Março",564.45
3615,"Abril",1094.81
3615,"Maio",515.89
3615,"Junho",945.57
3615,"Julho",1554.86
3615,"Agosto",269.43
3615,"Setembro",745.16
3615,"Outubro",840.78
3615,"Novembro",616.81
3615,"Dezembro",630.63
8622,"Janeiro",484.31
8622,"Fevereiro",663.6
8622,"Março",1209.07
8622,"Abril",869.6
8622,"Maio",1100.56
8622,"Junho",993.23
8622,"Julho",610.54
8622,"Agosto",209.03
8622,"Setembro",451.99
8622,"Outubro",515.47
8622,"Novembro",602.49
8622,"Dezembro",724.73
315,"Janeiro",563.98
315,"Fevereiro",1184.26
315,"Março",989.82
315,"Abril",1156.97
315,"Maio",186.85
315,"Junho",283.23
315,"Julho",397.15
315,"Agosto",666.78
315,"Setembro",1206.73
315,"Outubro",1027.54
315,"Novembro",1161.75
315,"Dezembro",309.76
7649,"Janeiro",14.05
7649,"Fevereiro",31.46
7649,"Março",844.37
7649,"Abril",171.36
7649,"Maio",620.47
7649,"Junho",1033.85
7649,"Julho",574.48
7649,"Agosto",330.67
7649,"Setembro",897.78
7649,"Outubro",251.26
7649,"Novembro",287.22
7649,"Dezembro",718.31
4497,"Janeiro",1133.32
4497,"Fevereiro",235.61
4497,"Março",554.35
4497,"Abril",714.81
4497,"Maio",855.18
4497,"Junho",1023.33
4497,"Julho",57.46
4497,"Agosto",911.16
4497,"Setembro",827.26
4497,"Outubro",889.77
4497,"Novembro",122.1
4497,"Dezembro",253.75
5938,"Janeiro",908.04
5938,"Fevereiro",513.86
5938,"Março",450.76
5938,"Abril",196.19
5938,"Maio",122.79
5938,"Junho",388.3
5938,"Julho",87.38
5938,"Agosto",449.67
5938,"Setembro",1102.07
5938,"Outubro",910.37
5938,"Novembro",231.13
5938,"Dezembro",370.75
6200,"Janeiro",282.64
6200,"Fevereiro",238.98
6200,"Março",16.94
6200,"Abril",440.94
6200,"Maio",1212.12
6200,"Junho",971.3
6200,"Julho",894.94
6200,"Agosto",950.78
6200,"Setembro",50.81
6200,"Outubro",1003.44
6200,"Novembro",250.99
6200,"Dezembro",59.74
9135,"Janeiro",453.86
9135,"Fevereiro",821.03
9135,"Março",13.34
9135,"Abril",821.2
9135,"Maio",148.24
9135,"Junho",828.57
9135,"Julho",575.72
9135,"Agosto",1177.17
9135,"Setembro",738.18
9135,"Outubro",470.01
9135,"Novembro",486.62
9135,"Dezembro",626.12
6922,"Janeiro",745.49
6922,"Fevereiro",257.59
6922,"Março",1020.54
6922,"Abril",576.94
6922,"Maio",1021.81
6922,"Junho",440.41
6922,"Julho",584.32
6922,"Agosto",158.26
6922,"Setembro",342.92
6922,"Outubro",449.31
6922,"Novembro",1477.79
6922,"Dezembro",602.4
1778,"Janeiro",635.35
1778,"Fevereiro",639.92
1778,"Março",215.95
1778,"Abril",580.21
1778,"Maio",487.27
1778,"Junho",285.47
1778,"Julho",628.34
1778,"Agosto",574.15
1778,"Setembro",441.89
1778,"Outubro",1217.63
1778,"Novembro",441.13
1778,"Dezembro",534.55
850,"Janeiro",409.08
850,"Fevereiro",161.37
850,"Março",839.55
850,"Abril",19.8
850,"Maio",336.33
850,"Junho",773.26
850,"Julho",485.79
850,"Agosto",506.63
850,"Setembro",869.3
850,"Outubro",237.55
850,"Novembro",668.21
850,"Dezembro",984.37
6522,"Janeiro",432.27
6522,"Fevereiro",159.38
6522,"Março",986.77
6522,"Abril",29.73
6522,"Maio",262.5
6522,"Junho",698.69
6522,"Julho",93.23
6522,"Agosto",469.66
6522,"Setembro",66.26
6522,"Outubro",746.44
6522,"Novembro",471.91
6522,"Dezembro",990.68
2579,"Janeiro",251.08
2579,"Fevereiro",1238.7
2579,"Março",496.69
2579,"Abril",1174.55
2579,"Maio",1024.25
2579,"Junho",1125.08
2579,"Julho",648.64
2579,"Agosto",183.97
2579,"Setembro",484.82
2579,"Outubro",1258.25
2579,"Novembro",158.6
2579,"Dezembro",13.27
1536,"Janeiro",255.61
1536,"Fevereiro",731.39
1536,"Março",1062.36
1536,"Abril",977.58
1536,"Maio",197.49
1536,"Junho",1101.95
1536,"Julho",307.52
1536,"Agosto",78.82
1536,"Setembro",231.77
1536,"Outubro",978.6
1536,"Novembro",765.68
1536,"Dezembro",585.89
2947,"Janeiro",3.24
2947,"Fevereiro",109.08
2947,"Março",588.41
2947,"Abril",403.3
2947,"Maio",837.02
2947,"Junho",884.69
2947,"Julho",725.76
2947,"Agosto",608.76
2947,"Setembro",1017.26
2947,"Outubro",587.01
2947,"Novembro",70.58
2947,"Dezembro",987.52
6060,"Janeiro",688.44
6060,"Fevereiro",950.55
6060,"Março",242.25
6060,"Abril",763.61
6060,"Maio",1135.56
6060,"Junho",69.06
6060,"Julho",420.69
6060,"Agosto",452.38
6060,"Setembro",674.02
6060,"Outubro",1163.11
6060,"Novembro",586.21
6060,"Dezembro",317.48
7445,"Janeiro",379.46
7445,"Fevereiro",40.07
7445,"Março",135.78
7445,"Abril",659.23
7445,"Maio",807.16
7445,"Junho",409.98
7445,"Julho",745.2
7445,"Agosto",853.66
7445,"Setembro",830.53
7445,"Outubro",541.21
7445,"Novembro",847.85
7445,"Dezembro",185.24
7671,"Janeiro",494.03
7671,"Fevereiro",530.73
7671,"Março",827.72
7671,"Abril",1041.8
7671,"Maio",1106.3
7671,"Junho",389.51
7671,"Julho",432.93
7671,"Agosto",1290.31
7671,"Setembro",181.81
7671,"Outubro",469.43
7671,"Novembro",414.02
7671,"Dezembro",813.67
4202,"Janeiro",701.68
4202,"Fevereiro",408
4202,"Março",756.9
4202,"Abril",664.98
4202,"Maio",645.08
4202,"Junho",506.93
4202,"Julho",469.66
4202,"Agosto",828.75
4202,"Setembro",687.73
4202,"Outubro",1068.6
4202,"Novembro",712.48
4202,"Dezembro",659.96
4164,"Janeiro",485.33
4164,"Fevereiro",679.38
4164,"Março",119.87
4164,"Abril",154.73
4164,"Maio",377.11
4164,"Junho",927.6
4164,"Julho",802.72
4164,"Agosto",681.33
4164,"Setembro",371.88
4164,"Outubro",325.3
4164,"Novembro",968.79
4164,"Dezembro",287.01
2305,"Janeiro",657.63
2305,"Fevereiro",343.49
2305,"Março",969.49
2305,"Abril",865.79
2305,"Maio",1091.66
2305,"Junho",153.11
2305,"Julho",685.61
2305,"Agosto",236.07
2305,"Setembro",12.66
2305,"Outubro",642.75
2305,"Novembro",151.13
2305,"Dezembro",571.29
3844,"Janeiro",248.95
3844,"Fevereiro",630.81
3844,"Março",709.8
3844,"Abril",481.1
3844,"Maio",451.81
3844,"Junho",1133.28
3844,"Julho",649.38
3844,"Agosto",263.27
3844,"Setembro",15.75
3844,"Outubro",197.17
3844,"Novembro",49.36
3844,"Dezembro",535.53
6938,"Janeiro",268.2
6938,"Fevereiro",1286.89
6938,"Março",90.41
6938,"Abril",267.43
6938,"Maio",919.2
6938,"Junho",1064.86
6938,"Julho",265.08
6938,"Agosto",746.07
6938,"Setembro",362.62
6938,"Outubro",143.54
6938,"Novembro",196.52
6938,"Dezembro",388.52
4960,"Janeiro",479.25
4960,"Fevereiro",407.07
4960,"Março",1074.47
4960,"Abril",518.76
4960,"Maio",721.7
4960,"Junho",106.53
4960,"Julho",198.88
4960,"Agosto",903.73
4960,"Setembro",7.69
4960,"Outubro",864.07
4960,"Novembro",697.93
4960,"Dezembro",48.52
300,"Janeiro",429.67
300,"Fevereiro",1035.53
300,"Março",111.71
300,"Abril",933.32
300,"Maio",1186.73
300,"Junho",331.74
300,"Julho",778.4
300,"Agosto",191.09
300,"Setembro",1215.36
300,"Outubro",223.25
300,"Novembro",223.69
300,"Dezembro",944.63
9627,"Janeiro",239.92
9627,"Fevereiro",111.3
9627,"Março",550.07
9627,"Abril",1108.64
9627,"Maio",333.77
9627,"Junho",131.52
9627,"Julho",431.49
9627,"Agosto",172.41
9627,"Setembro",86.34
9627,"Outubro",468.97
9627,"Novembro",945.85
9627,"Dezembro",453.97
6136,"Janeiro",22.1
6136,"Fevereiro",863.8
6136,"Março",547.26
6136,"Abril",852.02
6136,"Maio",177.89
6136,"Junho",600.06
6136,"Julho",586.27
6136,"Agosto",997.3
6136,"Setembro",569.07
6136,"Outubro",588.12
6136,"Novembro",612.07
6136,"Dezembro",983.34
4849,"Janeiro",268.97
4849,"Fevereiro",673.04
4849,"Março",906.94
4849,"Abril",232.08
4849,"Maio",1224.3
4849,"Junho",801
4849,"Julho",78.7
4849,"Agosto",181.23
4849,"Setembro",596.72
4849,"Outubro",1224.35
4849,"Novembro",260.49
4849,"Dezembro",196.82
8446,"Janeiro",503.67
8446,"Fevereiro",558.69
8446,"Março",788.15
8446,"Abril",465.23
8446,"Maio",240.34
8446,"Junho",685.09
8446,"Julho",76.6
8446,"Agosto",127.51
8446,"Setembro",19.78
8446,"Outubro",62.68
8446,"Novembro",850.7
8446,"Dezembro",953.38
6007,"Janeiro",407.3
6007,"Fevereiro",530.58
6007,"Março",418.93
6007,"Abril",639.32
6007,"Maio",694.88
6007,"Junho",398.55
6007,"Julho",740.65
6007,"Agosto",140.64
6007,"Setembro",757.54
6007,"Outubro",961.08
6007,"Novembro",158.13
6007,"Dezembro",282.95
5190,"Janeiro",99.53
5190,"Fevereiro",850.55
5190,"Março",518.69
5190,"Abril",107.76
5190,"Maio",332.41
5190,"Junho",615.41
5190,"Julho",105.26
5190,"Agosto",902.43
5190,"Setembro",236.55
5190,"Outubro",132.03
5190,"Novembro",279.51
5190,"Dezembro",632.03
9898,"Janeiro",336.31
9898,"Fevereiro",407.69
9898,"Março",542.44
9898,"Abril",664.39
9898,"Maio",444.98
9898,"Junho",715.49
9898,"Julho",396.57
9898,"Agosto",757.72
9898,"Setembro",2.2
9898,"Outubro",235.14
9898,"Novembro",475.84
9898,"Dezembro",227.76
8532,"Janeiro",808
8532,"Fevereiro",917.25
8532,"Março",523.92
8532,"Abril",527.08
8532,"Maio",416.72
8532,"Junho",412.57
8532,"Julho",545.18
8532,"Agosto",392.57
8532,"Setembro",712.29
8532,"Outubro",84.96
8532,"Novembro",787.05
8532,"Dezembro",1228.65
4563,"Janeiro",1162.67
4563,"Fevereiro",1089.48
4563,"Março",1011.04
4563,"Abril",218.45
4563,"Maio",219.31
4563,"Junho",160.94
4563,"Julho",745.98
4563,"Agosto",375.2
4563,"Setembro",444.55
4563,"Outubro",285.99
4563,"Novembro",427.35
4563,"Dezembro",757.64
3514,"Janeiro",864.33
3514,"Fevereiro",510.47
3514,"Março",1099.43
3514,"Abril",842.86
3514,"Maio",29.84
3514,"Junho",791.09
3514,"Julho",84.16
3514,"Agosto",809.91
3514,"Setembro",124.35
3514,"Outubro",440.01
3514,"Novembro",900.1
3514,"Dezembro",510.42
7617,"Janeiro",1145.95
7617,"Fevereiro",1521.63
7617,"Março",706.99
7617,"Abril",490.47
7617,"Maio",816.83
7617,"Junho",1378.53
7617,"Julho",486.81
7617,"Agosto",1152.6
7617,"Setembro",484.49
7617,"Outubro",497.95
7617,"Novembro",534.12
7617,"Dezembro",309.61
3975,"Janeiro",538.53
3975,"Fevereiro",160.16
3975,"Março",418.92
3975,"Abril",1292.4
3975,"Maio",1080.41
3975,"Junho",655.66
3975,"Julho",348.62
3975,"Agosto",606.61
3975,"Setembro",596.19
3975,"Outubro",907.19
3975,"Novembro",492
3975,"Dezembro",316.49
3683,"Janeiro",562.79
3683,"Fevereiro",643.42
3683,"Março",1219.1
3683,"Abril",380.16
3683,"Maio",454.19
3683,"Junho",796.68
3683,"Julho",851.98
3683,"Agosto",531.08
3683,"Setembro",945.32
3683,"Outubro",447.19
3683,"Novembro",847.83
3683,"Dezembro",36.93
1427,"Janeiro",754.3
1427,"Fevereiro",982.43
1427,"Março",200.27
1427,"Abril",538.99
1427,"Maio",531.52
1427,"Junho",302.01
1427,"Julho",233.44
1427,"Agosto",1435.49
1427,"Setembro",887.71
1427,"Outubro",170.3
1427,"Novembro",759.72
1427,"Dezembro",663.02
1448,"Janeiro",760.68
1448,"Fevereiro",1095.28
1448,"Março",902.85
1448,"Abril",627.09
1448,"Maio",305.55
1448,"Junho",1302.16
1448,"Julho",857.93
1448,"Agosto",136.04
1448,"Setembro",1056.46
1448,"Outubro",854.29
1448,"Novembro",136.87
1448,"Dezembro",945.22
5958,"Janeiro",320.34
5958,"Fevereiro",51.17
5958,"Março",380.8
5958,"Abril",860.83
5958,"Maio",135.69
5958,"Junho",846.2
5958,"Julho",326.7
5958,"Agosto",714.58
5958,"Setembro",254.22
5958,"Outubro",1006.48
5958,"Novembro",359.06
5958,"Dezembro",224.27
8949,"Janeiro",988.09
8949,"Fevereiro",405.07
8949,"Março",293.14
8949,"Abril",727.05
8949,"Maio",9.54
8949,"Junho",442.71
8949,"Julho",9.5
8949,"Agosto",547.67
8949,"Setembro",65.2
8949,"Outubro",372.22
8949,"Novembro",1090.33
8949,"Dezembro",19.92
8961,"Janeiro",292.88
8961,"Fevereiro",359.33
8961,"Março",435.62
8961,"Abril",378.32
8961,"Maio",433.19
8961,"Junho",4.75
8961,"Julho",145.45
8961,"Agosto",19.56
8961,"Setembro",729.45
8961,"Outubro",1036.15
8961,"Novembro",1454.42
8961,"Dezembro",546.26
6528,"Janeiro",73.46
6528,"Fevereiro",211.69
6528,"Março",610.82
6528,"Abril",123.47
6528,"Maio",137.2
6528,"Junho",332.92
6528,"Julho",328.9
6528,"Agosto",202
6528,"Setembro",299.3
6528,"Outubro",26.1
6528,"Novembro",403.71
6528,"Dezembro",475.76
7121,"Janeiro",860.84
7121,"Fevereiro",572.76
7121,"Março",656.83
7121,"Abril",508.75
7121,"Maio",707.61
7121,"Junho",412.48
7121,"Julho",1385.64
7121,"Agosto",469.26
7121,"Setembro",431.56
7121,"Outubro",411.63
7121,"Novembro",1000.65
7121,"Dezembro",419.76
9051,"Janeiro",153.92
9051,"Fevereiro",485.3
9051,"Março",646.99
9051,"Abril",914.85
9051,"Maio",1015.05
9051,"Junho",945.69
9051,"Julho",223.2
9051,"Agosto",382.21
9051,"Setembro",916.73
9051,"Outubro",733.75
9051,"Novembro",543.06
9051,"Dezembro",642.87
2107,"Janeiro",695.64
2107,"Fevereiro",722.46
2107,"Março",610.36
2107,"Abril",383.55
2107,"Maio",863.34
2107,"Junho",46.95
2107,"Julho",917.73
2107,"Agosto",1080.34
2107,"Setembro",229.13
2107,"Outubro",908.15
2107,"Novembro",251.91
2107,"Dezembro",466.71
2046,"Janeiro",213.46
2046,"Fevereiro",1173.66
2046,"Março",1018.02
2046,"Abril",54.59
2046,"Maio",1146.14
2046,"Junho",1407.56
2046,"Julho",313.37
2046,"Agosto",370.39
2046,"Setembro",98.15
2046,"Outubro",457.1
2046,"Novembro",98.51
2046,"Dezembro",1196.05
380,"Janeiro",105.4
380,"Fevereiro",649.14
380,"Março",721.24
380,"Abril",232.96
380,"Maio",657.32
380,"Junho",606.17
380,"Julho",841.42
380,"Agosto",168.36
380,"Setembro",641.83
380,"Outubro",460.96
380,"Novembro",727.93
380,"Dezembro",1162.07
8820,"Janeiro",297.83
8820,"Fevereiro",992.45
8820,"Março",119.1
8820,"Abril",319.83
8820,"Maio",1313.7
8820,"Junho",471.31
8820,"Julho",169.62
8820,"Agosto",643.11
8820,"Setembro",164.56
8820,"Outubro",874.04
8820,"Novembro",86.01
8820,"Dezembro",663.66
9876,"Janeiro",530.01
9876,"Fevereiro",32.67
9876,"Março",595.3
9876,"Abril",917.74
9876,"Maio",972.35
9876,"Junho",65.6
9876,"Julho",338.75
9876,"Agosto",778.16
9876,"Setembro",247.03
9876,"Outubro",628.58
9876,"Novembro",1106.21
9876,"Dezembro",525.37
9893,"Janeiro",692.05
9893,"Fevereiro",598.64
9893,"Março",341.5
9893,"Abril",879.38
9893,"Maio",129.72
9893,"Junho",1087.85
9893,"Julho",530.8
9893,"Agosto",595.55
9893,"Setembro",844.44
9893,"Outubro",78.41
9893,"Novembro",1342.34
9893,"Dezembro",731.93
6718,"Janeiro",849.1
6718,"Fevereiro",580.19
6718,"Março",820.57
6718,"Abril",872.98
6718,"Maio",1019.45
6718,"Junho",1014.34
6718,"Julho",640.22
6718,"Agosto",11.22
6718,"Setembro",31.6
6718,"Outubro",860.03
6718,"Novembro",597.49
6718,"Dezembro",588.22
9347,"Janeiro",82.45
9347,"Fevereiro",443.53
9347,"Março",434.81
9347,"Abril",766.2
9347,"Maio",480.28
9347,"Junho",1106.98
9347,"Julho",107.34
9347,"Agosto",1200.71
9347,"Setembro",887.76
9347,"Outubro",333.98
9347,"Novembro",474.03
9347,"Dezembro",972.74
91,"Janeiro",190.2
91,"Fevereiro",537.65
91,"Março",250.28
91,"Abril",92.48
91,"Maio",981.47
91,"Junho",480.39
91,"Julho",1031.42
91,"Agosto",171.86
91,"Setembro",1100.03
91,"Outubro",296.57
91,"Novembro",519.67
91,"Dezembro",1140.16
7758,"Janeiro",166.77
7758,"Fevereiro",609.6
7758,"Março",845.95
7758,"Abril",843.86
7758,"Maio",346.07
7758,"Junho",234.55
7758,"Julho",25
7758,"Agosto",439.73
7758,"Setembro",219.28
7758,"Outubro",136.71
7758,"Novembro",597.73
7758,"Dezembro",164.55
1156,"Janeiro",178.16
1156,"Fevereiro",455.52
1156,"Março",207.13
1156,"Abril",344.15
1156,"Maio",383.75
1156,"Junho",486.7
1156,"Julho",248.68
1156,"Agosto",104.99
1156,"Setembro",1231.51
1156,"Outubro",683.75
1156,"Novembro",1249.73
1156,"Dezembro",656.2
5679,"Janeiro",807.18
5679,"Fevereiro",836.55
5679,"Março",139.94
5679,"Abril",267.45
5679,"Maio",563.74
5679,"Junho",50.22
5679,"Julho",357.14
5679,"Agosto",782.53
5679,"Setembro",286.4
5679,"Outubro",688.01
5679,"Novembro",975.34
5679,"Dezembro",636.45
1081,"Janeiro",14.88
1081,"Fevereiro",260.87
1081,"Março",275.82
1081,"Abril",1027.35
1081,"Maio",280.77
1081,"Junho",854.51
1081,"Julho",73.36
1081,"Agosto",616.72
1081,"Setembro",62.96
1081,"Outubro",524.65
1081,"Novembro",936.12
1081,"Dezembro",595.88
1231,"Janeiro",426.69
1231,"Fevereiro",362.94
1231,"Março",237.58
1231,"Abril",1195.05
1231,"Maio",479.59
1231,"Junho",802.3
1231,"Julho",906.44
1231,"Agosto",394.54
1231,"Setembro",767.57
1231,"Outubro",838.84
1231,"Novembro",426.67
1231,"Dezembro",372.55
2958,"Janeiro",98.14
2958,"Fevereiro",150.42
2958,"Março",967.85
2958,"Abril",652.64
2958,"Maio",768.39
2958,"Junho",543.04
2958,"Julho",435.89
2958,"Agosto",948.43
2958,"Setembro",357.01
2958,"Outubro",76.34
2958,"Novembro",759.16
2958,"Dezembro",496.49
6535,"Janeiro",903.94
6535,"Fevereiro",257.06
6535,"Março",213.79
6535,"Abril",825.48
6535,"Maio",1093.55
6535,"Junho",402.55
6535,"Julho",1009.07
6535,"Agosto",1200.52
6535,"Setembro",1149
6535,"Outubro",559.13
6535,"Novembro",843.55
6535,"Dezembro",184.46
2517,"Janeiro",1202.3
2517,"Fevereiro",492.89
2517,"Março",137.37
2517,"Abril",773.01
2517,"Maio",1269.97
2517,"Junho",655.79
2517,"Julho",246.97
2517,"Agosto",543.83
2517,"Setembro",1091.71
2517,"Outubro",327.78
2517,"Novembro",598.83
2517,"Dezembro",1080.73
4092,"Janeiro",921.53
4092,"Fevereiro",849.12
4092,"Março",28.91
4092,"Abril",776.36
4092,"Maio",492.01
4092,"Junho",286.77
4092,"Julho",262.41
4092,"Agosto",489.62
4092,"Setembro",790.41
4092,"Outubro",491.1
4092,"Novembro",678.64
4092,"Dezembro",731.46
9772,"Janeiro",809.8
9772,"Fevereiro",592.74
9772,"Março",1056.14
9772,"Abril",103.34
9772,"Maio",402.61
9772,"Junho",811.31
9772,"Julho",98.2
9772,"Agosto",14.38
9772,"Setembro",960.75
9772,"Outubro",738.94
9772,"Novembro",242.95
9772,"Dezembro",443.9
2398,"Janeiro",713.28
2398,"Fevereiro",658.95
2398,"Março",438.53
2398,"Abril",56.65
2398,"Maio",673.68
2398,"Junho",76.77
2398,"Julho",84.01
2398,"Agosto",122.21
2398,"Setembro",268.61
2398,"Outubro",922.04
2398,"Novembro",983.98
2398,"Dezembro",601.93
3495,"Janeiro",954.99
3495,"Fevereiro",15.02
3495,"Março",710.15
3495,"Abril",317.34
3495,"Maio",382.46
3495,"Junho",592.74
3495,"Julho",204.54
3495,"Agosto",424.29
3495,"Setembro",567.42
3495,"Outubro",1238.03
3495,"Novembro",642.39
3495,"Dezembro",49.64
4902,"Janeiro",558.33
4902,"Fevereiro",564.26
4902,"Março",293.45
4902,"Abril",684.08
4902,"Maio",338.69
4902,"Junho",364.37
4902,"Julho",534.17
4902,"Agosto",1295.45
4902,"Setembro",517.58
4902,"Outubro",700.63
4902,"Novembro",918.44
4902,"Dezembro",671.7
9087,"Janeiro",1126.45
9087,"Fevereiro",357.36
9087,"Março",307.38
9087,"Abril",942.44
9087,"Maio",114.06
9087,"Junho",93.92
9087,"Julho",1114.38
9087,"Agosto",748.8
9087,"Setembro",975.59
9087,"Outubro",102.43
9087,"Novembro",800.46
9087,"Dezembro",1348.91
3363,"Janeiro",919.56
3363,"Fevereiro",750.73
3363,"Março",305.42
3363,"Abril",178.6
3363,"Maio",266.57
3363,"Junho",681.78
3363,"Julho",531.78
3363,"Agosto",851.58
3363,"Setembro",823.37
3363,"Outubro",354.08
3363,"Novembro",542.12
3363,"Dezembro",244.97
3739,"Janeiro",223.75
3739,"Fevereiro",547.56
3739,"Março",1442.96
3739,"Abril",393.57
3739,"Maio",895.39
3739,"Junho",582.43
3739,"Julho",465.97
3739,"Agosto",660.19
3739,"Setembro",34.24
3739,"Outubro",524.53
3739,"Novembro",187.13
3739,"Dezembro",1044.37
2672,"Janeiro",999.19
2672,"Fevereiro",138.59
2672,"Março",791.02
2672,"Abril",527.85
2672,"Maio",948.45
2672,"Junho",729.22
2672,"Julho",605.67
2672,"Agosto",622.72
2672,"Setembro",1192.45
2672,"Outubro",838.15
2672,"Novembro",149.99
2672,"Dezembro",218.94
6624,"Janeiro",1529.55
6624,"Fevereiro",222.12
6624,"Março",741.84
6624,"Abril",188.32
6624,"Maio",485.32
6624,"Junho",122.88
6624,"Julho",347.92
6624,"Agosto",338.53
6624,"Setembro",430.56
6624,"Outubro",1107.83
6624,"Novembro",253.26
6624,"Dezembro",468.61
5691,"Janeiro",224.64
5691,"Fevereiro",753.4
5691,"Março",438.91
5691,"Abril",1079.63
5691,"Maio",794.55
5691,"Junho",643.87
5691,"Julho",676.38
5691,"Agosto",831.69
5691,"Setembro",938.84
5691,"Outubro",517.77
5691,"Novembro",1205.66
5691,"Dezembro",177.43
8806,"Janeiro",742.09
8806,"Fevereiro",374.4
8806,"Março",1011.99
8806,"Abril",74.88
8806,"Maio",363.13
8806,"Junho",843.04
8806,"Julho",656.58
8806,"Agosto",1000.41
8806,"Setembro",367.14
8806,"Outubro",104.09
8806,"Novembro",759.22
8806,"Dezembro",587.65
9625,"Janeiro",353.85
9625,"Fevereiro",1239.66
9625,"Março",397.74
9625,"Abril",316.65
9625,"Maio",847.11
9625,"Junho",511.43
9625,"Julho",1343.18
9625,"Agosto",393.93
9625,"Setembro",29.41
9625,"Outubro",1044.56
9625,"Novembro",1139.49
9625,"Dezembro",1051.32
6487,"Janeiro",1086.26
6487,"Fevereiro",27.98
6487,"Março",623.46
6487,"Abril",808.12
6487,"Maio",1317.3
6487,"Junho",112.89
6487,"Julho",335.96
6487,"Agosto",304.64
6487,"Setembro",263.19
6487,"Outubro",546.14
6487,"Novembro",714.92
6487,"Dezembro",184.95
8644,"Janeiro",73.35
8644,"Fevereiro",945.64
8644,"Março",271.39
8644,"Abril",465.26
8644,"Maio",749.25
8644,"Junho",808.82
8644,"Julho",834.54
8644,"Agosto",83.82
8644,"Setembro",361.52
8644,"Outubro",373.23
8644,"Novembro",747.32
8644,"Dezembro",597.87
7594,"Janeiro",1122.65
7594,"Fevereiro",148.86
7594,"Março",506.97
7594,"Abril",267.28
7594,"Maio",383.92
7594,"Junho",551.76
7594,"Julho",36.47
7594,"Agosto",149.7
7594,"Setembro",228.37
7594,"Outubro",284.81
7594,"Novembro",789.33
7594,"Dezembro",152.02
265,"Janeiro",160.51
265,"Fevereiro",1417.96
265,"Março",192.74
265,"Abril",155.14
265,"Maio",633.87
265,"Junho",809.97
265,"Julho",72.74
265,"Agosto",864.81
265,"Setembro",601.56
265,"Outubro",996.19
265,"Novembro",147.61
265,"Dezembro",1425.41
4562,"Janeiro",1013
4562,"Fevereiro",713.16
4562,"Março",1452.4
4562,"Abril",332.32
4562,"Maio",124.12
4562,"Junho",257.9
4562,"Julho",8.42
4562,"Agosto",16.41
4562,"Setembro",340.2
4562,"Outubro",829.11
4562,"Novembro",722.63
4562,"Dezembro",956.37
5784,"Janeiro",504.8
5784,"Fevereiro",988.38
5784,"Março",597.99
5784,"Abril",858.73
5784,"Maio",718.84
5784,"Junho",535.58
5784,"Julho",876.68
5784,"Agosto",468
5784,"Setembro",211.09
5784,"Outubro",1480.02
5784,"Novembro",952.59
5784,"Dezembro",571.63
3865,"Janeiro",776.78
3865,"Fevereiro",614.18
3865,"Março",106.06
3865,"Abril",44.81
3865,"Maio",1157.99
3865,"Junho",196.4
3865,"Julho",336.31
3865,"Agosto",13.5
3865,"Setembro",19.53
3865,"Outubro",563.1
3865,"Novembro",192.63
3865,"Dezembro",762.97
7103,"Janeiro",793
7103,"Fevereiro",453.37
7103,"Março",824.17
7103,"Abril",233.63
7103,"Maio",287.92
7103,"Junho",914.57
7103,"Julho",723.17
7103,"Agosto",733.3
7103,"Setembro",365.1
7103,"Outubro",731
7103,"Novembro",1363.57
7103,"Dezembro",780.61
907,"Janeiro",266.61
907,"Fevereiro",267.47
907,"Março",5.12
907,"Abril",934.61
907,"Maio",434.26
907,"Junho",941.78
907,"Julho",687.33
907,"Agosto",921.39
907,"Setembro",917.25
907,"Outubro",823.71
907,"Novembro",99.16
907,"Dezembro",971.79
6012,"Janeiro",229.61
6012,"Fevereiro",723.45
6012,"Março",865.86
6012,"Abril",1047.42
6012,"Maio",321.33
6012,"Junho",799.54
6012,"Julho",104
6012,"Agosto",387.48
6012,"Setembro",687.18
6012,"Outubro",567.84
6012,"Novembro",541.5
6012,"Dezembro",482.68
4676,"Janeiro",70.98
4676,"Fevereiro",809.74
4676,"Março",101.26
4676,"Abril",680.33
4676,"Maio",488.48
4676,"Junho",532.68
4676,"Julho",969.56
4676,"Agosto",239.63
4676,"Setembro",1014.93
4676,"Outubro",756.72
4676,"Novembro",288.82
4676,"Dezembro",466.1
1857,"Janeiro",823.36
1857,"Fevereiro",983.69
1857,"Março",862.93
1857,"Abril",585.36
1857,"Maio",641.8
1857,"Junho",388.82
1857,"Julho",1411.32
1857,"Agosto",0.73
1857,"Setembro",211.11
1857,"Outubro",24.63
1857,"Novembro",999.27
1857,"Dezembro",728.72
1983,"Janeiro",775.88
1983,"Fevereiro",882.67
1983,"Março",415.28
1983,"Abril",299.73
1983,"Maio",28.8
1983,"Junho",994.93
1983,"Julho",294.36
1983,"Agosto",74.74
1983,"Setembro",123.79
1983,"Outubro",951.5
1983,"Novembro",1326.69
1983,"Dezembro",444.12
2291,"Janeiro",960.7
2291,"Fevereiro",1252.93
2291,"Março",825.1
2291,"Abril",613.37
2291,"Maio",668.65
2291,"Junho",437.49
2291,"Julho",231.17
2291,"Agosto",1221.33
2291,"Setembro",783.34
2291,"Outubro",367.56
2291,"Novembro",1284.6
2291,"Dezembro",225.89
3472,"Janeiro",222.69
3472,"Fevereiro",546.52
3472,"Março",987.64
3472,"Abril",382.52
3472,"Maio",773.72
3472,"Junho",147.47
3472,"Julho",334.55
3472,"Agosto",93
3472,"Setembro",628.08
3472,"Outubro",726.78
3472,"Novembro",689.65
3472,"Dezembro",475.19
1407,"Janeiro",787.89
1407,"Fevereiro",220.22
1407,"Março",201.29
1407,"Abril",66.91
1407,"Maio",193.6
1407,"Junho",569.72
1407,"Julho",969.99
1407,"Agosto",167.54
1407,"Setembro",346.09
1407,"Outubro",299.91
1407,"Novembro",18.14
1407,"Dezembro",596.32
8403,"Janeiro",1121.57
8403,"Fevereiro",263.43
8403,"Março",12.68
8403,"Abril",189.29
8403,"Maio",333.88
8403,"Junho",728.31
8403,"Julho",949.16
8403,"Agosto",1027.53
8403,"Setembro",1101.45
8403,"Outubro",317.41
8403,"Novembro",1019.83
8403,"Dezembro",543.94
3688,"Janeiro",71.91
3688,"Fevereiro",972.5
3688,"Março",192.05
3688,"Abril",631.36
3688,"Maio",402.48
3688,"Junho",1254.24
3688,"Julho",224.23
3688,"Agosto",168.78
3688,"Setembro",627.11
3688,"Outubro",641.97
3688,"Novembro",1370.7
3688,"Dezembro",86.7
7951,"Janeiro",83.68
7951,"Fevereiro",86.71
7951,"Março",134.38
7951,"Abril",918.78
7951,"Maio",129.02
7951,"Junho",409.93
7951,"Julho",432.96
7951,"Agosto",673.35
7951,"Setembro",79.49
7951,"Outubro",756.65
7951,"Novembro",87.32
7951,"Dezembro",1076.43
2006,"Janeiro",795.05
2006,"Fevereiro",668.99
2006,"Março",230.49
2006,"Abril",778.5
2006,"Maio",402.75
2006,"Junho",496.7
2006,"Julho",978.33
2006,"Agosto",871.4
2006,"Setembro",697.54
2006,"Outubro",700.16
2006,"Novembro",430.19
2006,"Dezembro",896.03
6646,"Janeiro",400.27
6646,"Fevereiro",950.29
6646,"Março",457.25
6646,"Abril",660.53
6646,"Maio",65.85
6646,"Junho",871.15
6646,"Julho",668.14
6646,"Agosto",40.9
6646,"Setembro",1420.74
6646,"Outubro",584.01
6646,"Novembro",203.14
6646,"Dezembro",471.12
3595,"Janeiro",1263.06
3595,"Fevereiro",769.41
3595,"Março",999.35
3595,"Abril",725.87
3595,"Maio",44
3595,"Junho",919.17
3595,"Julho",1119.84
3595,"Agosto",487.98
3595,"Setembro",689.13
3595,"Outubro",571.02
3595,"Novembro",499.72
3595,"Dezembro",790.92
4316,"Janeiro",879.89
4316,"Fevereiro",305.82
4316,"Março",498.56
4316,"Abril",472.77
4316,"Maio",262.72
4316,"Junho",919.96
4316,"Julho",494.12
4316,"Agosto",1218.33
4316,"Setembro",958.36
4316,"Outubro",1158.46
4316,"Novembro",864.92
4316,"Dezembro",16.62
3290,"Janeiro",45.8
3290,"Fevereiro",687.37
3290,"Março",526.6
3290,"Abril",753.1
3290,"Maio",1072.86
3290,"Junho",597.55
3290,"Julho",33.35
3290,"Agosto",156.35
3290,"Setembro",335.95
3290,"Outubro",202.85
3290,"Novembro",478.02
3290,"Dezembro",137.58
748,"Janeiro",859.08
748,"Fevereiro",100.61
748,"Março",29.73
748,"Abril",929.22
748,"Maio",902.67
748,"Junho",265.62
748,"Julho",1170.25
748,"Agosto",1429.88
748,"Setembro",1061.6
748,"Outubro",630.1
748,"Novembro",1114.81
748,"Dezembro",382.51
5535,"Janeiro",366.29
5535,"Fevereiro",222.13
5535,"Março",94.33
5535,"Abril",1112.7
5535,"Maio",904.28
5535,"Junho",845.55
5535,"Julho",529.49
5535,"Agosto",1189.92
5535,"Setembro",973.38
5535,"Outubro",244.75
5535,"Novembro",305.25
5535,"Dezembro",771.28
814,"Janeiro",1090.62
814,"Fevereiro",1097.86
814,"Março",1034.51
814,"Abril",741.62
814,"Maio",186.19
814,"Junho",1286.79
814,"Julho",1318.59
814,"Agosto",1311.39
814,"Setembro",1347.03
814,"Outubro",931.55
814,"Novembro",359.55
814,"Dezembro",200.51
3356,"Janeiro",496.32
3356,"Fevereiro",1082.68
3356,"Março",337.6
3356,"Abril",741.41
3356,"Maio",685.64
3356,"Junho",346.43
3356,"Julho",141.1
3356,"Agosto",790.65
3356,"Setembro",881.82
3356,"Outubro",1162.79
3356,"Novembro",264.53
3356,"Dezembro",880.23
4004,"Janeiro",969.11
4004,"Fevereiro",449.08
4004,"Março",1068.26
4004,"Abril",1337.33
4004,"Maio",149.96
4004,"Junho",1148.33
4004,"Julho",349.35
4004,"Agosto",854.35
4004,"Setembro",721.14
4004,"Outubro",425.05
4004,"Novembro",343.85
4004,"Dezembro",956.21
7143,"Janeiro",312.47
7143,"Fevereiro",344.8
7143,"Março",834.97
7143,"Abril",256.11
7143,"Maio",421.86
7143,"Junho",998.56
7143,"Julho",1286.14
7143,"Agosto",998.28
7143,"Setembro",1027.18
7143,"Outubro",1291.25
7143,"Novembro",607.47
7143,"Dezembro",143.18
1584,"Janeiro",379.31
1584,"Fevereiro",460.28
1584,"Março",757.96
1584,"Abril",723.2
1584,"Maio",24.99
1584,"Junho",76.5
1584,"Julho",653.94
1584,"Agosto",850.25
1584,"Setembro",455.34
1584,"Outubro",388.48
1584,"Novembro",760.58
1584,"Dezembro",666.44
8719,"Janeiro",408.98
8719,"Fevereiro",89.7
8719,"Março",852.49
8719,"Abril",1023.71
8719,"Maio",454.1
8719,"Junho",258.42
8719,"Julho",43.25
8719,"Agosto",627.53
8719,"Setembro",564.32
8719,"Outubro",198.87
8719,"Novembro",143.43
8719,"Dezembro",1353.43
8964,"Janeiro",880.52
8964,"Fevereiro",1496.72
8964,"Março",1059.19
8964,"Abril",787.91
8964,"Maio",947.55
8964,"Junho",1059.93
8964,"Julho",1044.12
8964,"Agosto",778.96
8964,"Setembro",1040.28
8964,"Outubro",636.66
8964,"Novembro",208.13
8964,"Dezembro",815.79
9584,"Janeiro",217.29
9584,"Fevereiro",385.86
9584,"Março",892.48
9584,"Abril",1028.71
9584,"Maio",302.94
9584,"Junho",673.99
9584,"Julho",685.25
9584,"Agosto",245.61
9584,"Setembro",503.84
9584,"Outubro",1207.02
9584,"Novembro",109.46
9584,"Dezembro",885.2
5066,"Janeiro",887.35
5066,"Fevereiro",774.13
5066,"Março",726.16
5066,"Abril",239.23
5066,"Maio",699.28
5066,"Junho",13.18
5066,"Julho",515.34
5066,"Agosto",588.47
5066,"Setembro",966.1
5066,"Outubro",236.64
5066,"Novembro",884.41
5066,"Dezembro",1158.9
3994,"Janeiro",821.56
3994,"Fevereiro",1100.96
3994,"Março",718.87
3994,"Abril",1041.11
3994,"Maio",274.87
3994,"Junho",600.61
3994,"Julho",36.48
3994,"Agosto",378.41
3994,"Setembro",601.58
3994,"Outubro",1032.58
3994,"Novembro",600.84
3994,"Dezembro",646.53
224,"Janeiro",33.47
224,"Fevereiro",526.81
224,"Março",990
224,"Abril",1150.14
224,"Maio",183.02
224,"Junho",654.88
224,"Julho",935.05
224,"Agosto",573.18
224,"Setembro",431.49
224,"Outubro",786.05
224,"Novembro",1190.13
224,"Dezembro",612.2
1827,"Janeiro",1051.42
1827,"Fevereiro",483.92
1827,"Março",281.8
1827,"Abril",1098.75
1827,"Maio",847.7
1827,"Junho",270.21
1827,"Julho",858.57
1827,"Agosto",146.56
1827,"Setembro",31.59
1827,"Outubro",617.6
1827,"Novembro",25.84
1827,"Dezembro",688.2
2843,"Janeiro",199.32
2843,"Fevereiro",345.13
2843,"Março",316.95
2843,"Abril",296.9
2843,"Maio",1056.64
2843,"Junho",815.41
2843,"Julho",734.38
2843,"Agosto",300.4
2843,"Setembro",886.22
2843,"Outubro",74.41
2843,"Novembro",273.13
2843,"Dezembro",681.78
6643,"Janeiro",1379.77
6643,"Fevereiro",733.91
6643,"Março",933.65
6643,"Abril",1082.47
6643,"Maio",208.31
6643,"Junho",1257.35
6643,"Julho",585.68
6643,"Agosto",605.84
6643,"Setembro",1180.24
6643,"Outubro",1114.04
6643,"Novembro",864.97
6643,"Dezembro",269.73
2960,"Janeiro",1346.52
2960,"Fevereiro",651.05
2960,"Março",783.88
2960,"Abril",455.47
2960,"Maio",126.14
2960,"Junho",603.36
2960,"Julho",503.78
2960,"Agosto",99.4
2960,"Setembro",982.07
2960,"Outubro",54.24
2960,"Novembro",695.28
2960,"Dezembro",318.08
1824,"Janeiro",649.79
1824,"Fevereiro",27.71
1824,"Março",1303.28
1824,"Abril",565.21
1824,"Maio",74.75
1824,"Junho",255.85
1824,"Julho",98.06
1824,"Agosto",25.23
1824,"Setembro",1459.31
1824,"Outubro",312.61
1824,"Novembro",113.32
1824,"Dezembro",940.71
2428,"Janeiro",275.7
2428,"Fevereiro",838.5
2428,"Março",549.72
2428,"Abril",794.22
2428,"Maio",414.24
2428,"Junho",147.18
2428,"Julho",1238.75
2428,"Agosto",78.13
2428,"Setembro",196.54
2428,"Outubro",789.06
2428,"Novembro",187.94
2428,"Dezembro",987.58
4928,"Janeiro",625.62
4928,"Fevereiro",26.08
4928,"Março",67.92
4928,"Abril",953.84
4928,"Maio",490.42
4928,"Junho",310.4
4928,"Julho",1015.63
4928,"Agosto",781.94
4928,"Setembro",332.06
4928,"Outubro",776.01
4928,"Novembro",41.83
4928,"Dezembro",261.92
4398,"Janeiro",994.99
4398,"Fevereiro",69.58
4398,"Março",479.3
4398,"Abril",133.92
4398,"Maio",911.64
4398,"Junho",1346.99
4398,"Julho",338.7
4398,"Agosto",678.54
4398,"Setembro",409.23
4398,"Outubro",1028.01
4398,"Novembro",357.44
4398,"Dezembro",1089.56
4962,"Janeiro",1060.51
4962,"Fevereiro",110.12
4962,"Março",840.85
4962,"Abril",974.72
4962,"Maio",227.32
4962,"Junho",617.9
4962,"Julho",52.55
4962,"Agosto",876
4962,"Setembro",478.67
4962,"Outubro",661.74
4962,"Novembro",707.97
4962,"Dezembro",465.03
1810,"Janeiro",823.37
1810,"Fevereiro",246.37
1810,"Março",822.85
1810,"Abril",1249.79
1810,"Maio",466.79
1810,"Junho",410.78
1810,"Julho",113.47
1810,"Agosto",333.13
1810,"Setembro",448.79
1810,"Outubro",480.43
1810,"Novembro",414.56
1810,"Dezembro",857.74
7174,"Janeiro",691.96
7174,"Fevereiro",228.64
7174,"Março",3.33
7174,"Abril",697.52
7174,"Maio",718.23
7174,"Junho",808.88
7174,"Julho",439.09
7174,"Agosto",1001.5
7174,"Setembro",314.69
7174,"Outubro",269.07
7174,"Novembro",630.74
7174,"Dezembro",1120.1
4921,"Janeiro",741.55
4921,"Fevereiro",436.42
4921,"Março",688.79
4921,"Abril",142.51
4921,"Maio",1257.97
4921,"Junho",487.95
4921,"Julho",325.19
4921,"Agosto",768.37
4921,"Setembro",541.8
4921,"Outubro",386.58
4921,"Novembro",163.9
4921,"Dezembro",55.42
4892,"Janeiro",486.5
4892,"Fevereiro",725.33
4892,"Março",1160.46
4892,"Abril",18.23
4892,"Maio",127.81
4892,"Junho",42.62
4892,"Julho",204.54
4892,"Agosto",1159.85
4892,"Setembro",24.7
4892,"Outubro",285.68
4892,"Novembro",81.32
4892,"Dezembro",1024.96
9687,"Janeiro",1154.77
9687,"Fevereiro",152.93
9687,"Março",797.95
9687,"Abril",990.09
9687,"Maio",545.61
9687,"Junho",591.38
9687,"Julho",259.05
9687,"Agosto",10.89
9687,"Setembro",560.47
9687,"Outubro",294.93
9687,"Novembro",327.52
9687,"Dezembro",641.86
4729,"Janeiro",935.13
4729,"Fevereiro",693.43
4729,"Março",843.28
4729,"Abril",571.61
4729,"Maio",546.31
4729,"Junho",453.32
4729,"Julho",481.83
4729,"Agosto",890.17
4729,"Setembro",808.04
4729,"Outubro",237.28
4729,"Novembro",820.31
4729,"Dezembro",1110.6
4470,"Janeiro",1266.79
4470,"Fevereiro",906.32
4470,"Março",22.97
4470,"Abril",268.73
4470,"Maio",597.05
4470,"Junho",1079.6
4470,"Julho",510.41
4470,"Agosto",829.5
4470,"Setembro",1133.19
4470,"Outubro",204.31
4470,"Novembro",583.96
4470,"Dezembro",981.04
1757,"Janeiro",1234.04
1757,"Fevereiro",544.6
1757,"Março",280.28
1757,"Abril",1203.84
1757,"Maio",573.9
1757,"Junho",476.98
1757,"Julho",773.57
1757,"Agosto",762.3
1757,"Setembro",185.25
1757,"Outubro",460.15
1757,"Novembro",750.05
1757,"Dezembro",274.63
9125,"Janeiro",183.24
9125,"Fevereiro",346.11
9125,"Março",104.58
9125,"Abril",556.04
9125,"Maio",482.78
9125,"Junho",151.92
9125,"Julho",210.87
9125,"Agosto",576.19
9125,"Setembro",387.86
9125,"Outubro",872.7
9125,"Novembro",649.6
9125,"Dezembro",552.65
3873,"Janeiro",42.82
3873,"Fevereiro",656.19
3873,"Março",613.85
3873,"Abril",348.95
3873,"Maio",34.44
3873,"Junho",79.27
3873,"Julho",974.14
3873,"Agosto",947.98
3873,"Setembro",349.13
3873,"Outubro",33.88
3873,"Novembro",543.5
3873,"Dezembro",227.98
4369,"Janeiro",433.9
4369,"Fevereiro",207.91
4369,"Março",427.61
4369,"Abril",482.07
4369,"Maio",679.65
4369,"Junho",564.75
4369,"Julho",1008.55
4369,"Agosto",389.93
4369,"Setembro",574.91
4369,"Outubro",1100.65
4369,"Novembro",728.28
4369,"Dezembro",779.38
4005,"Janeiro",1142.32
4005,"Fevereiro",660.95
4005,"Março",417.51
4005,"Abril",369.21
4005,"Maio",511.88
4005,"Junho",403.83
4005,"Julho",573.17
4005,"Agosto",625.77
4005,"Setembro",1246.02
4005,"Outubro",668.48
4005,"Novembro",883.46
4005,"Dezembro",1403.06
3062,"Janeiro",156.18
3062,"Fevereiro",523.24
3062,"Março",833.33
3062,"Abril",238.01
3062,"Maio",696.83
3062,"Junho",90.88
3062,"Julho",239.03
3062,"Agosto",855.23
3062,"Setembro",560.45
3062,"Outubro",720.48
3062,"Novembro",1263.65
3062,"Dezembro",178.28
7044,"Janeiro",125.23
7044,"Fevereiro",766.69
7044,"Março",882.23
7044,"Abril",542.19
7044,"Maio",11.88
7044,"Junho",27.44
7044,"Julho",319.81
7044,"Agosto",569.52
7044,"Setembro",1298
7044,"Outubro",438.43
7044,"Novembro",991.5
7044,"Dezembro",832.5
8124,"Janeiro",759.53
8124,"Fevereiro",1491.49
8124,"Março",11.88
8124,"Abril",1097.89
8124,"Maio",110.24
8124,"Junho",2.29
8124,"Julho",308.94
8124,"Agosto",24.92
8124,"Setembro",500.51
8124,"Outubro",1105.74
8124,"Novembro",1035.6
8124,"Dezembro",1237.81
7368,"Janeiro",887.96
7368,"Fevereiro",439.66
7368,"Março",765.46
7368,"Abril",628.12
7368,"Maio",328.29
7368,"Junho",810.39
7368,"Julho",1281.87
7368,"Agosto",814.87
7368,"Setembro",735.44
7368,"Outubro",305.62
7368,"Novembro",341.64
7368,"Dezembro",834.57
5359,"Janeiro",150.3
5359,"Fevereiro",696.14
5359,"Março",1174.94
5359,"Abril",437.07
5359,"Maio",500.52
5359,"Junho",902.21
5359,"Julho",127.22
5359,"Agosto",691.39
5359,"Setembro",373.05
5359,"Outubro",840.19
5359,"Novembro",1084.68
5359,"Dezembro",330.38
1984,"Janeiro",1011.19
1984,"Fevereiro",959.36
1984,"Março",988.74
1984,"Abril",441.53
1984,"Maio",769
1984,"Junho",788.68
1984,"Julho",665.87
1984,"Agosto",348.4
1984,"Setembro",443.02
1984,"Outubro",988.26
1984,"Novembro",473.27
1984,"Dezembro",257.18
8174,"Janeiro",267.15
8174,"Fevereiro",156.43
8174,"Março",382.63
8174,"Abril",421.31
8174,"Maio",928.13
8174,"Junho",982.56
8174,"Julho",235.95
8174,"Agosto",469.95
8174,"Setembro",54.34
8174,"Outubro",479.68
8174,"Novembro",608.66
8174,"Dezembro",383.35
1377,"Janeiro",358.37
1377,"Fevereiro",348.12
1377,"Março",117.65
1377,"Abril",298.18
1377,"Maio",1347.29
1377,"Junho",637.54
1377,"Julho",311.67
1377,"Agosto",1049.24
1377,"Setembro",871.64
1377,"Outubro",539.84
1377,"Novembro",391.67
1377,"Dezembro",615.78
4375,"Janeiro",260.44
4375,"Fevereiro",67.42
4375,"Março",145.19
4375,"Abril",128.77
4375,"Maio",530.63
4375,"Junho",161.55
4375,"Julho",898.93
4375,"Agosto",1216.18
4375,"Setembro",965.37
4375,"Outubro",393.49
4375,"Novembro",523.88
4375,"Dezembro",400.88
2049,"Janeiro",292.59
2049,"Fevereiro",236.76
2049,"Março",399.53
2049,"Abril",424.41
2049,"Maio",842.16
2049,"Junho",582.21
2049,"Julho",301.29
2049,"Agosto",1161.93
2049,"Setembro",722.26
2049,"Outubro",1275.01
2049,"Novembro",82.06
2049,"Dezembro",739.71
2413,"Janeiro",229.39
2413,"Fevereiro",881.37
2413,"Março",539.12
2413,"Abril",1184.64
2413,"Maio",465.61
2413,"Junho",1034.98
2413,"Julho",324.24
2413,"Agosto",408.34
2413,"Setembro",708.38
2413,"Outubro",242.49
2413,"Novembro",30.66
2413,"Dezembro",863.09
543,"Janeiro",492.53
543,"Fevereiro",686.49
543,"Março",189.48
543,"Abril",1488.84
543,"Maio",509.78
543,"Junho",545.09
543,"Julho",718.89
543,"Agosto",196.28
543,"Setembro",829.02
543,"Outubro",1190.68
543,"Novembro",855.26
543,"Dezembro",299.57
752,"Janeiro",1179.61
752,"Fevereiro",359.72
752,"Março",770.8
752,"Abril",75.7
752,"Maio",245.1
752,"Junho",783.82
752,"Julho",630.13
752,"Agosto",149.55
752,"Setembro",885.82
752,"Outubro",289.84
752,"Novembro",241.47
752,"Dezembro",766.07
1918,"Janeiro",1324.55
1918,"Fevereiro",631.24
1918,"Março",482.38
1918,"Abril",55.61
1918,"Maio",1260.92
1918,"Junho",138.86
1918,"Julho",758.23
1918,"Agosto",514.71
1918,"Setembro",856.56
1918,"Outubro",1040.43
1918,"Novembro",717.77
1918,"Dezembro",717.22
1805,"Janeiro",1152.13
1805,"Fevereiro",806.28
1805,"Março",102.82
1805,"Abril",436.91
1805,"Maio",624.78
1805,"Junho",279.4
1805,"Julho",1253.22
1805,"Agosto",440.81
1805,"Setembro",622.66
1805,"Outubro",447.11
1805,"Novembro",969.88
1805,"Dezembro",360.68
4683,"Janeiro",6.16
4683,"Fevereiro",493.64
4683,"Março",526.77
4683,"Abril",1367.56
4683,"Maio",1119.29
4683,"Junho",787.7
4683,"Julho",497.03
4683,"Agosto",472.92
4683,"Setembro",270.67
4683,"Outubro",365.08
4683,"Novembro",457.11
4683,"Dezembro",91.81
5688,"Janeiro",498.15
5688,"Fevereiro",471.89
5688,"Março",1333.57
5688,"Abril",47.02
5688,"Maio",679.53
5688,"Junho",491.05
5688,"Julho",79.15
5688,"Agosto",130.92
5688,"Setembro",930.03
5688,"Outubro",412.94
5688,"Novembro",573.97
5688,"Dezembro",207.8
8294,"Janeiro",338.58
8294,"Fevereiro",279.8
8294,"Março",163.71
8294,"Abril",851.15
8294,"Maio",53.25
8294,"Junho",742.59
8294,"Julho",523.46
8294,"Agosto",573.48
8294,"Setembro",1334.72
8294,"Outubro",450.07
8294,"Novembro",927.79
8294,"Dezembro",270.84
9244,"Janeiro",970.31
9244,"Fevereiro",712.79
9244,"Março",963.26
9244,"Abril",621.43
9244,"Maio",53.98
9244,"Junho",332.66
9244,"Julho",372.82
9244,"Agosto",888.3
9244,"Setembro",340.44
9244,"Outubro",580.25
9244,"Novembro",388.15
9244,"Dezembro",71.44
2401,"Janeiro",755.56
2401,"Fevereiro",85.02
2401,"Março",26.19
2401,"Abril",607.34
2401,"Maio",118.4
2401,"Junho",858.83
2401,"Julho",1408.37
2401,"Agosto",1032.97
2401,"Setembro",116.2
2401,"Outubro",1252.06
2401,"Novembro",1339.04
2401,"Dezembro",1107.26
5484,"Janeiro",87.05
5484,"Fevereiro",166.65
5484,"Março",814.27
5484,"Abril",112.05
5484,"Maio",619.82
5484,"Junho",582.37
5484,"Julho",520.86
5484,"Agosto",247.67
5484,"Setembro",117.83
5484,"Outubro",425.89
5484,"Novembro",731.78
5484,"Dezembro",157.9
9072,"Janeiro",1293.19
9072,"Fevereiro",596.83
9072,"Março",898.77
9072,"Abril",439.36
9072,"Maio",892.02
9072,"Junho",304.56
9072,"Julho",578.7
9072,"Agosto",388.46
9072,"Setembro",941.9
9072,"Outubro",424.62
9072,"Novembro",33.46
9072,"Dezembro",926.02
2681,"Janeiro",57.19
2681,"Fevereiro",1115.82
2681,"Março",432
2681,"Abril",312.01
2681,"Maio",389.55
2681,"Junho",123.81
2681,"Julho",977.35
2681,"Agosto",884.37
2681,"Setembro",721.4
2681,"Outubro",905.1
2681,"Novembro",927.14
2681,"Dezembro",515
134,"Janeiro",1070.26
134,"Fevereiro",433.37
134,"Março",1205.75
134,"Abril",1340.86
134,"Maio",370.58
134,"Junho",658.19
134,"Julho",626.57
134,"Agosto",130.69
134,"Setembro",838.87
134,"Outubro",404.87
134,"Novembro",376
134,"Dezembro",272.57
3853,"Janeiro",1190.36
3853,"Fevereiro",1386.66
3853,"Março",626.66
3853,"Abril",680.49
3853,"Maio",867.48
3853,"Junho",832.16
3853,"Julho",544.67
3853,"Agosto",1225.36
3853,"Setembro",207.3
3853,"Outubro",548.43
3853,"Novembro",512.04
3853,"Dezembro",360.04
7550,"Janeiro",75.69
7550,"Fevereiro",548.89
7550,"Março",1210.82
7550,"Abril",834.52
7550,"Maio",103.85
7550,"Junho",218.79
7550,"Julho",311.72
7550,"Agosto",447.51
7550,"Setembro",513.44
7550,"Outubro",373.35
7550,"Novembro",706.48
7550,"Dezembro",595.37
1064,"Janeiro",1125.43
1064,"Fevereiro",429.42
1064,"Março",274.07
1064,"Abril",1028.98
1064,"Maio",1120.82
1064,"Junho",665.83
1064,"Julho",619.54
1064,"Agosto",343.99
1064,"Setembro",411.96
1064,"Outubro",957.56
1064,"Novembro",1296.12
1064,"Dezembro",283.51
2442,"Janeiro",1441.93
2442,"Fevereiro",884.33
2442,"Março",1032.7
2442,"Abril",1295.8
2442,"Maio",47.45
2442,"Junho",250.05
2442,"Julho",901.75
2442,"Agosto",311.24
2442,"Setembro",1301.96
2442,"Outubro",200.06
2442,"Novembro",859.74
2442,"Dezembro",807.78
9085,"Janeiro",573.5
9085,"Fevereiro",1239.2
9085,"Março",639.09
9085,"Abril",636.5
9085,"Maio",690.91
9085,"Junho",727.81
9085,"Julho",211.78
9085,"Agosto",847.38
9085,"Setembro",242.74
9085,"Outubro",766.11
9085,"Novembro",597.97
9085,"Dezembro",550.07
1147,"Janeiro",1369.56
1147,"Fevereiro",1064.06
1147,"Março",71
1147,"Abril",491.71
1147,"Maio",420
1147,"Junho",110.34
1147,"Julho",1025.55
1147,"Agosto",190.4
1147,"Setembro",108.12
1147,"Outubro",782.11
1147,"Novembro",1061.25
1147,"Dezembro",449.38
8407,"Janeiro",589.9
8407,"Fevereiro",85.59
8407,"Março",898.5
8407,"Abril",343.1
8407,"Maio",564.57
8407,"Junho",138.71
8407,"Julho",100.42
8407,"Agosto",219.31
8407,"Setembro",47.09
8407,"Outubro",168.41
8407,"Novembro",373.39
8407,"Dezembro",1288.28
3956,"Janeiro",324.48
3956,"Fevereiro",87.59
3956,"Março",253.85
3956,"Abril",324.2
3956,"Maio",1317.25
3956,"Junho",1143.52
3956,"Julho",1363.88
3956,"Agosto",394.02
3956,"Setembro",1317.71
3956,"Outubro",62.95
3956,"Novembro",1157.47
3956,"Dezembro",787.18
2582,"Janeiro",791.19
2582,"Fevereiro",192.39
2582,"Março",387.93
2582,"Abril",753.43
2582,"Maio",1117.77
2582,"Junho",546.98
2582,"Julho",711.32
2582,"Agosto",590.9
2582,"Setembro",610.52
2582,"Outubro",526.63
2582,"Novembro",430.27
2582,"Dezembro",349.14
2523,"Janeiro",937.49
2523,"Fevereiro",466.08
2523,"Março",868.85
2523,"Abril",523.28
2523,"Maio",260.69
2523,"Junho",812.46
2523,"Julho",958.05
2523,"Agosto",1331.69
2523,"Setembro",339.27
2523,"Outubro",1328.24
2523,"Novembro",533.2
2523,"Dezembro",829.43
972,"Janeiro",202.77
972,"Fevereiro",507.56
972,"Março",759.06
972,"Abril",240.82
972,"Maio",671.02
972,"Junho",734.03
972,"Julho",18.39
972,"Agosto",434.34
972,"Setembro",1279.55
972,"Outubro",1392.26
972,"Novembro",584.21
972,"Dezembro",784.22
8289,"Janeiro",441.85
8289,"Fevereiro",788.31
8289,"Março",620.51
8289,"Abril",357.35
8289,"Maio",490.66
8289,"Junho",747.67
8289,"Julho",416.21
8289,"Agosto",918.35
8289,"Setembro",495.81
8289,"Outubro",241.38
8289,"Novembro",952.24
8289,"Dezembro",898.66
1514,"Janeiro",1173.22
1514,"Fevereiro",692.2
1514,"Março",539.19
1514,"Abril",940.23
1514,"Maio",157.22
1514,"Junho",829.72
1514,"Julho",859.33
1514,"Agosto",914.33
1514,"Setembro",520.26
1514,"Outubro",9.47
1514,"Novembro",174.06
1514,"Dezembro",239.7
2976,"Janeiro",734.38
2976,"Fevereiro",285.58
2976,"Março",897.61
2976,"Abril",1181.89
2976,"Maio",845.62
2976,"Junho",675.95
2976,"Julho",681.59
2976,"Agosto",1233.75
2976,"Setembro",1019.91
2976,"Outubro",560.86
2976,"Novembro",455.97
2976,"Dezembro",34.02
2909,"Janeiro",321.11
2909,"Fevereiro",377.65
2909,"Março",1463.82
2909,"Abril",157.98
2909,"Maio",683.34
2909,"Junho",506.14
2909,"Julho",193.34
2909,"Agosto",726.33
2909,"Setembro",109.65
2909,"Outubro",899.66
2909,"Novembro",777.75
2909,"Dezembro",407.54
4000,"Janeiro",936.07
4000,"Fevereiro",518.99
4000,"Março",614.96
4000,"Abril",657.68
4000,"Maio",526.19
4000,"Junho",200.48
4000,"Julho",894.41
4000,"Agosto",373.43
4000,"Setembro",9.25
4000,"Outubro",500.11
4000,"Novembro",222.41
4000,"Dezembro",82.08
7948,"Janeiro",1143.45
7948,"Fevereiro",241.08
7948,"Março",108.11
7948,"Abril",154.22
7948,"Maio",1177.37
7948,"Junho",107.45
7948,"Julho",714.25
7948,"Agosto",665.13
7948,"Setembro",1001.4
7948,"Outubro",1361.77
7948,"Novembro",299.17
7948,"Dezembro",374.25
6510,"Janeiro",794.39
6510,"Fevereiro",492.02
6510,"Março",839.25
6510,"Abril",149.18
6510,"Maio",967.09
6510,"Junho",316.75
6510,"Julho",843.87
6510,"Agosto",897.83
6510,"Setembro",1186.03
6510,"Outubro",163.27
6510,"Novembro",202.24
6510,"Dezembro",419.68
9012,"Janeiro",800.29
9012,"Fevereiro",372
9012,"Março",268.34
9012,"Abril",213.73
9012,"Maio",309.55
9012,"Junho",40.94
9012,"Julho",1160.99
9012,"Agosto",1050.78
9012,"Setembro",1126.86
9012,"Outubro",741.53
9012,"Novembro",47.08
9012,"Dezembro",6.47
3153,"Janeiro",561.72
3153,"Fevereiro",334.34
3153,"Março",815.66
3153,"Abril",553.52
3153,"Maio",407.25
3153,"Junho",451.71
3153,"Julho",733.98
3153,"Agosto",1133.71
3153,"Setembro",954.68
3153,"Outubro",833.5
3153,"Novembro",213.82
3153,"Dezembro",296.69
2802,"Janeiro",787.57
2802,"Fevereiro",366.47
2802,"Março",441.22
2802,"Abril",113.18
2802,"Maio",1066.39
2802,"Junho",736.9
2802,"Julho",118.91
2802,"Agosto",116.03
2802,"Setembro",91.46
2802,"Outubro",416.14
2802,"Novembro",817.67
2802,"Dezembro",979.15
4813,"Janeiro",404.08
4813,"Fevereiro",215.91
4813,"Março",389.63
4813,"Abril",602.03
4813,"Maio",1351.3
4813,"Junho",721.45
4813,"Julho",228.65
4813,"Agosto",748.72
4813,"Setembro",466.45
4813,"Outubro",980.14
4813,"Novembro",712.77
4813,"Dezembro",581.5
8390,"Janeiro",836.59
8390,"Fevereiro",310.25
8390,"Março",1537.41
8390,"Abril",656.51
8390,"Maio",241.14
8390,"Junho",336.47
8390,"Julho",969.33
8390,"Agosto",256.12
8390,"Setembro",227.78
8390,"Outubro",973.29
8390,"Novembro",809.94
8390,"Dezembro",777.6
3051,"Janeiro",45.87
3051,"Fevereiro",801.37
3051,"Março",413.66
3051,"Abril",53.81
3051,"Maio",608.47
3051,"Junho",607.69
3051,"Julho",490.04
3051,"Agosto",53.01
3051,"Setembro",318.38
3051,"Outubro",961.91
3051,"Novembro",920.47
3051,"Dezembro",105.67
1190,"Janeiro",60.43
1190,"Fevereiro",771.7
1190,"Março",489.44
1190,"Abril",554.58
1190,"Maio",41.58
1190,"Junho",261.35
1190,"Julho",893.41
1190,"Agosto",193.15
1190,"Setembro",481.72
1190,"Outubro",322.52
1190,"Novembro",151.83
1190,"Dezembro",184.33
4876,"Janeiro",368.09
4876,"Fevereiro",142.04
4876,"Março",128.11
4876,"Abril",1087
4876,"Maio",426.88
4876,"Junho",1229.82
4876,"Julho",148.74
4876,"Agosto",728.61
4876,"Setembro",925.42
4876,"Outubro",265.63
4876,"Novembro",563.32
4876,"Dezembro",927.17
4748,"Janeiro",239.82
4748,"Fevereiro",1428.12
4748,"Março",1264.29
4748,"Abril",267.25
4748,"Maio",373.03
4748,"Junho",277.31
4748,"Julho",474.78
4748,"Agosto",588.98
4748,"Setembro",96.57
4748,"Outubro",494.91
4748,"Novembro",594.25
4748,"Dezembro",917.94
2928,"Janeiro",422.13
2928,"Fevereiro",1159.95
2928,"Março",658.36
2928,"Abril",896.91
2928,"Maio",903.81
2928,"Junho",900.96
2928,"Julho",392.44
2928,"Agosto",430.04
2928,"Setembro",619.37
2928,"Outubro",395.62
2928,"Novembro",1419.36
2928,"Dezembro",862.39
5257,"Janeiro",21.67
5257,"Fevereiro",618.19
5257,"Março",588.28
5257,"Abril",715.46
5257,"Maio",1289.86
5257,"Junho",1076.97
5257,"Julho",429.64
5257,"Agosto",38.88
5257,"Setembro",573.69
5257,"Outubro",383.53
5257,"Novembro",1105.02
5257,"Dezembro",687.91
476,"Janeiro",452
476,"Fevereiro",267.96
476,"Março",1368.13
476,"Abril",724.28
476,"Maio",114.68
476,"Junho",1106.45
476,"Julho",762.37
476,"Agosto",151.27
476,"Setembro",850.32
476,"Outubro",417.85
476,"Novembro",122.18
476,"Dezembro",431.74
1067,"Janeiro",713.53
1067,"Fevereiro",789.54
1067,"Março",811.39
1067,"Abril",61.68
1067,"Maio",312.44
1067,"Junho",968.22
1067,"Julho",257.83
1067,"Agosto",383.43
1067,"Setembro",858.24
1067,"Outubro",1299.42
1067,"Novembro",1068.42
1067,"Dezembro",973.19
760,"Janeiro",970.59
760,"Fevereiro",268.92
760,"Março",389.69
760,"Abril",1085.69
760,"Maio",791.95
760,"Junho",873.03
760,"Julho",146.93
760,"Agosto",9.26
760,"Setembro",616.41
760,"Outubro",651.43
760,"Novembro",598
760,"Dezembro",860.12
6880,"Janeiro",527.54
6880,"Fevereiro",810.51
6880,"Março",266.78
6880,"Abril",683.39
6880,"Maio",900.97
6880,"Junho",152.64
6880,"Julho",903.36
6880,"Agosto",524.85
6880,"Setembro",127.33
6880,"Outubro",880.4
6880,"Novembro",272.68
6880,"Dezembro",190.3
7516,"Janeiro",961.38
7516,"Fevereiro",854.8
7516,"Março",362.17
7516,"Abril",860.22
7516,"Maio",8.51
7516,"Junho",277.54
7516,"Julho",712.44
7516,"Agosto",197.32
7516,"Setembro",480.35
7516,"Outubro",323.02
7516,"Novembro",879.45
7516,"Dezembro",876.7
8125,"Janeiro",806.6
8125,"Fevereiro",771.23
8125,"Março",456.93
8125,"Abril",1229.39
8125,"Maio",423.84
8125,"Junho",699.56
8125,"Julho",878.82
8125,"Agosto",908.71
8125,"Setembro",963.34
8125,"Outubro",727.73
8125,"Novembro",178.23
8125,"Dezembro",544.98
5606,"Janeiro",695.13
5606,"Fevereiro",301.99
5606,"Março",824.58
5606,"Abril",1043.14
5606,"Maio",33.65
5606,"Junho",922.95
5606,"Julho",477.55
5606,"Agosto",32.66
5606,"Setembro",411.12
5606,"Outubro",731.53
5606,"Novembro",221.43
5606,"Dezembro",544.73
6296,"Janeiro",1003.85
6296,"Fevereiro",814.4
6296,"Março",703.48
6296,"Abril",936.94
6296,"Maio",930.09
6296,"Junho",1177.23
6296,"Julho",153.5
6296,"Agosto",605.19
6296,"Setembro",543.18
6296,"Outubro",948.16
6296,"Novembro",494.54
6296,"Dezembro",39.05
7336,"Janeiro",450.08
7336,"Fevereiro",482.83
7336,"Março",881.36
7336,"Abril",409.52
7336,"Maio",380.64
7336,"Junho",411.3
7336,"Julho",459.67
7336,"Agosto",148.83
7336,"Setembro",94.7
7336,"Outubro",1114.97
7336,"Novembro",247.24
7336,"Dezembro",535.37
6902,"Janeiro",1240.87
6902,"Fevereiro",739.32
6902,"Março",1141.9
6902,"Abril",513.33
6902,"Maio",675.62
6902,"Junho",227.78
6902,"Julho",749.27
6902,"Agosto",1048.7
6902,"Setembro",308.72
6902,"Outubro",915.68
6902,"Novembro",299.05
6902,"Dezembro",498.05
5446,"Janeiro",193.07
5446,"Fevereiro",67.85
5446,"Março",91.91
5446,"Abril",621.14
5446,"Maio",557.4
5446,"Junho",91.19
5446,"Julho",743.14
5446,"Agosto",268.73
5446,"Setembro",799.63
5446,"Outubro",624.69
5446,"Novembro",533.16
5446,"Dezembro",445.36
3138,"Janeiro",123.62
3138,"Fevereiro",811.15
3138,"Março",557.12
3138,"Abril",274.12
3138,"Maio",520.93
3138,"Junho",372.28
3138,"Julho",389.4
3138,"Agosto",1080.23
3138,"Setembro",570.5
3138,"Outubro",282.97
3138,"Novembro",385.98
3138,"Dezembro",119.67
1379,"Janeiro",427.97
1379,"Fevereiro",214.8
1379,"Março",439.64
1379,"Abril",401.11
1379,"Maio",913.13
1379,"Junho",271.37
1379,"Julho",140.29
1379,"Agosto",481.94
1379,"Setembro",323.94
1379,"Outubro",748.13
1379,"Novembro",698.54
1379,"Dezembro",185.87
5240,"Janeiro",893.89
5240,"Fevereiro",360.36
5240,"Março",488.47
5240,"Abril",1039.96
5240,"Maio",498.97
5240,"Junho",1431.26
5240,"Julho",809.83
5240,"Agosto",219.75
5240,"Setembro",130.24
5240,"Outubro",369.46
5240,"Novembro",334.39
5240,"Dezembro",998.17
9662,"Janeiro",1100.19
9662,"Fevereiro",828.9
9662,"Março",1373.81
9662,"Abril",576.78
9662,"Maio",101.37
9662,"Junho",113.75
9662,"Julho",286.97
9662,"Agosto",552.66
9662,"Setembro",335.75
9662,"Outubro",37.48
9662,"Novembro",556.69
9662,"Dezembro",116.6
1787,"Janeiro",1184.37
1787,"Fevereiro",98.5
1787,"Março",1135.4
1787,"Abril",113.56
1787,"Maio",552.67
1787,"Junho",244.49
1787,"Julho",233.6
1787,"Agosto",648.69
1787,"Setembro",550.94
1787,"Outubro",899.72
1787,"Novembro",1003.09
1787,"Dezembro",1026.74
9252,"Janeiro",374.81
9252,"Fevereiro",1184.8
9252,"Março",496.02
9252,"Abril",95.54
9252,"Maio",680.84
9252,"Junho",31.85
9252,"Julho",401.21
9252,"Agosto",1391.64
9252,"Setembro",314.24
9252,"Outubro",475.38
9252,"Novembro",228.22
9252,"Dezembro",562.53
5223,"Janeiro",718.54
5223,"Fevereiro",188.34
5223,"Março",1063.97
5223,"Abril",643.66
5223,"Maio",63.23
5223,"Junho",903
5223,"Julho",387.45
5223,"Agosto",822.06
5223,"Setembro",375.33
5223,"Outubro",426.36
5223,"Novembro",797.94
5223,"Dezembro",1126.71
2570,"Janeiro",988.97
2570,"Fevereiro",333.22
2570,"Março",747.84
2570,"Abril",651.17
2570,"Maio",185.45
2570,"Junho",233.93
2570,"Julho",1049.56
2570,"Agosto",707.37
2570,"Setembro",398.77
2570,"Outubro",107.74
2570,"Novembro",303.83
2570,"Dezembro",1021.63
7647,"Janeiro",569.59
7647,"Fevereiro",663.78
7647,"Março",861.91
7647,"Abril",540.6
7647,"Maio",1277.19
7647,"Junho",345.55
7647,"Julho",365.55
7647,"Agosto",4.61
7647,"Setembro",511.72
7647,"Outubro",103.55
7647,"Novembro",956.05
7647,"Dezembro",814.41
9030,"Janeiro",359.16
9030,"Fevereiro",203.85
9030,"Março",492.93
9030,"Abril",548.55
9030,"Maio",326.91
9030,"Junho",694.96
9030,"Julho",1086.93
9030,"Agosto",808.87
9030,"Setembro",982.81
9030,"Outubro",817.28
9030,"Novembro",344.52
9030,"Dezembro",899.26
2856,"Janeiro",265.43
2856,"Fevereiro",232.48
2856,"Março",152.97
2856,"Abril",69.86
2856,"Maio",256.57
2856,"Junho",225.17
2856,"Julho",1466.5
2856,"Agosto",390.19
2856,"Setembro",219.97
2856,"Outubro",65.41
2856,"Novembro",1211.22
2856,"Dezembro",33.65
9424,"Janeiro",1383.19
9424,"Fevereiro",107.17
9424,"Março",346.13
9424,"Abril",28.26
9424,"Maio",1115.4
9424,"Junho",1044.21
9424,"Julho",797.41
9424,"Agosto",320.96
9424,"Setembro",603.77
9424,"Outubro",190.04
9424,"Novembro",348.68
9424,"Dezembro",416.81
706,"Janeiro",927.15
706,"Fevereiro",556.35
706,"Março",920.76
706,"Abril",67.35
706,"Maio",891.88
706,"Junho",207.63
706,"Julho",555.22
706,"Agosto",548
706,"Setembro",443.75
706,"Outubro",710.81
706,"Novembro",597.04
706,"Dezembro",931.86
5998,"Janeiro",312.44
5998,"Fevereiro",1077.76
5998,"Março",943.07
5998,"Abril",624.86
5998,"Maio",776.16
5998,"Junho",1023.99
5998,"Julho",776.92
5998,"Agosto",170.43
5998,"Setembro",371.61
5998,"Outubro",723.73
5998,"Novembro",684.63
5998,"Dezembro",659.97
5520,"Janeiro",430.27
5520,"Fevereiro",486.8
5520,"Março",1366.02
5520,"Abril",1016.4
5520,"Maio",691.02
5520,"Junho",755.31
5520,"Julho",356.15
5520,"Agosto",798.4
5520,"Setembro",838.69
5520,"Outubro",515.59
5520,"Novembro",41.03
5520,"Dezembro",43.85
6070,"Janeiro",702.06
6070,"Fevereiro",746.63
6070,"Março",223.26
6070,"Abril",8.42
6070,"Maio",346.57
6070,"Junho",565.85
6070,"Julho",77.66
6070,"Agosto",1375.19
6070,"Setembro",403.92
6070,"Outubro",739.31
6070,"Novembro",1264.86
6070,"Dezembro",911.17
7110,"Janeiro",1310.78
7110,"Fevereiro",1144.9
7110,"Março",468.52
7110,"Abril",285.26
7110,"Maio",340.17
7110,"Junho",686.52
7110,"Julho",1146.58
7110,"Agosto",614.28
7110,"Setembro",579.82
7110,"Outubro",199.11
7110,"Novembro",617.65
7110,"Dezembro",148.1
1681,"Janeiro",938.36
1681,"Fevereiro",828.36
1681,"Março",1088.47
1681,"Abril",668.68
1681,"Maio",37.68
1681,"Junho",157.45
1681,"Julho",222.57
1681,"Agosto",29.55
1681,"Setembro",531.98
1681,"Outubro",131.01
1681,"Novembro",385.71
1681,"Dezembro",1205.35
8777,"Janeiro",1149.51
8777,"Fevereiro",267.29
8777,"Março",1082.89
8777,"Abril",1234.29
8777,"Maio",209.52
8777,"Junho",1241.45
8777,"Julho",356.71
8777,"Agosto",919.58
8777,"Setembro",782.07
8777,"Outubro",188.93
8777,"Novembro",928.19
8777,"Dezembro",1181.47
1595,"Janeiro",475.82
1595,"Fevereiro",421.87
1595,"Março",551.63
1595,"Abril",9.96
1595,"Maio",200.87
1595,"Junho",434.64
1595,"Julho",983.2
1595,"Agosto",894.41
1595,"Setembro",356.68
1595,"Outubro",3.7
1595,"Novembro",977.44
1595,"Dezembro",412.33
5665,"Janeiro",515.12
5665,"Fevereiro",817.03
5665,"Março",994.96
5665,"Abril",963.25
5665,"Maio",246.93
5665,"Junho",79.56
5665,"Julho",304.97
5665,"Agosto",806.94
5665,"Setembro",417.55
5665,"Outubro",991.36
5665,"Novembro",443.68
5665,"Dezembro",583.98
3070,"Janeiro",824.98
3070,"Fevereiro",442.1
3070,"Março",738.67
3070,"Abril",449.55
3070,"Maio",466.43
3070,"Junho",626.16
3070,"Julho",23.58
3070,"Agosto",651.4
3070,"Setembro",48.51
3070,"Outubro",376.81
3070,"Novembro",40.22
3070,"Dezembro",936.95
6949,"Janeiro",467.92
6949,"Fevereiro",5.17
6949,"Março",436.84
6949,"Abril",194.63
6949,"Maio",814.74
6949,"Junho",238.46
6949,"Julho",563.99
6949,"Agosto",335.06
6949,"Setembro",678.89
6949,"Outubro",390.23
6949,"Novembro",170.82
6949,"Dezembro",699.9
8408,"Janeiro",480.12
8408,"Fevereiro",1056.81
8408,"Março",1168.68
8408,"Abril",234.05
8408,"Maio",506.25
8408,"Junho",271.43
8408,"Julho",222.13
8408,"Agosto",338.77
8408,"Setembro",993.42
8408,"Outubro",471.67
8408,"Novembro",191.66
8408,"Dezembro",455.69
2637,"Janeiro",47.03
2637,"Fevereiro",569.78
2637,"Março",227.33
2637,"Abril",616.35
2637,"Maio",388.43
2637,"Junho",288.36
2637,"Julho",10.47
2637,"Agosto",847.36
2637,"Setembro",396.91
2637,"Outubro",184.72
2637,"Novembro",481.47
2637,"Dezembro",282.67
532,"Janeiro",924.93
532,"Fevereiro",531.4
532,"Março",251.28
532,"Abril",1190.58
532,"Maio",492.81
532,"Junho",340.17
532,"Julho",133.75
532,"Agosto",916.89
532,"Setembro",380.34
532,"Outubro",19.88
532,"Novembro",1306.97
532,"Dezembro",1144.64
7481,"Janeiro",1079.52
7481,"Fevereiro",344.14
7481,"Março",395.59
7481,"Abril",31.38
7481,"Maio",988.95
7481,"Junho",568.63
7481,"Julho",865.16
7481,"Agosto",1119.3
7481,"Setembro",585.11
7481,"Outubro",481.68
7481,"Novembro",5.32
7481,"Dezembro",124.71
7390,"Janeiro",483.67
7390,"Fevereiro",924.72
7390,"Março",696.28
7390,"Abril",33.95
7390,"Maio",839.17
7390,"Junho",153.33
7390,"Julho",223.6
7390,"Agosto",372.48
7390,"Setembro",874.98
7390,"Outubro",624.17
7390,"Novembro",571.32
7390,"Dezembro",306.5
4130,"Janeiro",503.95
4130,"Fevereiro",348.14
4130,"Março",998.72
4130,"Abril",1155.35
4130,"Maio",376.67
4130,"Junho",924.47
4130,"Julho",116.76
4130,"Agosto",460.03
4130,"Setembro",360.71
4130,"Outubro",928.19
4130,"Novembro",115.24
4130,"Dezembro",103.28
365,"Janeiro",124.48
365,"Fevereiro",93.32
365,"Março",141.16
365,"Abril",326.48
365,"Maio",565.7
365,"Junho",115.79
365,"Julho",481.28
365,"Agosto",1511.71
365,"Setembro",69.09
365,"Outubro",69.31
365,"Novembro",970.21
365,"Dezembro",137.29
8093,"Janeiro",405.63
8093,"Fevereiro",700.99
8093,"Março",81.89
8093,"Abril",189.31
8093,"Maio",205.26
8093,"Junho",832.64
8093,"Julho",813.66
8093,"Agosto",613.93
8093,"Setembro",947.41
8093,"Outubro",380.49
8093,"Novembro",729.57
8093,"Dezembro",514.49
7987,"Janeiro",1212.61
7987,"Fevereiro",276.17
7987,"Março",199.77
7987,"Abril",768.24
7987,"Maio",1119.82
7987,"Junho",942.53
7987,"Julho",1018.26
7987,"Agosto",78.93
7987,"Setembro",645.46
7987,"Outubro",633.96
7987,"Novembro",719.8
7987,"Dezembro",839.12
3644,"Janeiro",1022.72
3644,"Fevereiro",854.76
3644,"Março",649.59
3644,"Abril",633.31
3644,"Maio",766.47
3644,"Junho",854.09
3644,"Julho",852.19
3644,"Agosto",1377.02
3644,"Setembro",999.2
3644,"Outubro",1375.17
3644,"Novembro",1058.11
3644,"Dezembro",1004.24
4999,"Janeiro",301.37
4999,"Fevereiro",991.82
4999,"Março",921.34
4999,"Abril",1081.61
4999,"Maio",773.62
4999,"Junho",771.42
4999,"Julho",656.34
4999,"Agosto",881.74
4999,"Setembro",608.6
4999,"Outubro",194.52
4999,"Novembro",360.94
4999,"Dezembro",1061.94
4181,"Janeiro",352.38
4181,"Fevereiro",143.47
4181,"Março",15.21
4181,"Abril",751.64
4181,"Maio",512.59
4181,"Junho",810.46
4181,"Julho",306.08
4181,"Agosto",116.92
4181,"Setembro",595.3
4181,"Outubro",1106.12
4181,"Novembro",58.73
4181,"Dezembro",425.83
336,"Janeiro",1304.27
336,"Fevereiro",249.79
336,"Março",395.43
336,"Abril",468.77
336,"Maio",81.2
336,"Junho",1147.88
336,"Julho",737.66
336,"Agosto",317.69
336,"Setembro",265.79
336,"Outubro",20.08
336,"Novembro",184.98
336,"Dezembro",976.96
6953,"Janeiro",978.06
6953,"Fevereiro",439.42
6953,"Março",873.1
6953,"Abril",425.63
6953,"Maio",1323.08
6953,"Junho",524.09
6953,"Julho",549.71
6953,"Agosto",199.18
6953,"Setembro",259.38
6953,"Outubro",284.75
6953,"Novembro",1082.57
6953,"Dezembro",1134.23
6326,"Janeiro",449.28
6326,"Fevereiro",542.96
6326,"Março",1022.16
6326,"Abril",965.1
6326,"Maio",509.14
6326,"Junho",560.48
6326,"Julho",283.97
6326,"Agosto",646.05
6326,"Setembro",607.22
6326,"Outubro",1062.23
6326,"Novembro",18.87
6326,"Dezembro",1039.09
1004,"Janeiro",541.15
1004,"Fevereiro",587.43
1004,"Março",836.97
1004,"Abril",747.75
1004,"Maio",546.86
1004,"Junho",851.67
1004,"Julho",174.44
1004,"Agosto",104.32
1004,"Setembro",917.94
1004,"Outubro",2.16
1004,"Novembro",430.63
1004,"Dezembro",1502.95
7943,"Janeiro",1333.07
7943,"Fevereiro",724.25
7943,"Março",808.46
7943,"Abril",356.39
7943,"Maio",168.69
7943,"Junho",462.93
7943,"Julho",999.98
7943,"Agosto",1306
7943,"Setembro",339.38
7943,"Outubro",833.44
7943,"Novembro",165.93
7943,"Dezembro",586.39
5942,"Janeiro",1262.02
5942,"Fevereiro",562.77
5942,"Março",470.17
5942,"Abril",107.16
5942,"Maio",200.69
5942,"Junho",22.21
5942,"Julho",738.1
5942,"Agosto",477.45
5942,"Setembro",1042.93
5942,"Outubro",498.69
5942,"Novembro",188.23
5942,"Dezembro",546.84
7316,"Janeiro",51.66
7316,"Fevereiro",683.18
7316,"Março",589.44
7316,"Abril",1198.3
7316,"Maio",1325.76
7316,"Junho",179.06
7316,"Julho",444.51
7316,"Agosto",786.35
7316,"Setembro",146.8
7316,"Outubro",151.49
7316,"Novembro",1015.15
7316,"Dezembro",1059.46
7785,"Janeiro",250.22
7785,"Fevereiro",584.35
7785,"Março",1384.95
7785,"Abril",632.24
7785,"Maio",366.63
7785,"Junho",378.69
7785,"Julho",450.53
7785,"Agosto",945.96
7785,"Setembro",535.17
7785,"Outubro",2.99
7785,"Novembro",1365.49
7785,"Dezembro",49.03
9522,"Janeiro",1326.21
9522,"Fevereiro",1047.79
9522,"Março",192.93
9522,"Abril",1160.65
9522,"Maio",306.67
9522,"Junho",246.4
9522,"Julho",245.57
9522,"Agosto",1318.2
9522,"Setembro",728.03
9522,"Outubro",765.16
9522,"Novembro",175.17
9522,"Dezembro",942.89
7359,"Janeiro",325.5
7359,"Fevereiro",263.29
7359,"Março",286.55
7359,"Abril",576.15
7359,"Maio",603.13
7359,"Junho",118.2
7359,"Julho",382.56
7359,"Agosto",543.15
7359,"Setembro",718.35
7359,"Outubro",776.31
7359,"Novembro",229.83
7359,"Dezembro",937.37
5934,"Janeiro",957.51
5934,"Fevereiro",366.8
5934,"Março",291.19
5934,"Abril",852.21
5934,"Maio",543.52
5934,"Junho",1183.91
5934,"Julho",438.23
5934,"Agosto",360.14
5934,"Setembro",292.43
5934,"Outubro",501.56
5934,"Novembro",437.47
5934,"Dezembro",320.23
1661,"Janeiro",14.93
1661,"Fevereiro",705.66
1661,"Março",559.88
1661,"Abril",649.71
1661,"Maio",210.15
1661,"Junho",588.64
1661,"Julho",172.01
1661,"Agosto",756.89
1661,"Setembro",885.58
1661,"Outubro",112.59
1661,"Novembro",254.77
1661,"Dezembro",690.2
1940,"Janeiro",462.57
1940,"Fevereiro",1067.02
1940,"Março",1173.99
1940,"Abril",756.17
1940,"Maio",948.54
1940,"Junho",867.07
1940,"Julho",840.48
1940,"Agosto",497.62
1940,"Setembro",693.48
1940,"Outubro",332.31
1940,"Novembro",1081.53
1940,"Dezembro",1076.07
7138,"Janeiro",749.66
7138,"Fevereiro",295.11
7138,"Março",444.6
7138,"Abril",492.42
7138,"Maio",265.83
7138,"Junho",968.4
7138,"Julho",1428.18
7138,"Agosto",837.52
7138,"Setembro",32.67
7138,"Outubro",296.14
7138,"Novembro",228.91
7138,"Dezembro",579.62
1958,"Janeiro",1142.39
1958,"Fevereiro",31.09
1958,"Março",1053.91
1958,"Abril",422.84
1958,"Maio",806.82
1958,"Junho",688.91
1958,"Julho",261.36
1958,"Agosto",425.26
1958,"Setembro",211.28
1958,"Outubro",22.13
1958,"Novembro",568.97
1958,"Dezembro",1083.99
6691,"Janeiro",890.19
6691,"Fevereiro",221.16
6691,"Março",745.35
6691,"Abril",827.76
6691,"Maio",1102.66
6691,"Junho",986.18
6691,"Julho",268.1
6691,"Agosto",696.05
6691,"Setembro",476.14
6691,"Outubro",908.72
6691,"Novembro",569.62
6691,"Dezembro",214.11
9243,"Janeiro",206.41
9243,"Fevereiro",519.18
9243,"Março",92.56
9243,"Abril",661.47
9243,"Maio",179.07
9243,"Junho",731.06
9243,"Julho",1037.48
9243,"Agosto",141.57
9243,"Setembro",190.93
9243,"Outubro",854.77
9243,"Novembro",306.25
9243,"Dezembro",153.89
6800,"Janeiro",1369.12
6800,"Fevereiro",108.22
6800,"Março",841.63
6800,"Abril",291.5
6800,"Maio",579.27
6800,"Junho",784.09
6800,"Julho",1280.6
6800,"Agosto",261.22
6800,"Setembro",833.76
6800,"Outubro",703.76
6800,"Novembro",1004.94
6800,"Dezembro",433.34
8921,"Janeiro",210.89
8921,"Fevereiro",676.69
8921,"Março",280.33
8921,"Abril",676.4
8921,"Maio",379.1
8921,"Junho",556.95
8921,"Julho",630.53
8921,"Agosto",1203.14
8921,"Setembro",109.15
8921,"Outubro",205.87
8921,"Novembro",815.41
8921,"Dezembro",928.22
6536,"Janeiro",894.24
6536,"Fevereiro",24.21
6536,"Março",748.45
6536,"Abril",168.33
6536,"Maio",844.42
6536,"Junho",630.43
6536,"Julho",22.53
6536,"Agosto",705.84
6536,"Setembro",503.43
6536,"Outubro",466.88
6536,"Novembro",767.08
6536,"Dezembro",215.57
4624,"Janeiro",587.79
4624,"Fevereiro",43.55
4624,"Março",12.47
4624,"Abril",841.6
4624,"Maio",487.91
4624,"Junho",852.25
4624,"Julho",886.53
4624,"Agosto",638.12
4624,"Setembro",596.29
4624,"Outubro",1312.84
4624,"Novembro",712.67
4624,"Dezembro",631.64
5404,"Janeiro",1257.99
5404,"Fevereiro",839.2
5404,"Março",31.85
5404,"Abril",251.37
5404,"Maio",454.48
5404,"Junho",406.4
5404,"Julho",654.56
5404,"Agosto",63.32
5404,"Setembro",787.38
5404,"Outubro",613.75
5404,"Novembro",206.51
5404,"Dezembro",308.87
998,"Janeiro",860.18
998,"Fevereiro",384.19
998,"Março",1047.45
998,"Abril",227.01
998,"Maio",961.08
998,"Junho",867.5
998,"Julho",432.7
998,"Agosto",246.68
998,"Setembro",438.47
998,"Outubro",1029.29
998,"Novembro",0.8
998,"Dezembro",891.47
7394,"Janeiro",689.96
7394,"Fevereiro",189.14
7394,"Março",883.38
7394,"Abril",839.26
7394,"Maio",679.96
7394,"Junho",122.13
7394,"Julho",1293.03
7394,"Agosto",407.18
7394,"Setembro",779.27
7394,"Outubro",1317.38
7394,"Novembro",1044.95
7394,"Dezembro",873.32
333,"Janeiro",684.21
333,"Fevereiro",666.83
333,"Março",406.95
333,"Abril",488.19
333,"Maio",296.26
333,"Junho",723.63
333,"Julho",950.81
333,"Agosto",717.03
333,"Setembro",748.89
333,"Outubro",157.55
333,"Novembro",585.86
333,"Dezembro",1077.28
6145,"Janeiro",688.4
6145,"Fevereiro",85.64
6145,"Março",940.64
6145,"Abril",897.89
6145,"Maio",522.68
6145,"Junho",569.83
6145,"Julho",1169.45
6145,"Agosto",790.37
6145,"Setembro",226.33
6145,"Outubro",284.22
6145,"Novembro",415.06
6145,"Dezembro",309.82
6417,"Janeiro",210.38
6417,"Fevereiro",347.84
6417,"Março",355.11
6417,"Abril",171.25
6417,"Maio",716.98
6417,"Junho",1203.07
6417,"Julho",488.3
6417,"Agosto",1131.34
6417,"Setembro",689.25
6417,"Outubro",57.11
6417,"Novembro",219.84
6417,"Dezembro",343.06
2799,"Janeiro",497.52
2799,"Fevereiro",170.19
2799,"Março",841.92
2799,"Abril",382.94
2799,"Maio",901.45
2799,"Junho",455.42
2799,"Julho",329.6
2799,"Agosto",606.86
2799,"Setembro",802.52
2799,"Outubro",787.02
2799,"Novembro",326.68
2799,"Dezembro",460.17
8752,"Janeiro",531.22
8752,"Fevereiro",754.42
8752,"Março",473.65
8752,"Abril",1097.94
8752,"Maio",354.86
8752,"Junho",155.24
8752,"Julho",715.07
8752,"Agosto",845.87
8752,"Setembro",623.25
8752,"Outubro",467.94
8752,"Novembro",506.58
8752,"Dezembro",179.54
7604,"Janeiro",1319.78
7604,"Fevereiro",968.76
7604,"Março",363.23
7604,"Abril",878.02
7604,"Maio",986.95
7604,"Junho",662.11
7604,"Julho",689.36
7604,"Agosto",674.2
7604,"Setembro",886.35
7604,"Outubro",419.23
7604,"Novembro",933.6
7604,"Dezembro",1119.47
4044,"Janeiro",1040.17
4044,"Fevereiro",439.65
4044,"Março",529.21
4044,"Abril",1422.81
4044,"Maio",251.34
4044,"Junho",1172.81
4044,"Julho",11.69
4044,"Agosto",873.14
4044,"Setembro",552.98
4044,"Outubro",1300.37
4044,"Novembro",6.94
4044,"Dezembro",253.7
8515,"Janeiro",382.22
8515,"Fevereiro",779.14
8515,"Março",291.64
8515,"Abril",287.01
8515,"Maio",248.76
8515,"Junho",721.89
8515,"Julho",791.54
8515,"Agosto",811.65
8515,"Setembro",953.44
8515,"Outubro",808.31
8515,"Novembro",437.47
8515,"Dezembro",706.06
8764,"Janeiro",314.28
8764,"Fevereiro",204.33
8764,"Março",325.72
8764,"Abril",607.31
8764,"Maio",28.88
8764,"Junho",548.13
8764,"Julho",377.82
8764,"Agosto",571.69
8764,"Setembro",1218.14
8764,"Outubro",432.75
8764,"Novembro",1159.83
8764,"Dezembro",222.97
1451,"Janeiro",470.99
1451,"Fevereiro",900.09
1451,"Março",612.16
1451,"Abril",335.25
1451,"Maio",882.25
1451,"Junho",422.19
1451,"Julho",318.99
1451,"Agosto",496.25
1451,"Setembro",1056.07
1451,"Outubro",828.51
1451,"Novembro",374.12
1451,"Dezembro",429.26
9021,"Janeiro",58.9
9021,"Fevereiro",541.81
9021,"Março",605.02
9021,"Abril",744.59
9021,"Maio",1270.69
9021,"Junho",124.53
9021,"Julho",339.99
9021,"Agosto",936.37
9021,"Setembro",690.74
9021,"Outubro",1031.79
9021,"Novembro",351.47
9021,"Dezembro",796.52
387,"Janeiro",48.11
387,"Fevereiro",784.06
387,"Março",485.91
387,"Abril",1294.3
387,"Maio",776.68
387,"Junho",338.11
387,"Julho",453.73
387,"Agosto",1111.6
387,"Setembro",292.83
387,"Outubro",1166.34
387,"Novembro",583.46
387,"Dezembro",196.65
518,"Janeiro",235.96
518,"Fevereiro",681.14
518,"Março",709.42
518,"Abril",936.27
518,"Maio",1033.57
518,"Junho",427.12
518,"Julho",427.85
518,"Agosto",45.31
518,"Setembro",867.13
518,"Outubro",238.17
518,"Novembro",604.07
518,"Dezembro",314.55
1105,"Janeiro",894.41
1105,"Fevereiro",204.09
1105,"Março",1043.65
1105,"Abril",1436.59
1105,"Maio",547.15
1105,"Junho",559.81
1105,"Julho",575.16
1105,"Agosto",701.21
1105,"Setembro",968.81
1105,"Outubro",646.37
1105,"Novembro",51.17
1105,"Dezembro",19.75
4658,"Janeiro",373.15
4658,"Fevereiro",57.83
4658,"Março",1146.83
4658,"Abril",860.07
4658,"Maio",552.85
4658,"Junho",47.41
4658,"Julho",612.04
4658,"Agosto",707.37
4658,"Setembro",587.86
4658,"Outubro",477.46
4658,"Novembro",337.76
4658,"Dezembro",416.89
3647,"Janeiro",1010.77
3647,"Fevereiro",583.44
3647,"Março",264.48
3647,"Abril",392.49
3647,"Maio",56.02
3647,"Junho",89.52
3647,"Julho",487.55
3647,"Agosto",133.7
3647,"Setembro",904.85
3647,"Outubro",640.62
3647,"Novembro",621.46
3647,"Dezembro",491.94
3231,"Janeiro",119.98
3231,"Fevereiro",793.84
3231,"Março",98.02
3231,"Abril",354.75
3231,"Maio",633.35
3231,"Junho",791.58
3231,"Julho",471.19
3231,"Agosto",904.55
3231,"Setembro",678.13
3231,"Outubro",348.52
3231,"Novembro",437.38
3231,"Dezembro",394.22
9558,"Janeiro",978.27
9558,"Fevereiro",525.44
9558,"Março",770.98
9558,"Abril",218.37
9558,"Maio",771.32
9558,"Junho",752.5
9558,"Julho",319.35
9558,"Agosto",1139.1
9558,"Setembro",865.51
9558,"Outubro",733.52
9558,"Novembro",576.64
9558,"Dezembro",1063.74
1654,"Janeiro",798.1
1654,"Fevereiro",783.86
1654,"Março",391.44
1654,"Abril",557.17
1654,"Maio",594.35
1654,"Junho",749.5
1654,"Julho",534.33
1654,"Agosto",1088.03
1654,"Setembro",482.45
1654,"Outubro",1055.28
1654,"Novembro",581.06
1654,"Dezembro",500.55
1623,"Janeiro",808
1623,"Fevereiro",345.26
1623,"Março",481.17
1623,"Abril",143.95
1623,"Maio",1066.65
1623,"Junho",470.63
1623,"Julho",171.08
1623,"Agosto",79.92
1623,"Setembro",612.97
1623,"Outubro",148.24
1623,"Novembro",207.68
1623,"Dezembro",818.09
4354,"Janeiro",164.09
4354,"Fevereiro",991.91
4354,"Março",559.2
4354,"Abril",149.2
4354,"Maio",105.98
4354,"Junho",211.5
4354,"Julho",434.83
4354,"Agosto",975.23
4354,"Setembro",955.51
4354,"Outubro",1196.13
4354,"Novembro",618.8
4354,"Dezembro",775.21
6573,"Janeiro",821.17
6573,"Fevereiro",260.95
6573,"Março",605.44
6573,"Abril",940.17
6573,"Maio",664.35
6573,"Junho",209.34
6573,"Julho",403.49
6573,"Agosto",1123.83
6573,"Setembro",1009.61
6573,"Outubro",1103.43
6573,"Novembro",1209.74
6573,"Dezembro",813.77
1013,"Janeiro",1235.86
1013,"Fevereiro",274.82
1013,"Março",364.15
1013,"Abril",472.33
1013,"Maio",236.85
1013,"Junho",217.54
1013,"Julho",1100.23
1013,"Agosto",365.67
1013,"Setembro",216.25
1013,"Outubro",81.35
1013,"Novembro",646.23
1013,"Dezembro",1.08
7576,"Janeiro",871.58
7576,"Fevereiro",634.24
7576,"Março",287.68
7576,"Abril",724.98
7576,"Maio",590.18
7576,"Junho",699.45
7576,"Julho",370.73
7576,"Agosto",431.43
7576,"Setembro",9.98
7576,"Outubro",843.26
7576,"Novembro",378.01
7576,"Dezembro",126.18
4969,"Janeiro",59.21
4969,"Fevereiro",138.57
4969,"Março",747.03
4969,"Abril",404.97
4969,"Maio",50.61
4969,"Junho",388.03
4969,"Julho",109.63
4969,"Agosto",1344.07
4969,"Setembro",723.04
4969,"Outubro",507.91
4969,"Novembro",266.78
4969,"Dezembro",78.36
427,"Janeiro",1174.8
427,"Fevereiro",530.14
427,"Março",221.91
427,"Abril",340.19
427,"Maio",609.51
427,"Junho",461.91
427,"Julho",1002.43
427,"Agosto",1153.88
427,"Setembro",285.26
427,"Outubro",684.83
427,"Novembro",337.83
427,"Dezembro",429.56
1544,"Janeiro",548.54
1544,"Fevereiro",1164.98
1544,"Março",828.93
1544,"Abril",451.58
1544,"Maio",263.59
1544,"Junho",575.24
1544,"Julho",1247.7
1544,"Agosto",1466.9
1544,"Setembro",1151.53
1544,"Outubro",834.12
1544,"Novembro",653.72
1544,"Dezembro",464.83
4047,"Janeiro",80.58
4047,"Fevereiro",868.27
4047,"Março",381.99
4047,"Abril",600.76
4047,"Maio",983.11
4047,"Junho",739.68
4047,"Julho",483.27
4047,"Agosto",429.52
4047,"Setembro",316.27
4047,"Outubro",840.03
4047,"Novembro",683.95
4047,"Dezembro",272.52
3782,"Janeiro",4.52
3782,"Fevereiro",324.59
3782,"Março",174.67
3782,"Abril",794.02
3782,"Maio",1104.37
3782,"Junho",235.46
3782,"Julho",22.19
3782,"Agosto",906.78
3782,"Setembro",592.11
3782,"Outubro",568.44
3782,"Novembro",965.14
3782,"Dezembro",429.86
8847,"Janeiro",1237.53
8847,"Fevereiro",720.35
8847,"Março",670.77
8847,"Abril",942
8847,"Maio",1077.67
8847,"Junho",1223.05
8847,"Julho",274.53
8847,"Agosto",31.63
8847,"Setembro",1047.03
8847,"Outubro",374.24
8847,"Novembro",4.58
8847,"Dezembro",1085.2
9475,"Janeiro",316.42
9475,"Fevereiro",1420.61
9475,"Março",1456.27
9475,"Abril",833.66
9475,"Maio",911.33
9475,"Junho",85.16
9475,"Julho",640.77
9475,"Agosto",1005.25
9475,"Setembro",39.73
9475,"Outubro",875.56
9475,"Novembro",231.69
9475,"Dezembro",1259.86
3614,"Janeiro",314.38
3614,"Fevereiro",791.35
3614,"Março",894.19
3614,"Abril",304.35
3614,"Maio",500.01
3614,"Junho",718.09
3614,"Julho",520.12
3614,"Agosto",798.62
3614,"Setembro",1465.87
3614,"Outubro",1.52
3614,"Novembro",54.96
3614,"Dezembro",583.41
2492,"Janeiro",864.05
2492,"Fevereiro",163.43
2492,"Março",801.23
2492,"Abril",430.12
2492,"Maio",1003.76
2492,"Junho",702.59
2492,"Julho",449.14
2492,"Agosto",1266.23
2492,"Setembro",777.27
2492,"Outubro",1193.96
2492,"Novembro",1365.82
2492,"Dezembro",353.27
5725,"Janeiro",238.09
5725,"Fevereiro",1100.57
5725,"Março",457.64
5725,"Abril",952.18
5725,"Maio",779.41
5725,"Junho",15.29
5725,"Julho",113
5725,"Agosto",893.66
5725,"Setembro",625.66
5725,"Outubro",855.99
5725,"Novembro",821.38
5725,"Dezembro",239.58
3467,"Janeiro",810.88
3467,"Fevereiro",81.41
3467,"Março",243.68
3467,"Abril",1303.14
3467,"Maio",1150.73
3467,"Junho",901.59
3467,"Julho",466.47
3467,"Agosto",156.29
3467,"Setembro",306.3
3467,"Outubro",563.95
3467,"Novembro",508.44
3467,"Dezembro",922.22
9152,"Janeiro",483.02
9152,"Fevereiro",423.41
9152,"Março",763.87
9152,"Abril",531.19
9152,"Maio",786.57
9152,"Junho",225.24
9152,"Julho",484.18
9152,"Agosto",661.14
9152,"Setembro",115.71
9152,"Outubro",981.51
9152,"Novembro",206.04
9152,"Dezembro",649.23
9187,"Janeiro",80.18
9187,"Fevereiro",1343.89
9187,"Março",292.77
9187,"Abril",852.13
9187,"Maio",324.5
9187,"Junho",87.8
9187,"Julho",191.19
9187,"Agosto",1022.69
9187,"Setembro",61.42
9187,"Outubro",61.96
9187,"Novembro",887.71
9187,"Dezembro",497.41
5300,"Janeiro",435.08
5300,"Fevereiro",507.45
5300,"Março",669.11
5300,"Abril",986.46
5300,"Maio",1136.7
5300,"Junho",804.75
5300,"Julho",307.02
5300,"Agosto",736.47
5300,"Setembro",1172.78
5300,"Outubro",689.8
5300,"Novembro",484.07
5300,"Dezembro",828.16
7492,"Janeiro",803.61
7492,"Fevereiro",420.22
7492,"Março",1057.67
7492,"Abril",235.89
7492,"Maio",729.6
7492,"Junho",636.86
7492,"Julho",1081.37
7492,"Agosto",1150.7
7492,"Setembro",334.03
7492,"Outubro",1090.38
7492,"Novembro",796.64
7492,"Dezembro",623.48
3924,"Janeiro",1442.2
3924,"Fevereiro",102.17
3924,"Março",1285.33
3924,"Abril",538.42
3924,"Maio",382.77
3924,"Junho",1067.55
3924,"Julho",831.29
3924,"Agosto",246.29
3924,"Setembro",389.03
3924,"Outubro",317.26
3924,"Novembro",1095.64
3924,"Dezembro",86.96
4511,"Janeiro",403.99
4511,"Fevereiro",109.76
4511,"Março",256.93
4511,"Abril",173.16
4511,"Maio",987.27
4511,"Junho",694.16
4511,"Julho",179.16
4511,"Agosto",66.69
4511,"Setembro",31.64
4511,"Outubro",695.15
4511,"Novembro",507.56
4511,"Dezembro",127.65
269,"Janeiro",35.42
269,"Fevereiro",940.89
269,"Março",334.1
269,"Abril",701.24
269,"Maio",619.76
269,"Junho",151.31
269,"Julho",762.8
269,"Agosto",439.76
269,"Setembro",296.21
269,"Outubro",1140.56
269,"Novembro",510.24
269,"Dezembro",283.09
9780,"Janeiro",438.36
9780,"Fevereiro",125.34
9780,"Março",1006.22
9780,"Abril",453.56
9780,"Maio",393.72
9780,"Junho",623.97
9780,"Julho",1373.52
9780,"Agosto",872.22
9780,"Setembro",397.65
9780,"Outubro",1456.45
9780,"Novembro",10.03
9780,"Dezembro",806.81
8229,"Janeiro",386.66
8229,"Fevereiro",705.61
8229,"Março",931.41
8229,"Abril",50.91
8229,"Maio",1112.51
8229,"Junho",21.22
8229,"Julho",69.78
8229,"Agosto",487.49
8229,"Setembro",447.02
8229,"Outubro",196.19
8229,"Novembro",1258.93
8229,"Dezembro",914.08
9151,"Janeiro",616.7
9151,"Fevereiro",11.93
9151,"Março",974.2
9151,"Abril",101.71
9151,"Maio",894.61
9151,"Junho",378.24
9151,"Julho",865.53
9151,"Agosto",1186.44
9151,"Setembro",800.79
9151,"Outubro",779.42
9151,"Novembro",624.42
9151,"Dezembro",709.54
3272,"Janeiro",5.68
3272,"Fevereiro",655.28
3272,"Março",5.96
3272,"Abril",6.14
3272,"Maio",1383.96
3272,"Junho",480.6
3272,"Julho",69.07
3272,"Agosto",76.84
3272,"Setembro",588.79
3272,"Outubro",679.25
3272,"Novembro",1093.6
3272,"Dezembro",588.7
5717,"Janeiro",912.24
5717,"Fevereiro",109.45
5717,"Março",29.32
5717,"Abril",756.77
5717,"Maio",466.26
5717,"Junho",1337.05
5717,"Julho",398.01
5717,"Agosto",357.85
5717,"Setembro",526.93
5717,"Outubro",926.99
5717,"Novembro",585.37
5717,"Dezembro",1392.27
3423,"Janeiro",1203.66
3423,"Fevereiro",979.76
3423,"Março",479.18
3423,"Abril",625.26
3423,"Maio",560.22
3423,"Junho",677.42
3423,"Julho",68.96
3423,"Agosto",499.93
3423,"Setembro",788.21
3423,"Outubro",778.48
3423,"Novembro",501.91
3423,"Dezembro",926.83
9392,"Janeiro",803.08
9392,"Fevereiro",537.63
9392,"Março",491.56
9392,"Abril",328.52
9392,"Maio",168.83
9392,"Junho",627.64
9392,"Julho",120.23
9392,"Agosto",143
9392,"Setembro",1322.14
9392,"Outubro",336.67
9392,"Novembro",565.13
9392,"Dezembro",298.2
6620,"Janeiro",505.43
6620,"Fevereiro",1211.74
6620,"Março",78.42
6620,"Abril",818.33
6620,"Maio",570.35
6620,"Junho",1536.18
6620,"Julho",236.34
6620,"Agosto",91.74
6620,"Setembro",372.26
6620,"Outubro",1095.95
6620,"Novembro",1125.89
6620,"Dezembro",630.53
5712,"Janeiro",1183.17
5712,"Fevereiro",216.05
5712,"Março",711.72
5712,"Abril",842.34
5712,"Maio",136.76
5712,"Junho",281.91
5712,"Julho",923.21
5712,"Agosto",934.15
5712,"Setembro",193.15
5712,"Outubro",549.86
5712,"Novembro",297.47
5712,"Dezembro",1377.63
4362,"Janeiro",1068.31
4362,"Fevereiro",71.71
4362,"Março",701.95
4362,"Abril",590.26
4362,"Maio",532.33
4362,"Junho",590.8
4362,"Julho",347.08
4362,"Agosto",74.68
4362,"Setembro",643.6
4362,"Outubro",317.42
4362,"Novembro",283.19
4362,"Dezembro",343.53
2285,"Janeiro",286.72
2285,"Fevereiro",726.35
2285,"Março",54.51
2285,"Abril",103.45
2285,"Maio",375.64
2285,"Junho",570.3
2285,"Julho",326.01
2285,"Agosto",49.13
2285,"Setembro",672.05
2285,"Outubro",47.65
2285,"Novembro",351.32
2285,"Dezembro",737.11
9081,"Janeiro",870.98
9081,"Fevereiro",771.69
9081,"Março",176.86
9081,"Abril",391.62
9081,"Maio",446.18
9081,"Junho",63.75
9081,"Julho",720.24
9081,"Agosto",100.88
9081,"Setembro",577.26
9081,"Outubro",187.85
9081,"Novembro",356.05
9081,"Dezembro",1093.76
3878,"Janeiro",4.23
3878,"Fevereiro",577.79
3878,"Março",115.92
3878,"Abril",435.86
3878,"Maio",419.96
3878,"Junho",324.02
3878,"Julho",1296.83
3878,"Agosto",637.55
3878,"Setembro",62.26
3878,"Outubro",564.56
3878,"Novembro",877.6
3878,"Dezembro",175.91
4254,"Janeiro",420.66
4254,"Fevereiro",416.13
4254,"Março",260.29
4254,"Abril",157.71
4254,"Maio",515.95
4254,"Junho",449.02
4254,"Julho",502.08
4254,"Agosto",1150.15
4254,"Setembro",747.1
4254,"Outubro",77.69
4254,"Novembro",287.01
4254,"Dezembro",185.27
4506,"Janeiro",1079.35
4506,"Fevereiro",927.12
4506,"Março",1012.37
4506,"Abril",448.31
4506,"Maio",134.5
4506,"Junho",347.27
4506,"Julho",756.32
4506,"Agosto",1334.79
4506,"Setembro",249.15
4506,"Outubro",78.5
4506,"Novembro",1054.31
4506,"Dezembro",305.34
6317,"Janeiro",392.55
6317,"Fevereiro",65.64
6317,"Março",1338.16
6317,"Abril",806.71
6317,"Maio",553.48
6317,"Junho",492.38
6317,"Julho",177.4
6317,"Agosto",605.5
6317,"Setembro",966.83
6317,"Outubro",962.53
6317,"Novembro",947.78
6317,"Dezembro",156.61
351,"Janeiro",640.84
351,"Fevereiro",693.21
351,"Março",81.85
351,"Abril",738.54
351,"Maio",910.33
351,"Junho",503.71
351,"Julho",1373.31
351,"Agosto",348.42
351,"Setembro",679.9
351,"Outubro",471.66
351,"Novembro",560.18
351,"Dezembro",212.14
6142,"Janeiro",132.2
6142,"Fevereiro",649.69
6142,"Março",575.79
6142,"Abril",838.21
6142,"Maio",331.27
6142,"Junho",478.87
6142,"Julho",978.48
6142,"Agosto",903.9
6142,"Setembro",691.91
6142,"Outubro",773.38
6142,"Novembro",52.01
6142,"Dezembro",217.27
7498,"Janeiro",516.74
7498,"Fevereiro",813.4
7498,"Março",1346.03
7498,"Abril",714.06
7498,"Maio",1203.14
7498,"Junho",667.22
7498,"Julho",577.84
7498,"Agosto",221.45
7498,"Setembro",69.46
7498,"Outubro",584.79
7498,"Novembro",949.97
7498,"Dezembro",798.92
4030,"Janeiro",605.72
4030,"Fevereiro",698.52
4030,"Março",293.24
4030,"Abril",537.56
4030,"Maio",192.28
4030,"Junho",188.86
4030,"Julho",1214.03
4030,"Agosto",520.1
4030,"Setembro",1.05
4030,"Outubro",44.57
4030,"Novembro",395.54
4030,"Dezembro",288.49
576,"Janeiro",776.99
576,"Fevereiro",730.74
576,"Março",350.21
576,"Abril",446.63
576,"Maio",1014.74
576,"Junho",362.64
576,"Julho",986.71
576,"Agosto",731.8
576,"Setembro",395.82
576,"Outubro",994.61
576,"Novembro",211.99
576,"Dezembro",1341.51
1429,"Janeiro",510.47
1429,"Fevereiro",566.26
1429,"Março",1323.96
1429,"Abril",652.29
1429,"Maio",256.91
1429,"Junho",14.19
1429,"Julho",431.71
1429,"Agosto",204.05
1429,"Setembro",310.88
1429,"Outubro",305.68
1429,"Novembro",410.6
1429,"Dezembro",742.97
4386,"Janeiro",883.09
4386,"Fevereiro",1302.31
4386,"Março",1168.59
4386,"Abril",643.44
4386,"Maio",552.69
4386,"Junho",875.39
4386,"Julho",715.07
4386,"Agosto",602.8
4386,"Setembro",1430.82
4386,"Outubro",1303.66
4386,"Novembro",337.13
4386,"Dezembro",751.84
4360,"Janeiro",851.91
4360,"Fevereiro",864.44
4360,"Março",100.62
4360,"Abril",833.59
4360,"Maio",551.89
4360,"Junho",438.44
4360,"Julho",1031.01
4360,"Agosto",576.27
4360,"Setembro",657.61
4360,"Outubro",483.02
4360,"Novembro",7.61
4360,"Dezembro",472.03
1690,"Janeiro",305.8
1690,"Fevereiro",126.46
1690,"Março",391.08
1690,"Abril",595.02
1690,"Maio",160.94
1690,"Junho",353.42
1690,"Julho",869.48
1690,"Agosto",922.87
1690,"Setembro",119.47
1690,"Outubro",71.23
1690,"Novembro",34.07
1690,"Dezembro",979.17
7742,"Janeiro",885.53
7742,"Fevereiro",756.86
7742,"Março",973.6
7742,"Abril",593.06
7742,"Maio",1173.27
7742,"Junho",1270.58
7742,"Julho",205.96
7742,"Agosto",316.85
7742,"Setembro",552.97
7742,"Outubro",733.71
7742,"Novembro",686.12
7742,"Dezembro",415.98
7914,"Janeiro",158.52
7914,"Fevereiro",461.15
7914,"Março",1057.91
7914,"Abril",126.17
7914,"Maio",226.64
7914,"Junho",57.63
7914,"Julho",361.05
7914,"Agosto",299.37
7914,"Setembro",567.64
7914,"Outubro",286.65
7914,"Novembro",58.27
7914,"Dezembro",189.17
6588,"Janeiro",826.97
6588,"Fevereiro",774
6588,"Março",107.03
6588,"Abril",1110.54
6588,"Maio",510.68
6588,"Junho",1024.23
6588,"Julho",662.72
6588,"Agosto",878.91
6588,"Setembro",778.91
6588,"Outubro",941.62
6588,"Novembro",287.53
6588,"Dezembro",213.57
5210,"Janeiro",992.79
5210,"Fevereiro",524.86
5210,"Março",750.36
5210,"Abril",916.6
5210,"Maio",180.64
5210,"Junho",177.06
5210,"Julho",144.08
5210,"Agosto",1396.29
5210,"Setembro",1235.71
5210,"Outubro",588.1
5210,"Novembro",337.98
5210,"Dezembro",703.77
5334,"Janeiro",44.84
5334,"Fevereiro",689.23
5334,"Março",595.54
5334,"Abril",728.58
5334,"Maio",675.9
5334,"Junho",119.22
5334,"Julho",439.59
5334,"Agosto",194.79
5334,"Setembro",718.13
5334,"Outubro",795.87
5334,"Novembro",889.07
5334,"Dezembro",65.72
717,"Janeiro",58.65
717,"Fevereiro",949.67
717,"Março",99.29
717,"Abril",953.34
717,"Maio",82.14
717,"Junho",651.55
717,"Julho",1371.44
717,"Agosto",72.96
717,"Setembro",712.55
717,"Outubro",182.95
717,"Novembro",298.09
717,"Dezembro",1007.29
9624,"Janeiro",352.59
9624,"Fevereiro",234.68
9624,"Março",658.25
9624,"Abril",240.28
9624,"Maio",406
9624,"Junho",1028.94
9624,"Julho",445.49
9624,"Agosto",61.43
9624,"Setembro",289.94
9624,"Outubro",1279.9
9624,"Novembro",391.76
9624,"Dezembro",1120.38
9864,"Janeiro",1056.25
9864,"Fevereiro",144.07
9864,"Março",138.94
9864,"Abril",786.8
9864,"Maio",533.34
9864,"Junho",946.39
9864,"Julho",225.38
9864,"Agosto",979.45
9864,"Setembro",577.1
9864,"Outubro",70.24
9864,"Novembro",537.79
9864,"Dezembro",816.54
3612,"Janeiro",846.54
3612,"Fevereiro",606.29
3612,"Março",157.17
3612,"Abril",606.38
3612,"Maio",779.66
3612,"Junho",346.1
3612,"Julho",176.78
3612,"Agosto",117.62
3612,"Setembro",32.18
3612,"Outubro",77.11
3612,"Novembro",660.43
3612,"Dezembro",446.76
5385,"Janeiro",1330.85
5385,"Fevereiro",627.41
5385,"Março",368.76
5385,"Abril",1193.26
5385,"Maio",593.52
5385,"Junho",333.14
5385,"Julho",369.59
5385,"Agosto",820.28
5385,"Setembro",284.79
5385,"Outubro",20.96
5385,"Novembro",186.75
5385,"Dezembro",417.05
9952,"Janeiro",163.49
9952,"Fevereiro",940.77
9952,"Março",933.45
9952,"Abril",1029.4
9952,"Maio",1221.48
9952,"Junho",637.39
9952,"Julho",868.09
9952,"Agosto",531
9952,"Setembro",774.92
9952,"Outubro",781.46
9952,"Novembro",14.16
9952,"Dezembro",232.41
7342,"Janeiro",51.47
7342,"Fevereiro",1145.96
7342,"Março",489.31
7342,"Abril",31.81
7342,"Maio",428.88
7342,"Junho",674.6
7342,"Julho",654.78
7342,"Agosto",527.13
7342,"Setembro",702.98
7342,"Outubro",756.74
7342,"Novembro",428.13
7342,"Dezembro",832.14
9972,"Janeiro",1.5
9972,"Fevereiro",1198.41
9972,"Março",722.15
9972,"Abril",788.1
9972,"Maio",852.11
9972,"Junho",851.86
9972,"Julho",1279.58
9972,"Agosto",214.09
9972,"Setembro",237.97
9972,"Outubro",498.59
9972,"Novembro",159.69
9972,"Dezembro",244.37
631,"Janeiro",184.14
631,"Fevereiro",735.92
631,"Março",670.32
631,"Abril",810.07
631,"Maio",222.08
631,"Junho",841.99
631,"Julho",497.44
631,"Agosto",1111.83
631,"Setembro",1178.31
631,"Outubro",1234.26
631,"Novembro",1468.9
631,"Dezembro",291.25
3511,"Janeiro",473.84
3511,"Fevereiro",134.67
3511,"Março",1174.22
3511,"Abril",103.59
3511,"Maio",565.93
3511,"Junho",85.22
3511,"Julho",803.09
3511,"Agosto",178.14
3511,"Setembro",895.4
3511,"Outubro",9.67
3511,"Novembro",89.57
3511,"Dezembro",292.25
8603,"Janeiro",366.49
8603,"Fevereiro",754.92
8603,"Março",2.9
8603,"Abril",670.62
8603,"Maio",638.59
8603,"Junho",989.39
8603,"Julho",1186.23
8603,"Agosto",569.67
8603,"Setembro",432.2
8603,"Outubro",1032.78
8603,"Novembro",7.19
8603,"Dezembro",998.6
348,"Janeiro",584.85
348,"Fevereiro",110.19
348,"Março",395.11
348,"Abril",649.91
348,"Maio",342.76
348,"Junho",15.27
348,"Julho",922.91
348,"Agosto",601.46
348,"Setembro",721.36
348,"Outubro",330.52
348,"Novembro",1235.92
348,"Dezembro",810.78
9134,"Janeiro",470.43
9134,"Fevereiro",763.28
9134,"Março",1085.29
9134,"Abril",912.88
9134,"Maio",545.74
9134,"Junho",420.45
9134,"Julho",643.55
9134,"Agosto",606.01
9134,"Setembro",554.01
9134,"Outubro",182.08
9134,"Novembro",254.91
9134,"Dezembro",1062.14
8460,"Janeiro",368.1
8460,"Fevereiro",982.02
8460,"Março",597.54
8460,"Abril",792.49
8460,"Maio",368.29
8460,"Junho",195.2
8460,"Julho",473.75
8460,"Agosto",446.23
8460,"Setembro",1169.47
8460,"Outubro",903.46
8460,"Novembro",485.63
8460,"Dezembro",804.48
2092,"Janeiro",1153.02
2092,"Fevereiro",179.59
2092,"Março",659.26
2092,"Abril",949.03
2092,"Maio",1324.18
2092,"Junho",670.4
2092,"Julho",386.68
2092,"Agosto",62.24
2092,"Setembro",249.11
2092,"Outubro",886.9
2092,"Novembro",1255.28
2092,"Dezembro",702.77
8699,"Janeiro",301.94
8699,"Fevereiro",186.42
8699,"Março",533.03
8699,"Abril",410.36
8699,"Maio",379.06
8699,"Junho",106.43
8699,"Julho",345.87
8699,"Agosto",58.68
8699,"Setembro",1004.49
8699,"Outubro",175.42
8699,"Novembro",304.23
8699,"Dezembro",459.17
4108,"Janeiro",2.98
4108,"Fevereiro",1144.74
4108,"Março",342.13
4108,"Abril",238.96
4108,"Maio",616.32
4108,"Junho",683.28
4108,"Julho",195.63
4108,"Agosto",645.47
4108,"Setembro",920.96
4108,"Outubro",1007.64
4108,"Novembro",423.19
4108,"Dezembro",430.29
8855,"Janeiro",808.43
8855,"Fevereiro",1031.32
8855,"Março",311.23
8855,"Abril",937.78
8855,"Maio",770.65
8855,"Junho",167.26
8855,"Julho",724.32
8855,"Agosto",172.35
8855,"Setembro",631.99
8855,"Outubro",569.81
8855,"Novembro",968.2
8855,"Dezembro",881.69
6361,"Janeiro",924.65
6361,"Fevereiro",395.51
6361,"Março",1057.26
6361,"Abril",877.97
6361,"Maio",1019.85
6361,"Junho",465.82
6361,"Julho",421.88
6361,"Agosto",621.48
6361,"Setembro",827.93
6361,"Outubro",122.99
6361,"Novembro",793.16
6361,"Dezembro",881.46
319,"Janeiro",673.74
319,"Fevereiro",452.84
319,"Março",515.86
319,"Abril",332.59
319,"Maio",614.55
319,"Junho",1457.96
319,"Julho",649.47
319,"Agosto",739.59
319,"Setembro",927.6
319,"Outubro",712.67
319,"Novembro",129.63
319,"Dezembro",539.55
583,"Janeiro",264.86
583,"Fevereiro",24.92
583,"Março",1197.19
583,"Abril",136.91
583,"Maio",610.92
583,"Junho",515.71
583,"Julho",929.96
583,"Agosto",1145.09
583,"Setembro",661.36
583,"Outubro",691.9
583,"Novembro",602.39
583,"Dezembro",817.48
6162,"Janeiro",937.32
6162,"Fevereiro",404.82
6162,"Março",325.87
6162,"Abril",278.16
6162,"Maio",274.43
6162,"Junho",1165.31
6162,"Julho",222.84
6162,"Agosto",663.82
6162,"Setembro",703.87
6162,"Outubro",124.26
6162,"Novembro",1395.21
6162,"Dezembro",663.99
8722,"Janeiro",187.94
8722,"Fevereiro",226.85
8722,"Março",496.68
8722,"Abril",291.74
8722,"Maio",4.52
8722,"Junho",785.78
8722,"Julho",301.02
8722,"Agosto",100.09
8722,"Setembro",757.98
8722,"Outubro",271.54
8722,"Novembro",373.11
8722,"Dezembro",1230.38
8085,"Janeiro",221.91
8085,"Fevereiro",517.51
8085,"Março",636.19
8085,"Abril",242.99
8085,"Maio",1043.42
8085,"Junho",158.14
8085,"Julho",764.78
8085,"Agosto",978.57
8085,"Setembro",700.35
8085,"Outubro",460.01
8085,"Novembro",19.91
8085,"Dezembro",1237.74
5129,"Janeiro",187.89
5129,"Fevereiro",81.34
5129,"Março",559.17
5129,"Abril",1034.84
5129,"Maio",148.63
5129,"Junho",259.12
5129,"Julho",138.99
5129,"Agosto",27.48
5129,"Setembro",633.57
5129,"Outubro",511.6
5129,"Novembro",754.76
5129,"Dezembro",172.55
5811,"Janeiro",1060.06
5811,"Fevereiro",1150.94
5811,"Março",183.89
5811,"Abril",142.71
5811,"Maio",29.66
5811,"Junho",151.06
5811,"Julho",1002.32
5811,"Agosto",955.63
5811,"Setembro",756.62
5811,"Outubro",714.9
5811,"Novembro",566.65
5811,"Dezembro",852.47
1512,"Janeiro",802.48
1512,"Fevereiro",19.64
1512,"Março",145.42
1512,"Abril",1089.77
1512,"Maio",1316.77
1512,"Junho",150.82
1512,"Julho",1229.33
1512,"Agosto",314.75
1512,"Setembro",66.49
1512,"Outubro",790.09
1512,"Novembro",157.53
1512,"Dezembro",1099.82
5878,"Janeiro",247.16
5878,"Fevereiro",763.71
5878,"Março",1144.46
5878,"Abril",1055.22
5878,"Maio",596.66
5878,"Junho",915
5878,"Julho",121.8
5878,"Agosto",234.98
5878,"Setembro",1133.24
5878,"Outubro",942.56
5878,"Novembro",482.78
5878,"Dezembro",1044.55
2525,"Janeiro",478.25
2525,"Fevereiro",251.47
2525,"Março",894.17
2525,"Abril",440.27
2525,"Maio",877.51
2525,"Junho",1037.83
2525,"Julho",854.44
2525,"Agosto",58.07
2525,"Setembro",1190.94
2525,"Outubro",1185.6
2525,"Novembro",721.99
2525,"Dezembro",858.91
2641,"Janeiro",66.41
2641,"Fevereiro",782.86
2641,"Março",736.44
2641,"Abril",344.44
2641,"Maio",492.87
2641,"Junho",66.91
2641,"Julho",290.28
2641,"Agosto",701.68
2641,"Setembro",180.61
2641,"Outubro",524.82
2641,"Novembro",227.62
2641,"Dezembro",296.02
4346,"Janeiro",169.41
4346,"Fevereiro",108.05
4346,"Março",198.92
4346,"Abril",111.04
4346,"Maio",134.71
4346,"Junho",305.43
4346,"Julho",692.29
4346,"Agosto",319.56
4346,"Setembro",191.77
4346,"Outubro",369.05
4346,"Novembro",1027.64
4346,"Dezembro",306.83
7909,"Janeiro",453
7909,"Fevereiro",149.96
7909,"Março",521.37
7909,"Abril",794.71
7909,"Maio",852.81
7909,"Junho",460.27
7909,"Julho",697.13
7909,"Agosto",414.93
7909,"Setembro",208.82
7909,"Outubro",786.94
7909,"Novembro",1215.89
7909,"Dezembro",753.27
1721,"Janeiro",250.82
1721,"Fevereiro",484.96
1721,"Março",599.92
1721,"Abril",861.58
1721,"Maio",471.35
1721,"Junho",195.45
1721,"Julho",159.93
1721,"Agosto",1434.37
1721,"Setembro",35.83
1721,"Outubro",809.88
1721,"Novembro",575.81
1721,"Dezembro",1116.09
4055,"Janeiro",812.54
4055,"Fevereiro",839.4
4055,"Março",952.63
4055,"Abril",494.27
4055,"Maio",677.94
4055,"Junho",236.24
4055,"Julho",744.36
4055,"Agosto",575.99
4055,"Setembro",74.1
4055,"Outubro",1248.45
4055,"Novembro",187.11
4055,"Dezembro",457.89
8074,"Janeiro",683.07
8074,"Fevereiro",987.11
8074,"Março",332.23
8074,"Abril",177.93
8074,"Maio",686.92
8074,"Junho",1237.07
8074,"Julho",1224.37
8074,"Agosto",740.91
8074,"Setembro",920.99
8074,"Outubro",295.13
8074,"Novembro",882.67
8074,"Dezembro",498.89
1566,"Janeiro",669.4
1566,"Fevereiro",751.47
1566,"Março",1528.5
1566,"Abril",327.47
1566,"Maio",313.8
1566,"Junho",316.78
1566,"Julho",822.19
1566,"Agosto",662.98
1566,"Setembro",162.19
1566,"Outubro",832.56
1566,"Novembro",1287.65
1566,"Dezembro",400.22
7225,"Janeiro",529.34
7225,"Fevereiro",616.46
7225,"Março",1158.22
7225,"Abril",772.33
7225,"Maio",236.9
7225,"Junho",734.21
7225,"Julho",365.57
7225,"Agosto",709.35
7225,"Setembro",14.36
7225,"Outubro",906.78
7225,"Novembro",371.2
7225,"Dezembro",786.66
882,"Janeiro",527.93
882,"Fevereiro",856.65
882,"Março",249.81
882,"Abril",771.82
882,"Maio",1430.72
882,"Junho",651.16
882,"Julho",676.42
882,"Agosto",943.45
882,"Setembro",1324.26
882,"Outubro",70.71
882,"Novembro",503.22
882,"Dezembro",490.29
2901,"Janeiro",460.58
2901,"Fevereiro",944.03
2901,"Março",338
2901,"Abril",593.75
2901,"Maio",724.32
2901,"Junho",134.94
2901,"Julho",1071.16
2901,"Agosto",1169.19
2901,"Setembro",384.51
2901,"Outubro",967.08
2901,"Novembro",309.67
2901,"Dezembro",456.62
4656,"Janeiro",1294.17
4656,"Fevereiro",458.82
4656,"Março",129.83
4656,"Abril",263.7
4656,"Maio",963.89
4656,"Junho",675.92
4656,"Julho",347.98
4656,"Agosto",1121.47
4656,"Setembro",448.22
4656,"Outubro",329.79
4656,"Novembro",22.31
4656,"Dezembro",877.7
6259,"Janeiro",994.42
6259,"Fevereiro",749.01
6259,"Março",770.78
6259,"Abril",380.1
6259,"Maio",1239
6259,"Junho",463.4
6259,"Julho",592.84
6259,"Agosto",610.14
6259,"Setembro",159.3
6259,"Outubro",767.19
6259,"Novembro",543.27
6259,"Dezembro",321.9
3697,"Janeiro",214.69
3697,"Fevereiro",54.69
3697,"Março",746.34
3697,"Abril",1356.53
3697,"Maio",50.62
3697,"Junho",19.49
3697,"Julho",767.98
3697,"Agosto",75.54
3697,"Setembro",482.42
3697,"Outubro",1002.5
3697,"Novembro",534.08
3697,"Dezembro",1291.18
242,"Janeiro",194.21
242,"Fevereiro",481.26
242,"Março",616.78
242,"Abril",92.36
242,"Maio",826.75
242,"Junho",473.2
242,"Julho",1324.41
242,"Agosto",1250.61
242,"Setembro",742.52
242,"Outubro",639.3
242,"Novembro",525.66
242,"Dezembro",432.09
5432,"Janeiro",452.69
5432,"Fevereiro",168.52
5432,"Março",520.28
5432,"Abril",851.16
5432,"Maio",1341.3
5432,"Junho",955.89
5432,"Julho",311.52
5432,"Agosto",238.53
5432,"Setembro",715.85
5432,"Outubro",482.84
5432,"Novembro",311.46
5432,"Dezembro",714.43
6173,"Janeiro",975.9
6173,"Fevereiro",253.32
6173,"Março",805.59
6173,"Abril",1454.36
6173,"Maio",1241.82
6173,"Junho",340.6
6173,"Julho",21.47
6173,"Agosto",435.75
6173,"Setembro",744.29
6173,"Outubro",817.76
6173,"Novembro",1067.98
6173,"Dezembro",396.77
7100,"Janeiro",557.12
7100,"Fevereiro",608.72
7100,"Março",78.55
7100,"Abril",1007.2
7100,"Maio",573.73
7100,"Junho",837.47
7100,"Julho",500.36
7100,"Agosto",967.99
7100,"Setembro",711.11
7100,"Outubro",1001.79
7100,"Novembro",423.61
7100,"Dezembro",516.76
8411,"Janeiro",855.76
8411,"Fevereiro",158.84
8411,"Março",298.81
8411,"Abril",278.47
8411,"Maio",977.83
8411,"Junho",810.83
8411,"Julho",695.14
8411,"Agosto",620.99
8411,"Setembro",395.4
8411,"Outubro",1201.15
8411,"Novembro",97.78
8411,"Dezembro",640.95
7456,"Janeiro",361.31
7456,"Fevereiro",1130.68
7456,"Março",162.13
7456,"Abril",773.25
7456,"Maio",248.23
7456,"Junho",777
7456,"Julho",527.83
7456,"Agosto",349.62
7456,"Setembro",977.45
7456,"Outubro",47.36
7456,"Novembro",625.9
7456,"Dezembro",1047.87
7746,"Janeiro",310.76
7746,"Fevereiro",465.43
7746,"Março",510.89
7746,"Abril",1276.01
7746,"Maio",285.85
7746,"Junho",538.65
7746,"Julho",473.3
7746,"Agosto",259.13
7746,"Setembro",112.88
7746,"Outubro",768.86
7746,"Novembro",1222.68
7746,"Dezembro",297.19
7676,"Janeiro",1016.56
7676,"Fevereiro",267.91
7676,"Março",1059.51
7676,"Abril",1233.93
7676,"Maio",761.65
7676,"Junho",854.68
7676,"Julho",792.61
7676,"Agosto",245.73
7676,"Setembro",691.34
7676,"Outubro",784.04
7676,"Novembro",665.22
7676,"Dezembro",120.78
5726,"Janeiro",258.48
5726,"Fevereiro",416.03
5726,"Março",201.68
5726,"Abril",939.09
5726,"Maio",127.44
5726,"Junho",1067.13
5726,"Julho",611.12
5726,"Agosto",209.15
5726,"Setembro",63.71
5726,"Outubro",326.22
5726,"Novembro",390.59
5726,"Dezembro",501.27
1012,"Janeiro",984.45
1012,"Fevereiro",540.11
1012,"Março",822.89
1012,"Abril",418.78
1012,"Maio",831.45
1012,"Junho",812.03
1012,"Julho",1239.55
1012,"Agosto",601.13
1012,"Setembro",361.08
1012,"Outubro",1144.06
1012,"Novembro",490.66
1012,"Dezembro",61.61
3096,"Janeiro",759.44
3096,"Fevereiro",398.8
3096,"Março",505.52
3096,"Abril",779.06
3096,"Maio",344.06
3096,"Junho",825.56
3096,"Julho",484.15
3096,"Agosto",120.18
3096,"Setembro",645.7
3096,"Outubro",29.32
3096,"Novembro",837.39
3096,"Dezembro",489.71
8700,"Janeiro",301.4
8700,"Fevereiro",487.84
8700,"Março",943.81
8700,"Abril",279.3
8700,"Maio",673.15
8700,"Junho",1.17
8700,"Julho",154.05
8700,"Agosto",383.46
8700,"Setembro",159.51
8700,"Outubro",759.63
8700,"Novembro",1359.18
8700,"Dezembro",435.75
6394,"Janeiro",342.96
6394,"Fevereiro",1116.07
6394,"Março",975.86
6394,"Abril",616.93
6394,"Maio",271.87
6394,"Junho",247.94
6394,"Julho",298.88
6394,"Agosto",241.16
6394,"Setembro",7.17
6394,"Outubro",836.35
6394,"Novembro",1470.47
6394,"Dezembro",1111.06
6891,"Janeiro",262.4
6891,"Fevereiro",382.34
6891,"Março",184.12
6891,"Abril",237.02
6891,"Maio",822.97
6891,"Junho",408.55
6891,"Julho",817.21
6891,"Agosto",172.6
6891,"Setembro",251.57
6891,"Outubro",76.38
6891,"Novembro",603.39
6891,"Dezembro",426.34
8652,"Janeiro",1123.54
8652,"Fevereiro",1077.42
8652,"Março",207.12
8652,"Abril",923.27
8652,"Maio",181.1
8652,"Junho",60.85
8652,"Julho",162.83
8652,"Agosto",764.14
8652,"Setembro",253.59
8652,"Outubro",1001.08
8652,"Novembro",861.77
8652,"Dezembro",1143.33
1479,"Janeiro",691.74
1479,"Fevereiro",15.11
1479,"Março",662.09
1479,"Abril",1150.27
1479,"Maio",718.9
1479,"Junho",902.5
1479,"Julho",607.15
1479,"Agosto",490.14
1479,"Setembro",842.63
1479,"Outubro",221.65
1479,"Novembro",696.27
1479,"Dezembro",106.34
3604,"Janeiro",1000.67
3604,"Fevereiro",1119.22
3604,"Março",770.38
3604,"Abril",400.78
3604,"Maio",512.77
3604,"Junho",462.53
3604,"Julho",441.12
3604,"Agosto",248.84
3604,"Setembro",1239.75
3604,"Outubro",204.15
3604,"Novembro",22.11
3604,"Dezembro",252.01
6950,"Janeiro",838.27
6950,"Fevereiro",293.12
6950,"Março",815.26
6950,"Abril",1100.87
6950,"Maio",219.08
6950,"Junho",144.79
6950,"Julho",171.18
6950,"Agosto",240.72
6950,"Setembro",141.17
6950,"Outubro",1238.09
6950,"Novembro",889.4
6950,"Dezembro",451.07
5165,"Janeiro",1111.61
5165,"Fevereiro",423.56
5165,"Março",549.64
5165,"Abril",109.01
5165,"Maio",255.27
5165,"Junho",297.14
5165,"Julho",390.78
5165,"Agosto",324.8
5165,"Setembro",321.15
5165,"Outubro",629.01
5165,"Novembro",438.36
5165,"Dezembro",1004.9
7240,"Janeiro",911.3
7240,"Fevereiro",615.51
7240,"Março",55.59
7240,"Abril",438.21
7240,"Maio",147.71
7240,"Junho",74.43
7240,"Julho",575.68
7240,"Agosto",790.29
7240,"Setembro",347.1
7240,"Outubro",93.9
7240,"Novembro",455.02
7240,"Dezembro",636.5
7840,"Janeiro",375.69
7840,"Fevereiro",402.81
7840,"Março",507.66
7840,"Abril",173.3
7840,"Maio",735.03
7840,"Junho",146.02
7840,"Julho",1089.68
7840,"Agosto",734.53
7840,"Setembro",693.21
7840,"Outubro",696.77
7840,"Novembro",962.74
7840,"Dezembro",229.44
1145,"Janeiro",1140.53
1145,"Fevereiro",1073.19
1145,"Março",481.76
1145,"Abril",619.69
1145,"Maio",141.44
1145,"Junho",1176.35
1145,"Julho",179.26
1145,"Agosto",227.33
1145,"Setembro",1009.11
1145,"Outubro",1043.84
1145,"Novembro",1150.37
1145,"Dezembro",60.32
6889,"Janeiro",230.32
6889,"Fevereiro",1386.46
6889,"Março",620.36
6889,"Abril",50.8
6889,"Maio",899.16
6889,"Junho",115.36
6889,"Julho",77.9
6889,"Agosto",502.39
6889,"Setembro",570.03
6889,"Outubro",864.68
6889,"Novembro",279.46
6889,"Dezembro",684.6
2977,"Janeiro",780.41
2977,"Fevereiro",500.13
2977,"Março",392.92
2977,"Abril",289.84
2977,"Maio",283.01
2977,"Junho",439.02
2977,"Julho",493.57
2977,"Agosto",209.71
2977,"Setembro",484.5
2977,"Outubro",1043.32
2977,"Novembro",836.49
2977,"Dezembro",202.4
3810,"Janeiro",783.03
3810,"Fevereiro",31.79
3810,"Março",456.25
3810,"Abril",471.27
3810,"Maio",1200.13
3810,"Junho",783.74
3810,"Julho",365.82
3810,"Agosto",757.7
3810,"Setembro",71.73
3810,"Outubro",752.4
3810,"Novembro",1118.89
3810,"Dezembro",1011.77
3893,"Janeiro",509.71
3893,"Fevereiro",452.51
3893,"Março",612.18
3893,"Abril",103.06
3893,"Maio",216.22
3893,"Junho",218.86
3893,"Julho",732.99
3893,"Agosto",875.45
3893,"Setembro",922.88
3893,"Outubro",340.6
3893,"Novembro",842.23
3893,"Dezembro",1376.47
7072,"Janeiro",494.26
7072,"Fevereiro",429.34
7072,"Março",894.49
7072,"Abril",822.17
7072,"Maio",183.85
7072,"Junho",650.5
7072,"Julho",216.94
7072,"Agosto",894.3
7072,"Setembro",1156.94
7072,"Outubro",48.37
7072,"Novembro",1236.65
7072,"Dezembro",249.31
119,"Janeiro",159.31
119,"Fevereiro",1324.3
119,"Março",959.75
119,"Abril",515.45
119,"Maio",1026.91
119,"Junho",897.3
119,"Julho",894.71
119,"Agosto",748.08
119,"Setembro",146.08
119,"Outubro",939.71
119,"Novembro",375.63
119,"Dezembro",98.03
3118,"Janeiro",127.78
3118,"Fevereiro",657.61
3118,"Março",276.92
3118,"Abril",590.07
3118,"Maio",47.46
3118,"Junho",976.24
3118,"Julho",744.01
3118,"Agosto",1255.56
3118,"Setembro",405.46
3118,"Outubro",1338.09
3118,"Novembro",715.86
3118,"Dezembro",20.36
6770,"Janeiro",997.07
6770,"Fevereiro",463.83
6770,"Março",321.93
6770,"Abril",472.36
6770,"Maio",529.47
6770,"Junho",334.98
6770,"Julho",176.7
6770,"Agosto",534.91
6770,"Setembro",664.81
6770,"Outubro",8.28
6770,"Novembro",34.89
6770,"Dezembro",810.43
9053,"Janeiro",1206.9
9053,"Fevereiro",154.8
9053,"Março",733.32
9053,"Abril",437.08
9053,"Maio",405.75
9053,"Junho",67.58
9053,"Julho",495.75
9053,"Agosto",47.97
9053,"Setembro",195.15
9053,"Outubro",152.94
9053,"Novembro",754.94
9053,"Dezembro",1550.09
7266,"Janeiro",1228.35
7266,"Fevereiro",329.45
7266,"Março",305.23
7266,"Abril",879.51
7266,"Maio",216.6
7266,"Junho",439.73
7266,"Julho",913.93
7266,"Agosto",644.25
7266,"Setembro",35.31
7266,"Outubro",460.54
7266,"Novembro",231.61
7266,"Dezembro",604.98
8587,"Janeiro",172.2
8587,"Fevereiro",787.68
8587,"Março",1164.28
8587,"Abril",351.52
8587,"Maio",366.59
8587,"Junho",1158.92
8587,"Julho",302.57
8587,"Agosto",340.82
8587,"Setembro",443.01
8587,"Outubro",46.11
8587,"Novembro",244.2
8587,"Dezembro",145.25
3579,"Janeiro",808.41
3579,"Fevereiro",1112.3
3579,"Março",483.7
3579,"Abril",624.88
3579,"Maio",444.24
3579,"Junho",771.69
3579,"Julho",1023.63
3579,"Agosto",1097.05
3579,"Setembro",227.79
3579,"Outubro",635.72
3579,"Novembro",1014.39
3579,"Dezembro",856.8
7179,"Janeiro",1056.88
7179,"Fevereiro",916.85
7179,"Março",618.28
7179,"Abril",1225.26
7179,"Maio",61.63
7179,"Junho",580.13
7179,"Julho",111.95
7179,"Agosto",762.35
7179,"Setembro",512.87
7179,"Outubro",665.12
7179,"Novembro",595.77
7179,"Dezembro",220.62
8358,"Janeiro",826.35
8358,"Fevereiro",556.15
8358,"Março",945.25
8358,"Abril",374.83
8358,"Maio",785.38
8358,"Junho",401.08
8358,"Julho",1140.43
8358,"Agosto",121.17
8358,"Setembro",126.29
8358,"Outubro",494.36
8358,"Novembro",180.29
8358,"Dezembro",346.75
9526,"Janeiro",1011.59
9526,"Fevereiro",554.48
9526,"Março",1303.49
9526,"Abril",90.31
9526,"Maio",459.04
9526,"Junho",216.53
9526,"Julho",420.91
9526,"Agosto",169.83
9526,"Setembro",662.09
9526,"Outubro",1215.23
9526,"Novembro",276.54
9526,"Dezembro",576.61
6196,"Janeiro",119.86
6196,"Fevereiro",992.02
6196,"Março",137.85
6196,"Abril",1106.15
6196,"Maio",631.06
6196,"Junho",768.19
6196,"Julho",855.53
6196,"Agosto",53.74
6196,"Setembro",735.63
6196,"Outubro",360.29
6196,"Novembro",938.82
6196,"Dezembro",373.86
5349,"Janeiro",241.88
5349,"Fevereiro",796.01
5349,"Março",413.08
5349,"Abril",1198.51
5349,"Maio",324.3
5349,"Junho",529.63
5349,"Julho",488.67
5349,"Agosto",619.12
5349,"Setembro",35.97
5349,"Outubro",478.91
5349,"Novembro",1360.17
5349,"Dezembro",644.46
6786,"Janeiro",710.51
6786,"Fevereiro",443.47
6786,"Março",651.79
6786,"Abril",350.09
6786,"Maio",407.25
6786,"Junho",811.07
6786,"Julho",842.26
6786,"Agosto",241.68
6786,"Setembro",638.13
6786,"Outubro",849.62
6786,"Novembro",63.55
6786,"Dezembro",428.58
1284,"Janeiro",259.8
1284,"Fevereiro",724.14
1284,"Março",605.33
1284,"Abril",664.37
1284,"Maio",495.79
1284,"Junho",42.75
1284,"Julho",211.45
1284,"Agosto",113.87
1284,"Setembro",268.02
1284,"Outubro",712.87
1284,"Novembro",625.55
1284,"Dezembro",482.6
6366,"Janeiro",553.94
6366,"Fevereiro",582.18
6366,"Março",1041.25
6366,"Abril",811.52
6366,"Maio",1296.84
6366,"Junho",1353.38
6366,"Julho",942.79
6366,"Agosto",404.49
6366,"Setembro",611.86
6366,"Outubro",4.34
6366,"Novembro",707.29
6366,"Dezembro",923.95
6226,"Janeiro",405.15
6226,"Fevereiro",356.11
6226,"Março",560.29
6226,"Abril",841.34
6226,"Maio",996.34
6226,"Junho",1087.08
6226,"Julho",515.59
6226,"Agosto",894.47
6226,"Setembro",954.29
6226,"Outubro",378.26
6226,"Novembro",144.02
6226,"Dezembro",991.26
9760,"Janeiro",767.54
9760,"Fevereiro",981.49
9760,"Março",550.31
9760,"Abril",179.57
9760,"Maio",66.71
9760,"Junho",984.43
9760,"Julho",417.95
9760,"Agosto",317.27
9760,"Setembro",494.13
9760,"Outubro",162.93
9760,"Novembro",442.11
9760,"Dezembro",462.08
41,"Janeiro",651.9
41,"Fevereiro",577.98
41,"Março",384.2
41,"Abril",392.98
41,"Maio",810.23
41,"Junho",989.12
41,"Julho",66.56
41,"Agosto",305.48
41,"Setembro",570.86
41,"Outubro",820.59
41,"Novembro",301.07
41,"Dezembro",1257.24
485,"Janeiro",1199.28
485,"Fevereiro",647.65
485,"Março",517.65
485,"Abril",960.69
485,"Maio",816.31
485,"Junho",505.42
485,"Julho",395.69
485,"Agosto",660.84
485,"Setembro",403.14
485,"Outubro",270.88
485,"Novembro",482.82
485,"Dezembro",282.04
3193,"Janeiro",469.57
3193,"Fevereiro",676.74
3193,"Março",105.54
3193,"Abril",1033.82
3193,"Maio",159.93
3193,"Junho",639.27
3193,"Julho",1087.31
3193,"Agosto",755.48
3193,"Setembro",357.94
3193,"Outubro",477.39
3193,"Novembro",429.52
3193,"Dezembro",624.95
1964,"Janeiro",180.33
1964,"Fevereiro",543.8
1964,"Março",497.8
1964,"Abril",147.25
1964,"Maio",193.75
1964,"Junho",903.82
1964,"Julho",833.06
1964,"Agosto",1475.25
1964,"Setembro",628.98
1964,"Outubro",841.89
1964,"Novembro",279.64
1964,"Dezembro",986.91
2080,"Janeiro",988.35
2080,"Fevereiro",940.6
2080,"Março",64.68
2080,"Abril",1204.47
2080,"Maio",331.18
2080,"Junho",742.39
2080,"Julho",528.95
2080,"Agosto",57.48
2080,"Setembro",812.24
2080,"Outubro",871.07
2080,"Novembro",595.85
2080,"Dezembro",416.73
4885,"Janeiro",723
4885,"Fevereiro",26.88
4885,"Março",306
4885,"Abril",5.62
4885,"Maio",514.12
4885,"Junho",0.33
4885,"Julho",555.22
4885,"Agosto",846.82
4885,"Setembro",591.46
4885,"Outubro",500.11
4885,"Novembro",1008.63
4885,"Dezembro",1019.42
4499,"Janeiro",1237.49
4499,"Fevereiro",258.75
4499,"Março",564.09
4499,"Abril",694.19
4499,"Maio",434.48
4499,"Junho",641.74
4499,"Julho",41.33
4499,"Agosto",154.09
4499,"Setembro",1032.92
4499,"Outubro",1383.73
4499,"Novembro",290.36
4499,"Dezembro",1152.77
7952,"Janeiro",623.5
7952,"Fevereiro",685.37
7952,"Março",1346.8
7952,"Abril",986.37
7952,"Maio",145.15
7952,"Junho",848.42
7952,"Julho",578.75
7952,"Agosto",444.02
7952,"Setembro",543.06
7952,"Outubro",18.71
7952,"Novembro",152.67
7952,"Dezembro",1002.78
8947,"Janeiro",613.06
8947,"Fevereiro",93.41
8947,"Março",700.1
8947,"Abril",989.73
8947,"Maio",671.08
8947,"Junho",160.54
8947,"Julho",1007.23
8947,"Agosto",692.72
8947,"Setembro",1010.83
8947,"Outubro",307.24
8947,"Novembro",87.62
8947,"Dezembro",18.01
5629,"Janeiro",1011.64
5629,"Fevereiro",832.27
5629,"Março",584.28
5629,"Abril",407.47
5629,"Maio",390.54
5629,"Junho",506.79
5629,"Julho",349.2
5629,"Agosto",951.9
5629,"Setembro",895.38
5629,"Outubro",260.01
5629,"Novembro",791.52
5629,"Dezembro",940.1
2631,"Janeiro",1223.26
2631,"Fevereiro",963.29
2631,"Março",68
2631,"Abril",756.72
2631,"Maio",132.29
2631,"Junho",335.96
2631,"Julho",650.37
2631,"Agosto",1097.46
2631,"Setembro",805.69
2631,"Outubro",602.91
2631,"Novembro",918.18
2631,"Dezembro",818.35
4157,"Janeiro",193.44
4157,"Fevereiro",340.69
4157,"Março",949.65
4157,"Abril",1049.39
4157,"Maio",482.56
4157,"Junho",643.3
4157,"Julho",870.19
4157,"Agosto",788.07
4157,"Setembro",309.66
4157,"Outubro",58.32
4157,"Novembro",485.8
4157,"Dezembro",408.23
6,"Janeiro",36.61
6,"Fevereiro",108.58
6,"Março",368.09
6,"Abril",1090.84
6,"Maio",52.44
6,"Junho",481.43
6,"Julho",642.74
6,"Agosto",870.71
6,"Setembro",558.37
6,"Outubro",1273.36
6,"Novembro",645.67
6,"Dezembro",631.04
6661,"Janeiro",41.77
6661,"Fevereiro",580.7
6661,"Março",153.1
6661,"Abril",10.23
6661,"Maio",346.03
6661,"Junho",722.42
6661,"Julho",412.19
6661,"Agosto",269.27
6661,"Setembro",971.63
6661,"Outubro",523.71
6661,"Novembro",755.3
6661,"Dezembro",726.59
3439,"Janeiro",1302.03
3439,"Fevereiro",995.79
3439,"Março",124.22
3439,"Abril",572.92
3439,"Maio",485.63
3439,"Junho",609.31
3439,"Julho",389.38
3439,"Agosto",382.82
3439,"Setembro",431.89
3439,"Outubro",1235.35
3439,"Novembro",563.05
3439,"Dezembro",783.22
3286,"Janeiro",288.48
3286,"Fevereiro",598.78
3286,"Março",1141.79
3286,"Abril",147.24
3286,"Maio",342.1
3286,"Junho",859.06
3286,"Julho",967.49
3286,"Agosto",785.55
3286,"Setembro",431.92
3286,"Outubro",780.12
3286,"Novembro",471.8
3286,"Dezembro",576.62
9471,"Janeiro",30.12
9471,"Fevereiro",690.11
9471,"Março",127.46
9471,"Abril",191.99
9471,"Maio",136.62
9471,"Junho",464.1
9471,"Julho",854.5
9471,"Agosto",668.87
9471,"Setembro",23.83
9471,"Outubro",1324.28
9471,"Novembro",400.19
9471,"Dezembro",1081.21
1258,"Janeiro",39.62
1258,"Fevereiro",639.54
1258,"Março",1003.84
1258,"Abril",22.43
1258,"Maio",878.24
1258,"Junho",445.91
1258,"Julho",1070.02
1258,"Agosto",666.98
1258,"Setembro",264.47
1258,"Outubro",791.93
1258,"Novembro",878.33
1258,"Dezembro",1184.32
6045,"Janeiro",991.05
6045,"Fevereiro",117.62
6045,"Março",1134.05
6045,"Abril",72.28
6045,"Maio",74.36
6045,"Junho",15.85
6045,"Julho",677.1
6045,"Agosto",459.53
6045,"Setembro",595.58
6045,"Outubro",355.09
6045,"Novembro",1301.59
6045,"Dezembro",104.51
2679,"Janeiro",1343.3
2679,"Fevereiro",102.77
2679,"Março",1358.73
2679,"Abril",779.52
2679,"Maio",414.88
2679,"Junho",909.82
2679,"Julho",13.09
2679,"Agosto",668.96
2679,"Setembro",922.07
2679,"Outubro",821.93
2679,"Novembro",971.21
2679,"Dezembro",382.08
9419,"Janeiro",799.7
9419,"Fevereiro",758.1
9419,"Março",1245.84
9419,"Abril",839.78
9419,"Maio",891.8
9419,"Junho",852.23
9419,"Julho",746.11
9419,"Agosto",95.34
9419,"Setembro",972.64
9419,"Outubro",1035.02
9419,"Novembro",370.59
9419,"Dezembro",961.07
1756,"Janeiro",425.65
1756,"Fevereiro",651.15
1756,"Março",342.06
1756,"Abril",43.28
1756,"Maio",1209.6
1756,"Junho",194.91
1756,"Julho",724.78
1756,"Agosto",321.35
1756,"Setembro",1205.12
1756,"Outubro",111.48
1756,"Novembro",161.95
1756,"Dezembro",91.98
2535,"Janeiro",171.96
2535,"Fevereiro",307.77
2535,"Março",456.32
2535,"Abril",404.26
2535,"Maio",388.2
2535,"Junho",1018.46
2535,"Julho",181.39
2535,"Agosto",205.81
2535,"Setembro",826.82
2535,"Outubro",194.86
2535,"Novembro",217.8
2535,"Dezembro",296.81
523,"Janeiro",920.5
523,"Fevereiro",780.48
523,"Março",441.6
523,"Abril",725.56
523,"Maio",807.51
523,"Junho",777.95
523,"Julho",439.16
523,"Agosto",821.85
523,"Setembro",826.1
523,"Outubro",481.49
523,"Novembro",151.24
523,"Dezembro",471.19
2349,"Janeiro",468.88
2349,"Fevereiro",169.11
2349,"Março",531.05
2349,"Abril",1376.42
2349,"Maio",47.55
2349,"Junho",445.62
2349,"Julho",61.16
2349,"Agosto",565.32
2349,"Setembro",565.29
2349,"Outubro",183.98
2349,"Novembro",925.91
2349,"Dezembro",1412.35
8013,"Janeiro",1089.96
8013,"Fevereiro",210.88
8013,"Março",279.3
8013,"Abril",1237.44
8013,"Maio",234.9
8013,"Junho",715.01
8013,"Julho",181.07
8013,"Agosto",538.63
8013,"Setembro",732.74
8013,"Outubro",581.74
8013,"Novembro",467.21
8013,"Dezembro",586.35
6370,"Janeiro",587.71
6370,"Fevereiro",152.87
6370,"Março",875.88
6370,"Abril",813.07
6370,"Maio",549.27
6370,"Junho",492.36
6370,"Julho",158.76
6370,"Agosto",923.01
6370,"Setembro",15.43
6370,"Outubro",589.99
6370,"Novembro",853.52
6370,"Dezembro",38.43
8811,"Janeiro",334.14
8811,"Fevereiro",74
8811,"Março",789.4
8811,"Abril",251.88
8811,"Maio",231.11
8811,"Junho",842.46
8811,"Julho",872.52
8811,"Agosto",999.6
8811,"Setembro",490.87
8811,"Outubro",897.9
8811,"Novembro",574.9
8811,"Dezembro",1008.44
4636,"Janeiro",668.23
4636,"Fevereiro",327.76
4636,"Março",385.59
4636,"Abril",91.08
4636,"Maio",985.92
4636,"Junho",731.93
4636,"Julho",667.12
4636,"Agosto",1181
4636,"Setembro",734.96
4636,"Outubro",824.24
4636,"Novembro",29.73
4636,"Dezembro",501.47
4484,"Janeiro",1369.13
4484,"Fevereiro",18.27
4484,"Março",525.34
4484,"Abril",1209.6
4484,"Maio",59.67
4484,"Junho",1150.2
4484,"Julho",428.21
4484,"Agosto",1174.82
4484,"Setembro",96.5
4484,"Outubro",381.95
4484,"Novembro",1267.54
4484,"Dezembro",512.28
6249,"Janeiro",97.9
6249,"Fevereiro",823.26
6249,"Março",750.79
6249,"Abril",1201.04
6249,"Maio",371.62
6249,"Junho",519.75
6249,"Julho",651.47
6249,"Agosto",990.33
6249,"Setembro",465.03
6249,"Outubro",460.54
6249,"Novembro",435.06
6249,"Dezembro",526.61
5507,"Janeiro",297.52
5507,"Fevereiro",639.56
5507,"Março",29.65
5507,"Abril",376.31
5507,"Maio",785.25
5507,"Junho",660.79
5507,"Julho",504.89
5507,"Agosto",544.61
5507,"Setembro",583.19
5507,"Outubro",472.31
5507,"Novembro",1313.79
5507,"Dezembro",284.97
8594,"Janeiro",190.07
8594,"Fevereiro",767.63
8594,"Março",446.3
8594,"Abril",101.45
8594,"Maio",33.58
8594,"Junho",295.18
8594,"Julho",302.24
8594,"Agosto",240.1
8594,"Setembro",1104.18
8594,"Outubro",324.28
8594,"Novembro",163.14
8594,"Dezembro",919.51
2791,"Janeiro",983.49
2791,"Fevereiro",743.02
2791,"Março",157.83
2791,"Abril",64.52
2791,"Maio",765.43
2791,"Junho",957.7
2791,"Julho",556.23
2791,"Agosto",395.42
2791,"Setembro",168.05
2791,"Outubro",13.51
2791,"Novembro",499.54
2791,"Dezembro",49.15
9693,"Janeiro",1548.52
9693,"Fevereiro",686.7
9693,"Março",337.65
9693,"Abril",908.19
9693,"Maio",1323.77
9693,"Junho",164.5
9693,"Julho",802.37
9693,"Agosto",733.9
9693,"Setembro",129.91
9693,"Outubro",910.19
9693,"Novembro",209.58
9693,"Dezembro",1335.47
9911,"Janeiro",68.52
9911,"Fevereiro",671.96
9911,"Março",662.63
9911,"Abril",673.3
9911,"Maio",34.58
9911,"Junho",498.04
9911,"Julho",877.39
9911,"Agosto",583.03
9911,"Setembro",990.48
9911,"Outubro",936.65
9911,"Novembro",391.45
9911,"Dezembro",819.3
3934,"Janeiro",498.6
3934,"Fevereiro",944.55
3934,"Março",600.47
3934,"Abril",1258.67
3934,"Maio",1237.78
3934,"Junho",549.66
3934,"Julho",1075
3934,"Agosto",913.18
3934,"Setembro",478.21
3934,"Outubro",757.16
3934,"Novembro",661.88
3934,"Dezembro",777.1
9917,"Janeiro",767.49
9917,"Fevereiro",19.7
9917,"Março",139.38
9917,"Abril",954.09
9917,"Maio",68.88
9917,"Junho",448.32
9917,"Julho",680.28
9917,"Agosto",438.97
9917,"Setembro",628.03
9917,"Outubro",123.3
9917,"Novembro",630.73
9917,"Dezembro",86.3
37,"Janeiro",410.93
37,"Fevereiro",458.98
37,"Março",84.72
37,"Abril",282.76
37,"Maio",1125.52
37,"Junho",61.78
37,"Julho",421.52
37,"Agosto",1106.76
37,"Setembro",1076.13
37,"Outubro",509.82
37,"Novembro",836.43
37,"Dezembro",64.62
830,"Janeiro",114.44
830,"Fevereiro",594.7
830,"Março",83.72
830,"Abril",460.87
830,"Maio",806.1
830,"Junho",917.07
830,"Julho",507.61
830,"Agosto",483.34
830,"Setembro",892.08
830,"Outubro",1034.14
830,"Novembro",84.26
830,"Dezembro",1087.89
6633,"Janeiro",415.01
6633,"Fevereiro",1271.84
6633,"Março",40.94
6633,"Abril",341.11
6633,"Maio",771.76
6633,"Junho",178.54
6633,"Julho",951.26
6633,"Agosto",93.73
6633,"Setembro",732.99
6633,"Outubro",175
6633,"Novembro",843.84
6633,"Dezembro",826.93
2244,"Janeiro",1224.01
2244,"Fevereiro",805.17
2244,"Março",796.23
2244,"Abril",809.1
2244,"Maio",575.51
2244,"Junho",303
2244,"Julho",509.99
2244,"Agosto",1360.6
2244,"Setembro",44.3
2244,"Outubro",51.92
2244,"Novembro",61.3
2244,"Dezembro",343.27
8369,"Janeiro",66.74
8369,"Fevereiro",625.12
8369,"Março",79.45
8369,"Abril",611.31
8369,"Maio",834.66
8369,"Junho",170.89
8369,"Julho",1374.12
8369,"Agosto",719.44
8369,"Setembro",784.48
8369,"Outubro",807.47
8369,"Novembro",690.78
8369,"Dezembro",270.41
8101,"Janeiro",362.34
8101,"Fevereiro",918.49
8101,"Março",929.75
8101,"Abril",161.86
8101,"Maio",1114.49
8101,"Junho",414.83
8101,"Julho",992.39
8101,"Agosto",153.24
8101,"Setembro",500.2
8101,"Outubro",296.46
8101,"Novembro",1370.86
8101,"Dezembro",355.85
2298,"Janeiro",1052.82
2298,"Fevereiro",180.17
2298,"Março",123.45
2298,"Abril",768.74
2298,"Maio",671.62
2298,"Junho",198.99
2298,"Julho",771.33
2298,"Agosto",477.01
2298,"Setembro",516.5
2298,"Outubro",30.36
2298,"Novembro",52.01
2298,"Dezembro",33.16
4462,"Janeiro",1331.71
4462,"Fevereiro",790.68
4462,"Março",1029.53
4462,"Abril",418.31
4462,"Maio",138.57
4462,"Junho",744.94
4462,"Julho",678.81
4462,"Agosto",1026.53
4462,"Setembro",153.46
4462,"Outubro",194.27
4462,"Novembro",291.4
4462,"Dezembro",564.32
5241,"Janeiro",168.62
5241,"Fevereiro",641.16
5241,"Março",1370.89
5241,"Abril",371.72
5241,"Maio",697.99
5241,"Junho",958.28
5241,"Julho",1069.07
5241,"Agosto",177.56
5241,"Setembro",675.92
5241,"Outubro",606.64
5241,"Novembro",315.96
5241,"Dezembro",4.62
1250,"Janeiro",1309.71
1250,"Fevereiro",192.8
1250,"Março",691.63
1250,"Abril",128.71
1250,"Maio",832.99
1250,"Junho",275.4
1250,"Julho",814.72
1250,"Agosto",873.62
1250,"Setembro",348.88
1250,"Outubro",874.01
1250,"Novembro",1105.16
1250,"Dezembro",229.82
92,"Janeiro",459.47
92,"Fevereiro",974.44
92,"Março",1160.18
92,"Abril",730.44
92,"Maio",604.93
92,"Junho",174.51
92,"Julho",459.74
92,"Agosto",426.58
92,"Setembro",42.79
92,"Outubro",155.29
92,"Novembro",879.65
92,"Dezembro",605.4
8360,"Janeiro",1082.65
8360,"Fevereiro",407.89
8360,"Março",849.01
8360,"Abril",787.12
8360,"Maio",112.79
8360,"Junho",713.58
8360,"Julho",879.18
8360,"Agosto",209.47
8360,"Setembro",776.55
8360,"Outubro",659.52
8360,"Novembro",243.33
8360,"Dezembro",572.86
3897,"Janeiro",513.4
3897,"Fevereiro",383.11
3897,"Março",369.89
3897,"Abril",401.79
3897,"Maio",56.91
3897,"Junho",1298.49
3897,"Julho",288.4
3897,"Agosto",34.3
3897,"Setembro",31.85
3897,"Outubro",797.74
3897,"Novembro",224.27
3897,"Dezembro",354.13
2176,"Janeiro",587.11
2176,"Fevereiro",192.13
2176,"Março",726.08
2176,"Abril",815.65
2176,"Maio",316.17
2176,"Junho",1023.95
2176,"Julho",954.83
2176,"Agosto",799.83
2176,"Setembro",244.89
2176,"Outubro",344.38
2176,"Novembro",201.39
2176,"Dezembro",1172.94
2100,"Janeiro",874.84
2100,"Fevereiro",1004.61
2100,"Março",662.18
2100,"Abril",786.29
2100,"Maio",514.64
2100,"Junho",47.34
2100,"Julho",1222.96
2100,"Agosto",869.68
2100,"Setembro",863.77
2100,"Outubro",16.96
2100,"Novembro",1061.63
2100,"Dezembro",1041.28
3631,"Janeiro",103.11
3631,"Fevereiro",120.37
3631,"Março",758.96
3631,"Abril",523.36
3631,"Maio",282.06
3631,"Junho",394.5
3631,"Julho",368.21
3631,"Agosto",143.87
3631,"Setembro",185.56
3631,"Outubro",78.15
3631,"Novembro",297.11
3631,"Dezembro",741.88
6395,"Janeiro",251.15
6395,"Fevereiro",1021.44
6395,"Março",347.16
6395,"Abril",585.6
6395,"Maio",590.22
6395,"Junho",185.96
6395,"Julho",712.9
6395,"Agosto",458.28
6395,"Setembro",559.23
6395,"Outubro",395.34
6395,"Novembro",620.67
6395,"Dezembro",60.39
4907,"Janeiro",577.8
4907,"Fevereiro",265.07
4907,"Março",795.61
4907,"Abril",277.27
4907,"Maio",512.3
4907,"Junho",1319.16
4907,"Julho",978.55
4907,"Agosto",53.52
4907,"Setembro",609.04
4907,"Outubro",349.37
4907,"Novembro",1108.13
4907,"Dezembro",1073.08
3379,"Janeiro",715.74
3379,"Fevereiro",724.71
3379,"Março",666.29
3379,"Abril",66.36
3379,"Maio",693.09
3379,"Junho",634.16
3379,"Julho",586.88
3379,"Agosto",530.89
3379,"Setembro",861.99
3379,"Outubro",623.49
3379,"Novembro",176.58
3379,"Dezembro",465.35
7890,"Janeiro",1018.17
7890,"Fevereiro",631.18
7890,"Março",1093.47
7890,"Abril",116.32
7890,"Maio",541.46
7890,"Junho",417.29
7890,"Julho",761.41
7890,"Agosto",371.25
7890,"Setembro",579.42
7890,"Outubro",534.98
7890,"Novembro",611.16
7890,"Dezembro",831.52
7814,"Janeiro",437.1
7814,"Fevereiro",1279.39
7814,"Março",668.54
7814,"Abril",284.28
7814,"Maio",39.38
7814,"Junho",513.89
7814,"Julho",197.37
7814,"Agosto",6.47
7814,"Setembro",701.75
7814,"Outubro",714.16
7814,"Novembro",107.4
7814,"Dezembro",1341.84
3208,"Janeiro",566.49
3208,"Fevereiro",304.43
3208,"Março",785.23
3208,"Abril",821.62
3208,"Maio",1184.08
3208,"Junho",1216.4
3208,"Julho",360.71
3208,"Agosto",771.76
3208,"Setembro",809.34
3208,"Outubro",121.21
3208,"Novembro",711.55
3208,"Dezembro",438.16
2860,"Janeiro",941.91
2860,"Fevereiro",147.51
2860,"Março",880.54
2860,"Abril",511.52
2860,"Maio",1041.17
2860,"Junho",26.02
2860,"Julho",473.3
2860,"Agosto",629.2
2860,"Setembro",1136.87
2860,"Outubro",708.51
2860,"Novembro",1304.51
2860,"Dezembro",850.52
952,"Janeiro",729.38
952,"Fevereiro",659.56
952,"Março",1237.85
952,"Abril",524.07
952,"Maio",753.63
952,"Junho",1244.76
952,"Julho",568.37
952,"Agosto",729.93
952,"Setembro",428.11
952,"Outubro",889.76
952,"Novembro",625.54
952,"Dezembro",770.2
8036,"Janeiro",949.96
8036,"Fevereiro",242.34
8036,"Março",620.75
8036,"Abril",908.46
8036,"Maio",461.6
8036,"Junho",350.53
8036,"Julho",923.92
8036,"Agosto",816.54
8036,"Setembro",128.69
8036,"Outubro",255.05
8036,"Novembro",1040.67
8036,"Dezembro",811.75
6451,"Janeiro",790.16
6451,"Fevereiro",491.1
6451,"Março",224.33
6451,"Abril",628.21
6451,"Maio",800.83
6451,"Junho",87.44
6451,"Julho",842.66
6451,"Agosto",473.24
6451,"Setembro",743.64
6451,"Outubro",185.11
6451,"Novembro",758.49
6451,"Dezembro",721.9
6964,"Janeiro",1011.65
6964,"Fevereiro",448.08
6964,"Março",114.29
6964,"Abril",674.72
6964,"Maio",674.94
6964,"Junho",387.33
6964,"Julho",21.77
6964,"Agosto",426.42
6964,"Setembro",1166.61
6964,"Outubro",81.8
6964,"Novembro",448.63
6964,"Dezembro",912.9
1746,"Janeiro",635.72
1746,"Fevereiro",209.4
1746,"Março",567.37
1746,"Abril",339.37
1746,"Maio",752.8
1746,"Junho",947.65
1746,"Julho",472.01
1746,"Agosto",117.69
1746,"Setembro",375.36
1746,"Outubro",329.86
1746,"Novembro",778.22
1746,"Dezembro",27.94
1892,"Janeiro",1064.39
1892,"Fevereiro",789.83
1892,"Março",778.55
1892,"Abril",229.38
1892,"Maio",514.14
1892,"Junho",647.52
1892,"Julho",97.27
1892,"Agosto",659.45
1892,"Setembro",981.01
1892,"Outubro",15
1892,"Novembro",331.19
1892,"Dezembro",393.63
2295,"Janeiro",966.56
2295,"Fevereiro",304.12
2295,"Março",443.26
2295,"Abril",331.39
2295,"Maio",365.29
2295,"Junho",471.29
2295,"Julho",973.33
2295,"Agosto",56.57
2295,"Setembro",815.8
2295,"Outubro",613.32
2295,"Novembro",825.49
2295,"Dezembro",865.39
4654,"Janeiro",1003.26
4654,"Fevereiro",901.48
4654,"Março",162.16
4654,"Abril",244.53
4654,"Maio",66.34
4654,"Junho",384.74
4654,"Julho",605.49
4654,"Agosto",231.13
4654,"Setembro",551.62
4654,"Outubro",1024.43
4654,"Novembro",355.36
4654,"Dezembro",44.06
4490,"Janeiro",908.39
4490,"Fevereiro",216.44
4490,"Março",433.49
4490,"Abril",140.18
4490,"Maio",12.66
4490,"Junho",537.36
4490,"Julho",521.85
4490,"Agosto",499.65
4490,"Setembro",841.44
4490,"Outubro",412.8
4490,"Novembro",431.38
4490,"Dezembro",160.13
5777,"Janeiro",811.26
5777,"Fevereiro",482.6
5777,"Março",659.63
5777,"Abril",429.9
5777,"Maio",853.31
5777,"Junho",797.38
5777,"Julho",91.94
5777,"Agosto",138.63
5777,"Setembro",1096.15
5777,"Outubro",908.08
5777,"Novembro",647.49
5777,"Dezembro",484.13
935,"Janeiro",717.82
935,"Fevereiro",4.52
935,"Março",1022.75
935,"Abril",683.43
935,"Maio",314.56
935,"Junho",362.66
935,"Julho",1203
935,"Agosto",668.17
935,"Setembro",944.23
935,"Outubro",514.82
935,"Novembro",1006.96
935,"Dezembro",485.78
8560,"Janeiro",551.53
8560,"Fevereiro",300.67
8560,"Março",565.98
8560,"Abril",694.53
8560,"Maio",1227.5
8560,"Junho",39.2
8560,"Julho",686.31
8560,"Agosto",563.94
8560,"Setembro",828.62
8560,"Outubro",1040.99
8560,"Novembro",1171.07
8560,"Dezembro",38.62
1747,"Janeiro",99.54
1747,"Fevereiro",647.1
1747,"Março",1280.37
1747,"Abril",910.8
1747,"Maio",113.12
1747,"Junho",18.32
1747,"Julho",1149.8
1747,"Agosto",387.65
1747,"Setembro",174.28
1747,"Outubro",44.02
1747,"Novembro",720.62
1747,"Dezembro",1015.97
1410,"Janeiro",546.89
1410,"Fevereiro",379.93
1410,"Março",793.87
1410,"Abril",307.98
1410,"Maio",184.86
1410,"Junho",1251.96
1410,"Julho",776.31
1410,"Agosto",1307.46
1410,"Setembro",46.79
1410,"Outubro",538.34
1410,"Novembro",407.68
1410,"Dezembro",871.68
8221,"Janeiro",1050.2
8221,"Fevereiro",836.93
8221,"Março",543.07
8221,"Abril",184.96
8221,"Maio",141.37
8221,"Junho",1061.06
8221,"Julho",330.55
8221,"Agosto",532.56
8221,"Setembro",412.08
8221,"Outubro",707.26
8221,"Novembro",366.33
8221,"Dezembro",167.96
4941,"Janeiro",843.6
4941,"Fevereiro",457.3
4941,"Março",849.32
4941,"Abril",605.96
4941,"Maio",252.18
4941,"Junho",394.78
4941,"Julho",254.22
4941,"Agosto",914.16
4941,"Setembro",687.31
4941,"Outubro",66.95
4941,"Novembro",651.78
4941,"Dezembro",54.08
1981,"Janeiro",970.25
1981,"Fevereiro",224.27
1981,"Março",80.59
1981,"Abril",1287.46
1981,"Maio",1007.45
1981,"Junho",98.21
1981,"Julho",1113.13
1981,"Agosto",264.62
1981,"Setembro",411.32
1981,"Outubro",1052.45
1981,"Novembro",941.07
1981,"Dezembro",1321.05
5621,"Janeiro",1158.62
5621,"Fevereiro",908.53
5621,"Março",292.43
5621,"Abril",64.05
5621,"Maio",977.93
5621,"Junho",905.29
5621,"Julho",234.94
5621,"Agosto",43.37
5621,"Setembro",186.09
5621,"Outubro",1067.09
5621,"Novembro",185.7
5621,"Dezembro",1209.47
3402,"Janeiro",187.46
3402,"Fevereiro",539.31
3402,"Março",1074.07
3402,"Abril",317.28
3402,"Maio",288.58
3402,"Junho",95.67
3402,"Julho",797.82
3402,"Agosto",38.6
3402,"Setembro",623.53
3402,"Outubro",1080.45
3402,"Novembro",146.06
3402,"Dezembro",1306.45
345,"Janeiro",39.79
345,"Fevereiro",1129.48
345,"Março",735.88
345,"Abril",8.53
345,"Maio",216.83
345,"Junho",309.72
345,"Julho",464.74
345,"Agosto",270.19
345,"Setembro",98
345,"Outubro",1179.53
345,"Novembro",616.15
345,"Dezembro",841.59
7274,"Janeiro",121.56
7274,"Fevereiro",189.34
7274,"Março",548.59
7274,"Abril",816.28
7274,"Maio",262.33
7274,"Junho",1.09
7274,"Julho",752.49
7274,"Agosto",256.26
7274,"Setembro",738.74
7274,"Outubro",1031.17
7274,"Novembro",627.81
7274,"Dezembro",637.53
3774,"Janeiro",341.76
3774,"Fevereiro",995.68
3774,"Março",408.07
3774,"Abril",576.34
3774,"Maio",104.66
3774,"Junho",540.09
3774,"Julho",726.29
3774,"Agosto",1028.38
3774,"Setembro",869.72
3774,"Outubro",359.33
3774,"Novembro",462.55
3774,"Dezembro",1174.82
6043,"Janeiro",837.95
6043,"Fevereiro",133.48
6043,"Março",381.48
6043,"Abril",252.87
6043,"Maio",516.71
6043,"Junho",734.57
6043,"Julho",736.12
6043,"Agosto",253.74
6043,"Setembro",1290.9
6043,"Outubro",277.46
6043,"Novembro",291.4
6043,"Dezembro",169.43
9824,"Janeiro",563.67
9824,"Fevereiro",568.99
9824,"Março",890.99
9824,"Abril",174.01
9824,"Maio",617.03
9824,"Junho",607.29
9824,"Julho",633.07
9824,"Agosto",403.23
9824,"Setembro",892.19
9824,"Outubro",498.64
9824,"Novembro",1214.66
9824,"Dezembro",1107.61
5329,"Janeiro",652.73
5329,"Fevereiro",616.46
5329,"Março",391.86
5329,"Abril",1371.45
5329,"Maio",528.37
5329,"Junho",44.73
5329,"Julho",351.81
5329,"Agosto",562.15
5329,"Setembro",517.94
5329,"Outubro",538.81
5329,"Novembro",552.21
5329,"Dezembro",767.76
1237,"Janeiro",166.19
1237,"Fevereiro",37.57
1237,"Março",97.72
1237,"Abril",353.12
1237,"Maio",657.95
1237,"Junho",114.77
1237,"Julho",363.32
1237,"Agosto",293.32
1237,"Setembro",180.31
1237,"Outubro",598.4
1237,"Novembro",830.96
1237,"Dezembro",245.31
6476,"Janeiro",193.35
6476,"Fevereiro",963.89
6476,"Março",629.89
6476,"Abril",471.75
6476,"Maio",940.41
6476,"Junho",158.87
6476,"Julho",11.06
6476,"Agosto",1079.44
6476,"Setembro",505.31
6476,"Outubro",475.54
6476,"Novembro",591.73
6476,"Dezembro",915.23
3050,"Janeiro",420.25
3050,"Fevereiro",526.62
3050,"Março",1204.82
3050,"Abril",1077.21
3050,"Maio",684.3
3050,"Junho",857.46
3050,"Julho",510.56
3050,"Agosto",61.13
3050,"Setembro",591.35
3050,"Outubro",383.97
3050,"Novembro",1024.27
3050,"Dezembro",1227.25
5045,"Janeiro",229.6
5045,"Fevereiro",231.06
5045,"Março",536.15
5045,"Abril",597.71
5045,"Maio",1194.88
5045,"Junho",406.79
5045,"Julho",243.01
5045,"Agosto",448.02
5045,"Setembro",734.89
5045,"Outubro",684.38
5045,"Novembro",66.39
5045,"Dezembro",957.48
8156,"Janeiro",632.81
8156,"Fevereiro",897.49
8156,"Março",564.18
8156,"Abril",71.57
8156,"Maio",1043.67
8156,"Junho",656.54
8156,"Julho",482.19
8156,"Agosto",237.75
8156,"Setembro",548.32
8156,"Outubro",214.13
8156,"Novembro",995.64
8156,"Dezembro",623.19
294,"Janeiro",996.66
294,"Fevereiro",89.2
294,"Março",1361.75
294,"Abril",950.67
294,"Maio",337.14
294,"Junho",1168.61
294,"Julho",541.62
294,"Agosto",226.57
294,"Setembro",360.1
294,"Outubro",357.18
294,"Novembro",573.62
294,"Dezembro",783.21
4437,"Janeiro",637.53
4437,"Fevereiro",390.01
4437,"Março",863.14
4437,"Abril",1293.31
4437,"Maio",341.7
4437,"Junho",636.87
4437,"Julho",306.89
4437,"Agosto",8.59
4437,"Setembro",657.9
4437,"Outubro",1150.43
4437,"Novembro",657.86
4437,"Dezembro",94.05
736,"Janeiro",782.62
736,"Fevereiro",1032.38
736,"Março",391.72
736,"Abril",44.56
736,"Maio",589.67
736,"Junho",136.87
736,"Julho",224.22
736,"Agosto",885.27
736,"Setembro",1201.1
736,"Outubro",176.68
736,"Novembro",313.14
736,"Dezembro",340.25
6663,"Janeiro",842.42
6663,"Fevereiro",182.65
6663,"Março",555.76
6663,"Abril",1054.57
6663,"Maio",295.87
6663,"Junho",941.77
6663,"Julho",624.02
6663,"Agosto",95.61
6663,"Setembro",554.49
6663,"Outubro",1180.69
6663,"Novembro",625.6
6663,"Dezembro",722.08
1509,"Janeiro",129.48
1509,"Fevereiro",990
1509,"Março",589.05
1509,"Abril",917.36
1509,"Maio",732.95
1509,"Junho",210.08
1509,"Julho",705.45
1509,"Agosto",283.36
1509,"Setembro",272.12
1509,"Outubro",855.11
1509,"Novembro",124.82
1509,"Dezembro",352.64
6502,"Janeiro",750.33
6502,"Fevereiro",424.12
6502,"Março",928.2
6502,"Abril",68.05
6502,"Maio",757.59
6502,"Junho",34.4
6502,"Julho",246.02
6502,"Agosto",880.69
6502,"Setembro",1405.68
6502,"Outubro",268.49
6502,"Novembro",273.73
6502,"Dezembro",804.13
2883,"Janeiro",991.98
2883,"Fevereiro",382.25
2883,"Março",1360.15
2883,"Abril",876.24
2883,"Maio",1112.3
2883,"Junho",280.07
2883,"Julho",612.13
2883,"Agosto",679.86
2883,"Setembro",621.61
2883,"Outubro",461.25
2883,"Novembro",378.39
2883,"Dezembro",312.43
2508,"Janeiro",1166.43
2508,"Fevereiro",818.06
2508,"Março",671.63
2508,"Abril",798.4
2508,"Maio",950.61
2508,"Junho",431.96
2508,"Julho",188.57
2508,"Agosto",1079.28
2508,"Setembro",672.57
2508,"Outubro",161.79
2508,"Novembro",36.18
2508,"Dezembro",413.28
7662,"Janeiro",519.58
7662,"Fevereiro",333.94
7662,"Março",1165.89
7662,"Abril",1132.64
7662,"Maio",697.53
7662,"Junho",193.83
7662,"Julho",887.57
7662,"Agosto",1220.09
7662,"Setembro",410.53
7662,"Outubro",848.96
7662,"Novembro",732.47
7662,"Dezembro",1023.33
1252,"Janeiro",305.37
1252,"Fevereiro",28.6
1252,"Março",628.77
1252,"Abril",132.87
1252,"Maio",1011.32
1252,"Junho",1107.42
1252,"Julho",345.33
1252,"Agosto",417.66
1252,"Setembro",559.19
1252,"Outubro",1014.95
1252,"Novembro",631.48
1252,"Dezembro",1218.25
6147,"Janeiro",131.42
6147,"Fevereiro",1071.36
6147,"Março",167.66
6147,"Abril",1083.04
6147,"Maio",757.66
6147,"Junho",3.26
6147,"Julho",313.71
6147,"Agosto",32.36
6147,"Setembro",562.13
6147,"Outubro",401.28
6147,"Novembro",701.91
6147,"Dezembro",577.64
5110,"Janeiro",659.29
5110,"Fevereiro",1035.08
5110,"Março",663.36
5110,"Abril",880.85
5110,"Maio",1411.61
5110,"Junho",338.68
5110,"Julho",655.7
5110,"Agosto",716.28
5110,"Setembro",984.28
5110,"Outubro",942.86
5110,"Novembro",310.14
5110,"Dezembro",716.9
1789,"Janeiro",158.26
1789,"Fevereiro",206.13
1789,"Março",703.97
1789,"Abril",1084.4
1789,"Maio",429.96
1789,"Junho",79.51
1789,"Julho",818.65
1789,"Agosto",1129.54
1789,"Setembro",1248.51
1789,"Outubro",1293.74
1789,"Novembro",260.12
1789,"Dezembro",208.09
1054,"Janeiro",840.29
1054,"Fevereiro",650.68
1054,"Março",16.64
1054,"Abril",653.53
1054,"Maio",545.92
1054,"Junho",819.74
1054,"Julho",994.22
1054,"Agosto",547.45
1054,"Setembro",168.97
1054,"Outubro",666.29
1054,"Novembro",589.74
1054,"Dezembro",1020.7
2948,"Janeiro",387.68
2948,"Fevereiro",750.78
2948,"Março",973.26
2948,"Abril",112.2
2948,"Maio",162.66
2948,"Junho",180.96
2948,"Julho",400.34
2948,"Agosto",480.91
2948,"Setembro",629.28
2948,"Outubro",743.34
2948,"Novembro",718.23
2948,"Dezembro",146.33
681,"Janeiro",380.63
681,"Fevereiro",1151.93
681,"Março",249.23
681,"Abril",328.53
681,"Maio",205.01
681,"Junho",847.29
681,"Julho",430.97
681,"Agosto",1063.01
681,"Setembro",147.08
681,"Outubro",1223.18
681,"Novembro",62.36
681,"Dezembro",374.53
9921,"Janeiro",1072.52
9921,"Fevereiro",804.17
9921,"Março",1201.01
9921,"Abril",1130.28
9921,"Maio",1094.42
9921,"Junho",1214.64
9921,"Julho",350.18
9921,"Agosto",324.67
9921,"Setembro",1506.04
9921,"Outubro",568.25
9921,"Novembro",28.47
9921,"Dezembro",1028.97
3097,"Janeiro",625.2
3097,"Fevereiro",975.59
3097,"Março",267.58
3097,"Abril",184.52
3097,"Maio",575.74
3097,"Junho",895.68
3097,"Julho",449.52
3097,"Agosto",159.56
3097,"Setembro",347.99
3097,"Outubro",130.28
3097,"Novembro",423.96
3097,"Dezembro",52.88
6331,"Janeiro",577.15
6331,"Fevereiro",728.75
6331,"Março",643.48
6331,"Abril",587.73
6331,"Maio",588.76
6331,"Junho",343.73
6331,"Julho",1001.23
6331,"Agosto",27.07
6331,"Setembro",358.74
6331,"Outubro",843.31
6331,"Novembro",346.43
6331,"Dezembro",1184.67
1225,"Janeiro",500.28
1225,"Fevereiro",1175.12
1225,"Março",445.95
1225,"Abril",514.39
1225,"Maio",955.17
1225,"Junho",498.06
1225,"Julho",1363.81
1225,"Agosto",618.88
1225,"Setembro",574.44
1225,"Outubro",101.29
1225,"Novembro",387.57
1225,"Dezembro",791.41
8883,"Janeiro",808.23
8883,"Fevereiro",391.27
8883,"Março",799.18
8883,"Abril",271.57
8883,"Maio",472.78
8883,"Junho",887.38
8883,"Julho",511.66
8883,"Agosto",1178.42
8883,"Setembro",940.81
8883,"Outubro",488.57
8883,"Novembro",67.61
8883,"Dezembro",926.26
1294,"Janeiro",848.08
1294,"Fevereiro",214.5
1294,"Março",931.21
1294,"Abril",255.1
1294,"Maio",881.05
1294,"Junho",798.04
1294,"Julho",125.3
1294,"Agosto",667.36
1294,"Setembro",753.05
1294,"Outubro",291.72
1294,"Novembro",1037.28
1294,"Dezembro",381.83
4173,"Janeiro",355.56
4173,"Fevereiro",549.02
4173,"Março",679.08
4173,"Abril",1001.03
4173,"Maio",781.86
4173,"Junho",1235.49
4173,"Julho",593.21
4173,"Agosto",317.62
4173,"Setembro",316.34
4173,"Outubro",901.24
4173,"Novembro",781.4
4173,"Dezembro",659.73
733,"Janeiro",473.72
733,"Fevereiro",196.23
733,"Março",1220.59
733,"Abril",668.7
733,"Maio",431.48
733,"Junho",213.32
733,"Julho",790.86
733,"Agosto",211.15
733,"Setembro",951.27
733,"Outubro",999.48
733,"Novembro",410.4
733,"Dezembro",152.04
7022,"Janeiro",723.04
7022,"Fevereiro",698.21
7022,"Março",789.25
7022,"Abril",795.22
7022,"Maio",533.75
7022,"Junho",1209.26
7022,"Julho",745.07
7022,"Agosto",746.19
7022,"Setembro",407.63
7022,"Outubro",814.82
7022,"Novembro",941.59
7022,"Dezembro",904.35
5035,"Janeiro",1451.15
5035,"Fevereiro",158.83
5035,"Março",577.61
5035,"Abril",422.9
5035,"Maio",1035.83
5035,"Junho",1521.04
5035,"Julho",1071.71
5035,"Agosto",7.89
5035,"Setembro",800.27
5035,"Outubro",927.46
5035,"Novembro",898.29
5035,"Dezembro",408.91
2759,"Janeiro",965.18
2759,"Fevereiro",738.66
2759,"Março",732.09
2759,"Abril",866.02
2759,"Maio",446.66
2759,"Junho",834.76
2759,"Julho",503.38
2759,"Agosto",226.65
2759,"Setembro",437.04
2759,"Outubro",434.63
2759,"Novembro",151.01
2759,"Dezembro",414.73
1501,"Janeiro",167.21
1501,"Fevereiro",525.68
1501,"Março",124.58
1501,"Abril",346.68
1501,"Maio",353.24
1501,"Junho",1306.8
1501,"Julho",792.66
1501,"Agosto",650.21
1501,"Setembro",575.26
1501,"Outubro",579.23
1501,"Novembro",728.31
1501,"Dezembro",109.37
6994,"Janeiro",50.36
6994,"Fevereiro",579.69
6994,"Março",280.27
6994,"Abril",997.44
6994,"Maio",178.88
6994,"Junho",523.92
6994,"Julho",435.52
6994,"Agosto",174.84
6994,"Setembro",578.04
6994,"Outubro",703.84
6994,"Novembro",384.99
6994,"Dezembro",566.33
5092,"Janeiro",11.16
5092,"Fevereiro",518.02
5092,"Março",544.58
5092,"Abril",1035.26
5092,"Maio",1253.55
5092,"Junho",1070.28
5092,"Julho",159.87
5092,"Agosto",693.4
5092,"Setembro",961
5092,"Outubro",244.15
5092,"Novembro",624.01
5092,"Dezembro",682.07
732,"Janeiro",396.95
732,"Fevereiro",1223.99
732,"Março",790.01
732,"Abril",815.37
732,"Maio",872.74
732,"Junho",155.05
732,"Julho",736.86
732,"Agosto",593.65
732,"Setembro",475.61
732,"Outubro",779.15
732,"Novembro",336.17
732,"Dezembro",1130.81
8973,"Janeiro",1074.64
8973,"Fevereiro",638.66
8973,"Março",1414.85
8973,"Abril",112.06
8973,"Maio",66.28
8973,"Junho",443.98
8973,"Julho",15.16
8973,"Agosto",577.82
8973,"Setembro",705.18
8973,"Outubro",226.47
8973,"Novembro",307.24
8973,"Dezembro",968.41
6197,"Janeiro",916.42
6197,"Fevereiro",210.95
6197,"Março",905.95
6197,"Abril",902.52
6197,"Maio",84.17
6197,"Junho",371.31
6197,"Julho",441.75
6197,"Agosto",38.94
6197,"Setembro",1012.76
6197,"Outubro",559.47
6197,"Novembro",344.77
6197,"Dezembro",138.77
6485,"Janeiro",653.24
6485,"Fevereiro",709.69
6485,"Março",838.75
6485,"Abril",166.59
6485,"Maio",380.78
6485,"Junho",467.31
6485,"Julho",709.62
6485,"Agosto",112.64
6485,"Setembro",241.59
6485,"Outubro",512.24
6485,"Novembro",430.48
6485,"Dezembro",323.48
6744,"Janeiro",1160.4
6744,"Fevereiro",969.17
6744,"Março",601.34
6744,"Abril",48.1
6744,"Maio",777.05
6744,"Junho",117.39
6744,"Julho",1125.74
6744,"Agosto",835.5
6744,"Setembro",37.77
6744,"Outubro",694.61
6744,"Novembro",725.67
6744,"Dezembro",149.53
2940,"Janeiro",767.29
2940,"Fevereiro",340.26
2940,"Março",187.31
2940,"Abril",1045.38
2940,"Maio",1403.7
2940,"Junho",619.75
2940,"Julho",557.72
2940,"Agosto",445
2940,"Setembro",451.62
2940,"Outubro",1122.12
2940,"Novembro",1014.33
2940,"Dezembro",83.96
8267,"Janeiro",477.85
8267,"Fevereiro",206.63
8267,"Março",487.13
8267,"Abril",326.57
8267,"Maio",1227.35
8267,"Junho",255.94
8267,"Julho",12.91
8267,"Agosto",446.69
8267,"Setembro",1057.76
8267,"Outubro",703.18
8267,"Novembro",225.61
8267,"Dezembro",735.18
4282,"Janeiro",701.16
4282,"Fevereiro",192.96
4282,"Março",356.76
4282,"Abril",1153.86
4282,"Maio",1244.31
4282,"Junho",543.19
4282,"Julho",424.94
4282,"Agosto",671.82
4282,"Setembro",76.71
4282,"Outubro",635.26
4282,"Novembro",578.18
4282,"Dezembro",691.73
2083,"Janeiro",558.43
2083,"Fevereiro",838.9
2083,"Março",496.41
2083,"Abril",58.71
2083,"Maio",257.08
2083,"Junho",365.06
2083,"Julho",113.9
2083,"Agosto",26.68
2083,"Setembro",723.1
2083,"Outubro",335.42
2083,"Novembro",1116.09
2083,"Dezembro",112.31
2259,"Janeiro",139.78
2259,"Fevereiro",1243.63
2259,"Março",483.67
2259,"Abril",548.26
2259,"Maio",795.91
2259,"Junho",780.61
2259,"Julho",165.3
2259,"Agosto",828.6
2259,"Setembro",398.28
2259,"Outubro",478.68
2259,"Novembro",550.86
2259,"Dezembro",385.83
7569,"Janeiro",1103.69
7569,"Fevereiro",668.64
7569,"Março",184.52
7569,"Abril",1086.28
7569,"Maio",779.18
7569,"Junho",995.68
7569,"Julho",520.97
7569,"Agosto",614.13
7569,"Setembro",767.81
7569,"Outubro",314.48
7569,"Novembro",1172.78
7569,"Dezembro",122.48
3144,"Janeiro",883.15
3144,"Fevereiro",828.45
3144,"Março",233.57
3144,"Abril",347.18
3144,"Maio",1095.81
3144,"Junho",269.22
3144,"Julho",796.35
3144,"Agosto",215.95
3144,"Setembro",757.79
3144,"Outubro",1193.97
3144,"Novembro",784.89
3144,"Dezembro",606.75
927,"Janeiro",1211.87
927,"Fevereiro",293.63
927,"Março",1068.03
927,"Abril",619.6
927,"Maio",1013.15
927,"Junho",211.63
927,"Julho",56.3
927,"Agosto",365.12
927,"Setembro",189.77
927,"Outubro",274.46
927,"Novembro",1132.71
927,"Dezembro",648.35
4312,"Janeiro",329.71
4312,"Fevereiro",623.12
4312,"Março",1274.75
4312,"Abril",495.16
4312,"Maio",906.64
4312,"Junho",833.2
4312,"Julho",1321.81
4312,"Agosto",1080.7
4312,"Setembro",466.09
4312,"Outubro",396.6
4312,"Novembro",282.98
4312,"Dezembro",61.86
1412,"Janeiro",81.47
1412,"Fevereiro",91.49
1412,"Março",101.92
1412,"Abril",801.27
1412,"Maio",1149.5
1412,"Junho",264.19
1412,"Julho",518.9
1412,"Agosto",517.08
1412,"Setembro",17.47
1412,"Outubro",441.11
1412,"Novembro",12.47
1412,"Dezembro",534.49
9986,"Janeiro",768.35
9986,"Fevereiro",528.86
9986,"Março",708.83
9986,"Abril",73.75
9986,"Maio",957.27
9986,"Junho",572.04
9986,"Julho",1159.66
9986,"Agosto",416
9986,"Setembro",567.52
9986,"Outubro",369.55
9986,"Novembro",1180
9986,"Dezembro",836.55
5016,"Janeiro",243.8
5016,"Fevereiro",482.04
5016,"Março",740.49
5016,"Abril",1027.75
5016,"Maio",25.78
5016,"Junho",691.78
5016,"Julho",759.18
5016,"Agosto",1492.37
5016,"Setembro",93.14
5016,"Outubro",1107.16
5016,"Novembro",136.71
5016,"Dezembro",554.47
161,"Janeiro",1233.29
161,"Fevereiro",200.79
161,"Março",937.51
161,"Abril",662.36
161,"Maio",64
161,"Junho",226.09
161,"Julho",559.16
161,"Agosto",527.05
161,"Setembro",760.38
161,"Outubro",1053.96
161,"Novembro",551.84
161,"Dezembro",472.8
9587,"Janeiro",713.56
9587,"Fevereiro",241.46
9587,"Março",903.78
9587,"Abril",538.42
9587,"Maio",153.23
9587,"Junho",682.08
9587,"Julho",187.76
9587,"Agosto",29.95
9587,"Setembro",876.8
9587,"Outubro",922.15
9587,"Novembro",78.56
9587,"Dezembro",832.9
6164,"Janeiro",838.12
6164,"Fevereiro",240.7
6164,"Março",856.17
6164,"Abril",1154
6164,"Maio",1226.98
6164,"Junho",66.81
6164,"Julho",859.09
6164,"Agosto",37.85
6164,"Setembro",1315.45
6164,"Outubro",581.89
6164,"Novembro",814.65
6164,"Dezembro",361.5
7420,"Janeiro",715.71
7420,"Fevereiro",810.29
7420,"Março",137.88
7420,"Abril",184.43
7420,"Maio",380.84
7420,"Junho",654.76
7420,"Julho",714.87
7420,"Agosto",1111
7420,"Setembro",170.6
7420,"Outubro",484.82
7420,"Novembro",813.88
7420,"Dezembro",307.61
9831,"Janeiro",594.9
9831,"Fevereiro",499.49
9831,"Março",575.2
9831,"Abril",1098.26
9831,"Maio",467.51
9831,"Junho",112.12
9831,"Julho",187.41
9831,"Agosto",633.16
9831,"Setembro",840.83
9831,"Outubro",963.41
9831,"Novembro",100.39
9831,"Dezembro",817.11
12,"Janeiro",69.18
12,"Fevereiro",397.02
12,"Março",1147.46
12,"Abril",1364.58
12,"Maio",1004.66
12,"Junho",136.96
12,"Julho",727.96
12,"Agosto",879.35
12,"Setembro",828.26
12,"Outubro",1124.59
12,"Novembro",1226.12
12,"Dezembro",867.89
3016,"Janeiro",816
3016,"Fevereiro",816.84
3016,"Março",445.41
3016,"Abril",1230.71
3016,"Maio",555.77
3016,"Junho",745.27
3016,"Julho",280.67
3016,"Agosto",251.74
3016,"Setembro",1423.07
3016,"Outubro",1394.01
3016,"Novembro",726.17
3016,"Dezembro",117.48
1362,"Janeiro",923.01
1362,"Fevereiro",616.55
1362,"Março",648.25
1362,"Abril",933.72
1362,"Maio",498.48
1362,"Junho",11.06
1362,"Julho",145.66
1362,"Agosto",1229.89
1362,"Setembro",1050.26
1362,"Outubro",595.55
1362,"Novembro",302.26
1362,"Dezembro",1118.43
2151,"Janeiro",840.6
2151,"Fevereiro",283.56
2151,"Março",222.94
2151,"Abril",500.38
2151,"Maio",260.8
2151,"Junho",147.06
2151,"Julho",375.39
2151,"Agosto",521.46
2151,"Setembro",948.01
2151,"Outubro",1111.26
2151,"Novembro",1027.07
2151,"Dezembro",750.48
4637,"Janeiro",82.59
4637,"Fevereiro",95.03
4637,"Março",934.2
4637,"Abril",747.24
4637,"Maio",1082.84
4637,"Junho",3.46
4637,"Julho",62.19
4637,"Agosto",745.33
4637,"Setembro",1369.07
4637,"Outubro",133.37
4637,"Novembro",1034.02
4637,"Dezembro",968.07
4577,"Janeiro",575.97
4577,"Fevereiro",234.41
4577,"Março",1109.93
4577,"Abril",342.22
4577,"Maio",1221.73
4577,"Junho",382.45
4577,"Julho",76.62
4577,"Agosto",880.31
4577,"Setembro",733
4577,"Outubro",1295.07
4577,"Novembro",59.49
4577,"Dezembro",944.39
2509,"Janeiro",360.69
2509,"Fevereiro",1241.68
2509,"Março",1163.39
2509,"Abril",831.65
2509,"Maio",1114.09
2509,"Junho",790.58
2509,"Julho",474.9
2509,"Agosto",179.12
2509,"Setembro",1006.15
2509,"Outubro",775.39
2509,"Novembro",59.88
2509,"Dezembro",441.63
6851,"Janeiro",436.08
6851,"Fevereiro",502.24
6851,"Março",581.78
6851,"Abril",106.5
6851,"Maio",1340.19
6851,"Junho",384.42
6851,"Julho",103.08
6851,"Agosto",1331.27
6851,"Setembro",1195.44
6851,"Outubro",628.76
6851,"Novembro",515.21
6851,"Dezembro",984.29
