"NUM_CLIENTE","MES_MG","VALOR_MG_CONTRIBUICAO"
9179,"Janeiro",35.62
9179,"Fevereiro",31.26
9179,"Março",38.07
9179,"Abril",88.88
9179,"Maio",24.82
9179,"Junho",11.28
9179,"Julho",14.57
9179,"Agosto",91.65
9179,"Setembro",18.03
9179,"Outubro",82.34
9179,"Novembro",29.78
9179,"Dezembro",30.64
5844,"Janeiro",64.92
5844,"Fevereiro",92.37
5844,"Março",82.52
5844,"Abril",12.24
5844,"Maio",37.51
5844,"Junho",47.59
5844,"Julho",2.83
5844,"Agosto",12.51
5844,"Setembro",66.9
5844,"Outubro",81.84
5844,"Novembro",69.34
5844,"Dezembro",38.79
2028,"Janeiro",68.23
2028,"Fevereiro",11.21
2028,"Março",93.81
2028,"Abril",29.7
2028,"Maio",66.11
2028,"Junho",10.74
2028,"Julho",12.91
2028,"Agosto",20.65
2028,"Setembro",1.04
2028,"Outubro",63.46
2028,"Novembro",38.56
2028,"Dezembro",83.69
8041,"Janeiro",66.69
8041,"Fevereiro",67.77
8041,"Março",9.12
8041,"Abril",89.22
8041,"Maio",27.35
8041,"Junho",69.2
8041,"Julho",66.36
8041,"Agosto",67.66
8041,"Setembro",56.85
8041,"Outubro",1.89
8041,"Novembro",8.84
8041,"Dezembro",34.16
2292,"Janeiro",44.13
2292,"Fevereiro",46.53
2292,"Março",27.37
2292,"Abril",67.86
2292,"Maio",32.06
2292,"Junho",17.37
2292,"Julho",67.27
2292,"Agosto",53.63
2292,"Setembro",53.25
2292,"Outubro",17.94
2292,"Novembro",57.78
2292,"Dezembro",52.23
9591,"Janeiro",73.62
9591,"Fevereiro",42.92
9591,"Março",80.61
9591,"Abril",2.41
9591,"Maio",77.86
9591,"Junho",60.18
9591,"Julho",91.06
9591,"Agosto",73.02
9591,"Setembro",36.34
9591,"Outubro",6.93
9591,"Novembro",49.01
9591,"Dezembro",16.14
3902,"Janeiro",24.84
3902,"Fevereiro",39.56
3902,"Março",61.86
3902,"Abril",32.69
3902,"Maio",8.28
3902,"Junho",62.01
3902,"Julho",29.04
3902,"Agosto",9.52
3902,"Setembro",50.29
3902,"Outubro",24.12
3902,"Novembro",35.83
3902,"Dezembro",97.92
5363,"Janeiro",6.91
5363,"Fevereiro",79.14
5363,"Março",6.44
5363,"Abril",81.7
5363,"Maio",15.51
5363,"Junho",39.94
5363,"Julho",51.54
5363,"Agosto",94.93
5363,"Setembro",59.8
5363,"Outubro",9.86
5363,"Novembro",99.96
5363,"Dezembro",68.78
9492,"Janeiro",0.52
9492,"Fevereiro",77.37
9492,"Março",34.8
9492,"Abril",23.53
9492,"Maio",82.97
9492,"Junho",4.77
9492,"Julho",21.68
9492,"Agosto",3.32
9492,"Setembro",55.44
9492,"Outubro",17.9
9492,"Novembro",60.52
9492,"Dezembro",15.63
4842,"Janeiro",50.2
4842,"Fevereiro",5.12
4842,"Março",42.89
4842,"Abril",48.76
4842,"Maio",21.49
4842,"Junho",15.56
4842,"Julho",40.72
4842,"Agosto",27.34
4842,"Setembro",36.44
4842,"Outubro",81.25
4842,"Novembro",86.78
4842,"Dezembro",30.19
6898,"Janeiro",25.3
6898,"Fevereiro",12.02
6898,"Março",59.77
6898,"Abril",11.27
6898,"Maio",72.44
6898,"Junho",57.33
6898,"Julho",71.74
6898,"Agosto",86.13
6898,"Setembro",78.69
6898,"Outubro",6.01
6898,"Novembro",46.6
6898,"Dezembro",49.07
6050,"Janeiro",16.63
6050,"Fevereiro",59.2
6050,"Março",75.07
6050,"Abril",49.06
6050,"Maio",89.51
6050,"Junho",54.49
6050,"Julho",35.92
6050,"Agosto",7.07
6050,"Setembro",39.8
6050,"Outubro",41.51
6050,"Novembro",70.37
6050,"Dezembro",11.95
1945,"Janeiro",13.49
1945,"Fevereiro",72.88
1945,"Março",87.17
1945,"Abril",29.82
1945,"Maio",56.12
1945,"Junho",98.5
1945,"Julho",70.3
1945,"Agosto",9.57
1945,"Setembro",42.64
1945,"Outubro",77.68
1945,"Novembro",71.26
1945,"Dezembro",17.93
1075,"Janeiro",22.27
1075,"Fevereiro",16.74
1075,"Março",12.34
1075,"Abril",69.58
1075,"Maio",68.84
1075,"Junho",65.28
1075,"Julho",20.99
1075,"Agosto",54.83
1075,"Setembro",1.75
1075,"Outubro",38.83
1075,"Novembro",3.12
1075,"Dezembro",49.03
9734,"Janeiro",22.08
9734,"Fevereiro",1.52
9734,"Março",47.33
9734,"Abril",97.59
9734,"Maio",66.85
9734,"Junho",38.92
9734,"Julho",7.74
9734,"Agosto",99.59
9734,"Setembro",49.36
9734,"Outubro",83.66
9734,"Novembro",51
9734,"Dezembro",97.41
1740,"Janeiro",76.5
1740,"Fevereiro",77.98
1740,"Março",22.14
1740,"Abril",48.66
1740,"Maio",27.25
1740,"Junho",40.86
1740,"Julho",76.14
1740,"Agosto",66.42
1740,"Setembro",69.18
1740,"Outubro",46.02
1740,"Novembro",19.14
1740,"Dezembro",42.09
9268,"Janeiro",27.7
9268,"Fevereiro",51.54
9268,"Março",39.03
9268,"Abril",79.83
9268,"Maio",65.19
9268,"Junho",52.34
9268,"Julho",68.01
9268,"Agosto",72.79
9268,"Setembro",42.34
9268,"Outubro",21.29
9268,"Novembro",89.18
9268,"Dezembro",53.16
187,"Janeiro",67.97
187,"Fevereiro",15.12
187,"Março",10.64
187,"Abril",30.86
187,"Maio",19.48
187,"Junho",71.14
187,"Julho",78.77
187,"Agosto",74.38
187,"Setembro",54.32
187,"Outubro",65.71
187,"Novembro",72.1
187,"Dezembro",27.9
1632,"Janeiro",95.19
1632,"Fevereiro",54.33
1632,"Março",0.9
1632,"Abril",8.91
1632,"Maio",87.58
1632,"Junho",75.25
1632,"Julho",79.17
1632,"Agosto",89.06
1632,"Setembro",18.69
1632,"Outubro",90.98
1632,"Novembro",12.71
1632,"Dezembro",94.59
6715,"Janeiro",63.19
6715,"Fevereiro",91.67
6715,"Março",20.94
6715,"Abril",16.93
6715,"Maio",19.03
6715,"Junho",61.7
6715,"Julho",44.28
6715,"Agosto",71.25
6715,"Setembro",27.01
6715,"Outubro",62.11
6715,"Novembro",96.25
6715,"Dezembro",41.86
4304,"Janeiro",72.8
4304,"Fevereiro",55.82
4304,"Março",74.69
4304,"Abril",54.58
4304,"Maio",85.04
4304,"Junho",70.41
4304,"Julho",36.66
4304,"Agosto",86.17
4304,"Setembro",51.35
4304,"Outubro",45.91
4304,"Novembro",13.97
4304,"Dezembro",61.35
1330,"Janeiro",45.21
1330,"Fevereiro",58.51
1330,"Março",91.81
1330,"Abril",57.33
1330,"Maio",28.54
1330,"Junho",72.39
1330,"Julho",82.69
1330,"Agosto",80.04
1330,"Setembro",76.39
1330,"Outubro",35.19
1330,"Novembro",15.38
1330,"Dezembro",15.28
590,"Janeiro",30.91
590,"Fevereiro",91.54
590,"Março",46.22
590,"Abril",20.59
590,"Maio",56.69
590,"Junho",88.43
590,"Julho",22.25
590,"Agosto",71.49
590,"Setembro",20.32
590,"Outubro",53.29
590,"Novembro",48.04
590,"Dezembro",34.6
8656,"Janeiro",61.21
8656,"Fevereiro",59.54
8656,"Março",30.36
8656,"Abril",92.65
8656,"Maio",69.46
8656,"Junho",0.62
8656,"Julho",23.1
8656,"Agosto",0.69
8656,"Setembro",58.22
8656,"Outubro",80.01
8656,"Novembro",7.06
8656,"Dezembro",87.9
4421,"Janeiro",65.48
4421,"Fevereiro",59.79
4421,"Março",39.88
4421,"Abril",51.66
4421,"Maio",32.69
4421,"Junho",6.74
4421,"Julho",22.73
4421,"Agosto",48.68
4421,"Setembro",57.22
4421,"Outubro",70.77
4421,"Novembro",15.97
4421,"Dezembro",50.51
8611,"Janeiro",69.87
8611,"Fevereiro",41.52
8611,"Março",46.72
8611,"Abril",61.94
8611,"Maio",56.46
8611,"Junho",19.93
8611,"Julho",11.79
8611,"Agosto",97.9
8611,"Setembro",46.62
8611,"Outubro",30.65
8611,"Novembro",94.86
8611,"Dezembro",66.03
3901,"Janeiro",94.56
3901,"Fevereiro",68.85
3901,"Março",94.08
3901,"Abril",74.85
3901,"Maio",42.36
3901,"Junho",55.45
3901,"Julho",55.82
3901,"Agosto",12.62
3901,"Setembro",14.42
3901,"Outubro",8.09
3901,"Novembro",2.51
3901,"Dezembro",98.14
3202,"Janeiro",93.21
3202,"Fevereiro",15.45
3202,"Março",40.84
3202,"Abril",29.78
3202,"Maio",39.88
3202,"Junho",42.43
3202,"Julho",62.65
3202,"Agosto",10.99
3202,"Setembro",34
3202,"Outubro",17.59
3202,"Novembro",62.82
3202,"Dezembro",9.43
3652,"Janeiro",84.55
3652,"Fevereiro",13.5
3652,"Março",36.54
3652,"Abril",43.01
3652,"Maio",97
3652,"Junho",3.04
3652,"Julho",60.13
3652,"Agosto",74.85
3652,"Setembro",0.05
3652,"Outubro",20.16
3652,"Novembro",78.15
3652,"Dezembro",84.74
4021,"Janeiro",80.79
4021,"Fevereiro",79.43
4021,"Março",47.99
4021,"Abril",89.44
4021,"Maio",45.09
4021,"Junho",43.4
4021,"Julho",3.36
4021,"Agosto",3
4021,"Setembro",35.8
4021,"Outubro",35.43
4021,"Novembro",64.84
4021,"Dezembro",87.88
2617,"Janeiro",64.09
2617,"Fevereiro",66.18
2617,"Março",66.99
2617,"Abril",34.88
2617,"Maio",81.84
2617,"Junho",78.63
2617,"Julho",49.02
2617,"Agosto",9.14
2617,"Setembro",91.69
2617,"Outubro",13.26
2617,"Novembro",74.6
2617,"Dezembro",14.15
9427,"Janeiro",24.1
9427,"Fevereiro",35.14
9427,"Março",14.7
9427,"Abril",77.14
9427,"Maio",46.65
9427,"Junho",85.54
9427,"Julho",62.96
9427,"Agosto",89.31
9427,"Setembro",34.86
9427,"Outubro",84.16
9427,"Novembro",25.53
9427,"Dezembro",43.55
6028,"Janeiro",17.5
6028,"Fevereiro",11.81
6028,"Março",96.6
6028,"Abril",68.74
6028,"Maio",96.65
6028,"Junho",94.96
6028,"Julho",47.43
6028,"Agosto",6.07
6028,"Setembro",90.03
6028,"Outubro",1.96
6028,"Novembro",13.28
6028,"Dezembro",4.24
2331,"Janeiro",98.53
2331,"Fevereiro",14.36
2331,"Março",57.66
2331,"Abril",9.96
2331,"Maio",9.85
2331,"Junho",33.33
2331,"Julho",82.01
2331,"Agosto",38.93
2331,"Setembro",24.63
2331,"Outubro",83.04
2331,"Novembro",3.64
2331,"Dezembro",68.1
8319,"Janeiro",54.38
8319,"Fevereiro",75.78
8319,"Março",27.8
8319,"Abril",92.13
8319,"Maio",74.93
8319,"Junho",9.62
8319,"Julho",52.23
8319,"Agosto",4.85
8319,"Setembro",92
8319,"Outubro",26.59
8319,"Novembro",12.19
8319,"Dezembro",90.01
4223,"Janeiro",39.75
4223,"Fevereiro",35.55
4223,"Março",40.85
4223,"Abril",96.19
4223,"Maio",97.94
4223,"Junho",70.76
4223,"Julho",26.51
4223,"Agosto",14.05
4223,"Setembro",55.86
4223,"Outubro",78.37
4223,"Novembro",38.69
4223,"Dezembro",32.92
3339,"Janeiro",55.47
3339,"Fevereiro",28.27
3339,"Março",10.23
3339,"Abril",99.82
3339,"Maio",90.27
3339,"Junho",69.9
3339,"Julho",12.64
3339,"Agosto",96.55
3339,"Setembro",46.92
3339,"Outubro",93.11
3339,"Novembro",1.27
3339,"Dezembro",85.81
7966,"Janeiro",72.66
7966,"Fevereiro",18.06
7966,"Março",45.73
7966,"Abril",18.69
7966,"Maio",8.63
7966,"Junho",14.3
7966,"Julho",50.42
7966,"Agosto",56.09
7966,"Setembro",6.88
7966,"Outubro",27.51
7966,"Novembro",12.93
7966,"Dezembro",74.16
8531,"Janeiro",58.88
8531,"Fevereiro",87.01
8531,"Março",3.09
8531,"Abril",8.37
8531,"Maio",0.19
8531,"Junho",71.84
8531,"Julho",86.77
8531,"Agosto",59.64
8531,"Setembro",29.2
8531,"Outubro",61.77
8531,"Novembro",88.24
8531,"Dezembro",19.93
876,"Janeiro",57.65
876,"Fevereiro",18.8
876,"Março",50.05
876,"Abril",11.05
876,"Maio",19.52
876,"Junho",39.22
876,"Julho",77.71
876,"Agosto",29.74
876,"Setembro",84.57
876,"Outubro",56.4
876,"Novembro",42.62
876,"Dezembro",93.88
1253,"Janeiro",67.42
1253,"Fevereiro",55.95
1253,"Março",4.87
1253,"Abril",52.35
1253,"Maio",87.42
1253,"Junho",93.75
1253,"Julho",29.85
1253,"Agosto",31.63
1253,"Setembro",60.38
1253,"Outubro",76.66
1253,"Novembro",77.47
1253,"Dezembro",33.39
9122,"Janeiro",57.74
9122,"Fevereiro",63.52
9122,"Março",4.27
9122,"Abril",37.96
9122,"Maio",46.35
9122,"Junho",78.35
9122,"Julho",83.42
9122,"Agosto",18.85
9122,"Setembro",17.01
9122,"Outubro",85.36
9122,"Novembro",25.23
9122,"Dezembro",54.79
7741,"Janeiro",44.83
7741,"Fevereiro",65.85
7741,"Março",32.87
7741,"Abril",66.95
7741,"Maio",23.27
7741,"Junho",82.33
7741,"Julho",97.59
7741,"Agosto",44.99
7741,"Setembro",86.77
7741,"Outubro",86.65
7741,"Novembro",39.1
7741,"Dezembro",43.42
8625,"Janeiro",35.62
8625,"Fevereiro",61.01
8625,"Março",88.11
8625,"Abril",22.87
8625,"Maio",20.74
8625,"Junho",13.87
8625,"Julho",83.56
8625,"Agosto",82.68
8625,"Setembro",71.25
8625,"Outubro",81.63
8625,"Novembro",10.06
8625,"Dezembro",86.09
2882,"Janeiro",87.3
2882,"Fevereiro",7.44
2882,"Março",92.33
2882,"Abril",88.52
2882,"Maio",94.76
2882,"Junho",68.36
2882,"Julho",88.16
2882,"Agosto",77.19
2882,"Setembro",76.08
2882,"Outubro",62.37
2882,"Novembro",83.56
2882,"Dezembro",74.95
3858,"Janeiro",13.05
3858,"Fevereiro",56.56
3858,"Março",75.73
3858,"Abril",50.61
3858,"Maio",94.1
3858,"Junho",24.96
3858,"Julho",2.68
3858,"Agosto",94.49
3858,"Setembro",56.25
3858,"Outubro",20.96
3858,"Novembro",86.3
3858,"Dezembro",79.05
7555,"Janeiro",74.34
7555,"Fevereiro",86.2
7555,"Março",29.63
7555,"Abril",29.68
7555,"Maio",88.75
7555,"Junho",59.16
7555,"Julho",28.15
7555,"Agosto",55.25
7555,"Setembro",66.58
7555,"Outubro",76.95
7555,"Novembro",9.63
7555,"Dezembro",69.41
4232,"Janeiro",32.38
4232,"Fevereiro",41.54
4232,"Março",74.76
4232,"Abril",36.32
4232,"Maio",18.64
4232,"Junho",37.88
4232,"Julho",92.05
4232,"Agosto",80.57
4232,"Setembro",82.82
4232,"Outubro",45.45
4232,"Novembro",61.26
4232,"Dezembro",49.21
9931,"Janeiro",46.81
9931,"Fevereiro",74.18
9931,"Março",18.12
9931,"Abril",26.79
9931,"Maio",30.56
9931,"Junho",22.69
9931,"Julho",84.87
9931,"Agosto",11.92
9931,"Setembro",59.84
9931,"Outubro",84.17
9931,"Novembro",74.34
9931,"Dezembro",75.09
4600,"Janeiro",47.78
4600,"Fevereiro",69.46
4600,"Março",35.64
4600,"Abril",80.56
4600,"Maio",92.57
4600,"Junho",4.37
4600,"Julho",86.05
4600,"Agosto",86.24
4600,"Setembro",35.7
4600,"Outubro",8.09
4600,"Novembro",59.99
4600,"Dezembro",41.76
6945,"Janeiro",59.2
6945,"Fevereiro",50.26
6945,"Março",83.92
6945,"Abril",7.06
6945,"Maio",75.91
6945,"Junho",1.81
6945,"Julho",59.54
6945,"Agosto",43.24
6945,"Setembro",99.08
6945,"Outubro",78.66
6945,"Novembro",82.18
6945,"Dezembro",34.93
6053,"Janeiro",38.32
6053,"Fevereiro",36.34
6053,"Março",36.89
6053,"Abril",65.57
6053,"Maio",12.26
6053,"Junho",94.14
6053,"Julho",81.58
6053,"Agosto",77.28
6053,"Setembro",55.57
6053,"Outubro",85.16
6053,"Novembro",1.27
6053,"Dezembro",15.7
7850,"Janeiro",35.69
7850,"Fevereiro",39.32
7850,"Março",34.61
7850,"Abril",98.64
7850,"Maio",54.52
7850,"Junho",17.58
7850,"Julho",31.31
7850,"Agosto",29.74
7850,"Setembro",51.67
7850,"Outubro",57.08
7850,"Novembro",45.6
7850,"Dezembro",14.97
3252,"Janeiro",74.07
3252,"Fevereiro",18.85
3252,"Março",15.42
3252,"Abril",88.98
3252,"Maio",1.7
3252,"Junho",1.77
3252,"Julho",30.64
3252,"Agosto",68.08
3252,"Setembro",23.2
3252,"Outubro",86.28
3252,"Novembro",27.96
3252,"Dezembro",26.37
489,"Janeiro",48.49
489,"Fevereiro",72.49
489,"Março",70.62
489,"Abril",30.41
489,"Maio",7.67
489,"Junho",49.44
489,"Julho",71.71
489,"Agosto",71.62
489,"Setembro",31.92
489,"Outubro",56.65
489,"Novembro",33.19
489,"Dezembro",82.83
6491,"Janeiro",9.07
6491,"Fevereiro",69.08
6491,"Março",89.45
6491,"Abril",64.71
6491,"Maio",4.78
6491,"Junho",99.01
6491,"Julho",54.62
6491,"Agosto",33.86
6491,"Setembro",11.54
6491,"Outubro",21.5
6491,"Novembro",92.35
6491,"Dezembro",12.94
432,"Janeiro",0.16
432,"Fevereiro",79.37
432,"Março",98.86
432,"Abril",58.07
432,"Maio",71.78
432,"Junho",90.21
432,"Julho",12.88
432,"Agosto",8.9
432,"Setembro",58.08
432,"Outubro",80.68
432,"Novembro",24.9
432,"Dezembro",76.39
6272,"Janeiro",46.04
6272,"Fevereiro",10.53
6272,"Março",27.1
6272,"Abril",25.86
6272,"Maio",24.55
6272,"Junho",60.77
6272,"Julho",25.41
6272,"Agosto",97.24
6272,"Setembro",69.15
6272,"Outubro",46.62
6272,"Novembro",23.59
6272,"Dezembro",4.96
9979,"Janeiro",53.74
9979,"Fevereiro",83.06
9979,"Março",44.46
9979,"Abril",8.38
9979,"Maio",79.07
9979,"Junho",79.05
9979,"Julho",68.36
9979,"Agosto",40.99
9979,"Setembro",44.79
9979,"Outubro",10.41
9979,"Novembro",8.14
9979,"Dezembro",36.98
3547,"Janeiro",64.78
3547,"Fevereiro",57.19
3547,"Março",44.98
3547,"Abril",44.22
3547,"Maio",81.6
3547,"Junho",93.64
3547,"Julho",33.36
3547,"Agosto",11.3
3547,"Setembro",59.33
3547,"Outubro",86.34
3547,"Novembro",71.09
3547,"Dezembro",72.45
5339,"Janeiro",91.97
5339,"Fevereiro",66.07
5339,"Março",6.88
5339,"Abril",20.42
5339,"Maio",16.26
5339,"Junho",83.93
5339,"Julho",47.63
5339,"Agosto",69.08
5339,"Setembro",30.1
5339,"Outubro",66.31
5339,"Novembro",15.02
5339,"Dezembro",80.06
2386,"Janeiro",71.51
2386,"Fevereiro",2.22
2386,"Março",19.78
2386,"Abril",61.61
2386,"Maio",44.31
2386,"Junho",40.27
2386,"Julho",76.17
2386,"Agosto",8.44
2386,"Setembro",41.83
2386,"Outubro",39.16
2386,"Novembro",82.32
2386,"Dezembro",24.4
1780,"Janeiro",14.21
1780,"Fevereiro",24.86
1780,"Março",81.86
1780,"Abril",33.66
1780,"Maio",83.18
1780,"Junho",64.74
1780,"Julho",76.98
1780,"Agosto",92.37
1780,"Setembro",67.26
1780,"Outubro",48.18
1780,"Novembro",16.42
1780,"Dezembro",17.68
5466,"Janeiro",40.69
5466,"Fevereiro",28.83
5466,"Março",76.55
5466,"Abril",5.4
5466,"Maio",14.76
5466,"Junho",51.65
5466,"Julho",26.68
5466,"Agosto",62.82
5466,"Setembro",37.14
5466,"Outubro",18.4
5466,"Novembro",71.87
5466,"Dezembro",30.86
864,"Janeiro",93
864,"Fevereiro",87.98
864,"Março",58.15
864,"Abril",25.96
864,"Maio",82.04
864,"Junho",0.95
864,"Julho",70.36
864,"Agosto",58.57
864,"Setembro",50.29
864,"Outubro",78.31
864,"Novembro",76.24
864,"Dezembro",95.7
3217,"Janeiro",39.87
3217,"Fevereiro",63.34
3217,"Março",38.45
3217,"Abril",6.27
3217,"Maio",45.31
3217,"Junho",94.17
3217,"Julho",91.53
3217,"Agosto",72.81
3217,"Setembro",98.15
3217,"Outubro",63.65
3217,"Novembro",28.57
3217,"Dezembro",86.64
8693,"Janeiro",2.52
8693,"Fevereiro",77.97
8693,"Março",18.57
8693,"Abril",64.61
8693,"Maio",82.44
8693,"Junho",99.31
8693,"Julho",75.78
8693,"Agosto",18.77
8693,"Setembro",89.25
8693,"Outubro",20.16
8693,"Novembro",89.82
8693,"Dezembro",2.74
8045,"Janeiro",18.3
8045,"Fevereiro",81.63
8045,"Março",46.48
8045,"Abril",21.68
8045,"Maio",69.73
8045,"Junho",44.99
8045,"Julho",47.75
8045,"Agosto",78.5
8045,"Setembro",15.49
8045,"Outubro",40.24
8045,"Novembro",54.08
8045,"Dezembro",11.02
6570,"Janeiro",46.55
6570,"Fevereiro",83.17
6570,"Março",38.95
6570,"Abril",8
6570,"Maio",48.32
6570,"Junho",48.72
6570,"Julho",28.65
6570,"Agosto",1.78
6570,"Setembro",10.36
6570,"Outubro",96.7
6570,"Novembro",82.38
6570,"Dezembro",58.11
6823,"Janeiro",45.55
6823,"Fevereiro",12.84
6823,"Março",32.48
6823,"Abril",42.09
6823,"Maio",31.15
6823,"Junho",50.95
6823,"Julho",18.69
6823,"Agosto",91.31
6823,"Setembro",28.38
6823,"Outubro",90.95
6823,"Novembro",73.83
6823,"Dezembro",31.83
7369,"Janeiro",60.72
7369,"Fevereiro",23.74
7369,"Março",76.19
7369,"Abril",58.11
7369,"Maio",68.06
7369,"Junho",32.22
7369,"Julho",64.59
7369,"Agosto",36.86
7369,"Setembro",55.86
7369,"Outubro",88.37
7369,"Novembro",95.47
7369,"Dezembro",45.99
984,"Janeiro",47.83
984,"Fevereiro",12.31
984,"Março",24.98
984,"Abril",25.83
984,"Maio",11.43
984,"Junho",14.59
984,"Julho",3.28
984,"Agosto",12.44
984,"Setembro",97.65
984,"Outubro",67.63
984,"Novembro",75.01
984,"Dezembro",71.7
1822,"Janeiro",88.26
1822,"Fevereiro",37.74
1822,"Março",88.19
1822,"Abril",20.28
1822,"Maio",94.09
1822,"Junho",82.26
1822,"Julho",13.56
1822,"Agosto",86.5
1822,"Setembro",84.92
1822,"Outubro",37.98
1822,"Novembro",7.8
1822,"Dezembro",12.87
3328,"Janeiro",1.24
3328,"Fevereiro",27.12
3328,"Março",41.68
3328,"Abril",18.3
3328,"Maio",9.38
3328,"Junho",30.1
3328,"Julho",33.93
3328,"Agosto",97.26
3328,"Setembro",5.99
3328,"Outubro",2.56
3328,"Novembro",31.61
3328,"Dezembro",90.83
102,"Janeiro",26.81
102,"Fevereiro",48.16
102,"Março",24.83
102,"Abril",19.41
102,"Maio",56.88
102,"Junho",96.13
102,"Julho",19.66
102,"Agosto",43.31
102,"Setembro",38.77
102,"Outubro",23.39
102,"Novembro",68.55
102,"Dezembro",9.44
8042,"Janeiro",3.19
8042,"Fevereiro",45
8042,"Março",73.9
8042,"Abril",28.51
8042,"Maio",5.22
8042,"Junho",78.86
8042,"Julho",90.48
8042,"Agosto",44.33
8042,"Setembro",69.42
8042,"Outubro",39.99
8042,"Novembro",94.05
8042,"Dezembro",41.36
8058,"Janeiro",21.21
8058,"Fevereiro",62.81
8058,"Março",32.46
8058,"Abril",55.13
8058,"Maio",11.43
8058,"Junho",46.74
8058,"Julho",22.49
8058,"Agosto",29.39
8058,"Setembro",10.23
8058,"Outubro",69.94
8058,"Novembro",88.29
8058,"Dezembro",0.85
5379,"Janeiro",35.34
5379,"Fevereiro",66.91
5379,"Março",37.8
5379,"Abril",71.76
5379,"Maio",56.1
5379,"Junho",14.64
5379,"Julho",23.42
5379,"Agosto",3.67
5379,"Setembro",88.82
5379,"Outubro",26.72
5379,"Novembro",43.14
5379,"Dezembro",88.5
4071,"Janeiro",18.07
4071,"Fevereiro",20.88
4071,"Março",46.91
4071,"Abril",47.95
4071,"Maio",63.6
4071,"Junho",27.47
4071,"Julho",5.59
4071,"Agosto",79.19
4071,"Setembro",78.4
4071,"Outubro",51.1
4071,"Novembro",76.96
4071,"Dezembro",43.49
5596,"Janeiro",23.29
5596,"Fevereiro",12.92
5596,"Março",18.86
5596,"Abril",86.33
5596,"Maio",67.69
5596,"Junho",61.52
5596,"Julho",92.97
5596,"Agosto",90.02
5596,"Setembro",99.92
5596,"Outubro",77.17
5596,"Novembro",71
5596,"Dezembro",80.36
9561,"Janeiro",77.06
9561,"Fevereiro",84.97
9561,"Março",68.99
9561,"Abril",25.9
9561,"Maio",66.42
9561,"Junho",8.65
9561,"Julho",78.41
9561,"Agosto",98.39
9561,"Setembro",42.08
9561,"Outubro",83.84
9561,"Novembro",36.92
9561,"Dezembro",96.12
6983,"Janeiro",0.89
6983,"Fevereiro",76.21
6983,"Março",82.31
6983,"Abril",38.46
6983,"Maio",2.84
6983,"Junho",28.28
6983,"Julho",28.38
6983,"Agosto",78.85
6983,"Setembro",79.58
6983,"Outubro",50.78
6983,"Novembro",83.59
6983,"Dezembro",63.48
5715,"Janeiro",37.33
5715,"Fevereiro",54.62
5715,"Março",83.78
5715,"Abril",17.38
5715,"Maio",43.21
5715,"Junho",93.83
5715,"Julho",5.34
5715,"Agosto",37.85
5715,"Setembro",29.13
5715,"Outubro",37.25
5715,"Novembro",90.57
5715,"Dezembro",48.95
7262,"Janeiro",68.33
7262,"Fevereiro",41.12
7262,"Março",22.97
7262,"Abril",99.23
7262,"Maio",83.48
7262,"Junho",25.89
7262,"Julho",38.63
7262,"Agosto",8.25
7262,"Setembro",73.26
7262,"Outubro",29.43
7262,"Novembro",72.3
7262,"Dezembro",49.27
1944,"Janeiro",35.19
1944,"Fevereiro",67.66
1944,"Março",29.85
1944,"Abril",58.42
1944,"Maio",22.46
1944,"Junho",78.23
1944,"Julho",40.58
1944,"Agosto",2.88
1944,"Setembro",47.39
1944,"Outubro",78.47
1944,"Novembro",96.66
1944,"Dezembro",42.59
9709,"Janeiro",57.79
9709,"Fevereiro",45.98
9709,"Março",28.48
9709,"Abril",66.97
9709,"Maio",2.47
9709,"Junho",93
9709,"Julho",3.8
9709,"Agosto",5.45
9709,"Setembro",95.7
9709,"Outubro",18.05
9709,"Novembro",60.22
9709,"Dezembro",54.05
2051,"Janeiro",64.6
2051,"Fevereiro",2.29
2051,"Março",9.06
2051,"Abril",61.01
2051,"Maio",64.73
2051,"Junho",34.03
2051,"Julho",7.83
2051,"Agosto",35.73
2051,"Setembro",73.18
2051,"Outubro",82.31
2051,"Novembro",62.64
2051,"Dezembro",47.93
9896,"Janeiro",68.84
9896,"Fevereiro",18.31
9896,"Março",73.41
9896,"Abril",85.15
9896,"Maio",52.76
9896,"Junho",58.81
9896,"Julho",11.53
9896,"Agosto",78.95
9896,"Setembro",81.03
9896,"Outubro",82.74
9896,"Novembro",58.06
9896,"Dezembro",30.71
6412,"Janeiro",96.62
6412,"Fevereiro",37.18
6412,"Março",87.39
6412,"Abril",44.26
6412,"Maio",29.33
6412,"Junho",33.29
6412,"Julho",90.47
6412,"Agosto",66.6
6412,"Setembro",42.73
6412,"Outubro",0.07
6412,"Novembro",1.22
6412,"Dezembro",32.66
5052,"Janeiro",1.11
5052,"Fevereiro",72.33
5052,"Março",71.17
5052,"Abril",27.42
5052,"Maio",28.89
5052,"Junho",5.55
5052,"Julho",32.7
5052,"Agosto",77.25
5052,"Setembro",84.49
5052,"Outubro",34.76
5052,"Novembro",52.76
5052,"Dezembro",31.82
2301,"Janeiro",96.48
2301,"Fevereiro",97.12
2301,"Março",11.78
2301,"Abril",76.92
2301,"Maio",38.15
2301,"Junho",46.08
2301,"Julho",57.99
2301,"Agosto",91.61
2301,"Setembro",16.1
2301,"Outubro",40.59
2301,"Novembro",5.83
2301,"Dezembro",12.13
8591,"Janeiro",85.35
8591,"Fevereiro",41.54
8591,"Março",68.47
8591,"Abril",36.04
8591,"Maio",25.1
8591,"Junho",90.13
8591,"Julho",55.97
8591,"Agosto",14.11
8591,"Setembro",30.81
8591,"Outubro",64.79
8591,"Novembro",4.94
8591,"Dezembro",12
7480,"Janeiro",56.29
7480,"Fevereiro",65.2
7480,"Março",52.52
7480,"Abril",91.82
7480,"Maio",78.04
7480,"Junho",15.48
7480,"Julho",50.22
7480,"Agosto",46.77
7480,"Setembro",20.16
7480,"Outubro",83.93
7480,"Novembro",78.11
7480,"Dezembro",46.95
4255,"Janeiro",71.84
4255,"Fevereiro",20.65
4255,"Março",72.26
4255,"Abril",50.11
4255,"Maio",53.17
4255,"Junho",85.48
4255,"Julho",26.49
4255,"Agosto",56.03
4255,"Setembro",30.92
4255,"Outubro",74.35
4255,"Novembro",51.68
4255,"Dezembro",29.56
2015,"Janeiro",84.85
2015,"Fevereiro",0.95
2015,"Março",69.47
2015,"Abril",67.45
2015,"Maio",21.56
2015,"Junho",41.9
2015,"Julho",13.78
2015,"Agosto",27.42
2015,"Setembro",21.49
2015,"Outubro",11.81
2015,"Novembro",45.65
2015,"Dezembro",10.92
6374,"Janeiro",94.84
6374,"Fevereiro",68.17
6374,"Março",69.91
6374,"Abril",66.14
6374,"Maio",76.28
6374,"Junho",8.77
6374,"Julho",23.86
6374,"Agosto",91.6
6374,"Setembro",13.38
6374,"Outubro",67.52
6374,"Novembro",76.58
6374,"Dezembro",76.45
5355,"Janeiro",14.87
5355,"Fevereiro",59.61
5355,"Março",71.21
5355,"Abril",92.14
5355,"Maio",22.79
5355,"Junho",84.46
5355,"Julho",49.4
5355,"Agosto",96.57
5355,"Setembro",60.27
5355,"Outubro",2.44
5355,"Novembro",74.9
5355,"Dezembro",22.59
5482,"Janeiro",86.54
5482,"Fevereiro",22.05
5482,"Março",18.81
5482,"Abril",12.28
5482,"Maio",35.7
5482,"Junho",60.98
5482,"Julho",57.26
5482,"Agosto",70.16
5482,"Setembro",31.55
5482,"Outubro",90.98
5482,"Novembro",36.33
5482,"Dezembro",9.53
8823,"Janeiro",7.46
8823,"Fevereiro",52.12
8823,"Março",71.09
8823,"Abril",19.15
8823,"Maio",3.69
8823,"Junho",48.08
8823,"Julho",9.98
8823,"Agosto",8.48
8823,"Setembro",55.06
8823,"Outubro",92.77
8823,"Novembro",48.38
8823,"Dezembro",80.45
2389,"Janeiro",76.24
2389,"Fevereiro",80.89
2389,"Março",65.9
2389,"Abril",13.09
2389,"Maio",31.24
2389,"Junho",44.97
2389,"Julho",34.24
2389,"Agosto",77.7
2389,"Setembro",34.24
2389,"Outubro",92.62
2389,"Novembro",76.08
2389,"Dezembro",97.04
7467,"Janeiro",87.36
7467,"Fevereiro",68.95
7467,"Março",44.73
7467,"Abril",17.45
7467,"Maio",22.36
7467,"Junho",74.66
7467,"Julho",64.27
7467,"Agosto",61.83
7467,"Setembro",70.1
7467,"Outubro",10.42
7467,"Novembro",65.98
7467,"Dezembro",45.2
4094,"Janeiro",5.59
4094,"Fevereiro",97.33
4094,"Março",60.75
4094,"Abril",47.95
4094,"Maio",42.31
4094,"Junho",19.97
4094,"Julho",15.02
4094,"Agosto",14.99
4094,"Setembro",23.77
4094,"Outubro",5.43
4094,"Novembro",77.47
4094,"Dezembro",38.43
9882,"Janeiro",38.79
9882,"Fevereiro",66.03
9882,"Março",22.13
9882,"Abril",45.63
9882,"Maio",10.55
9882,"Junho",5.09
9882,"Julho",25.83
9882,"Agosto",99.94
9882,"Setembro",23.59
9882,"Outubro",3.9
9882,"Novembro",73.25
9882,"Dezembro",32.38
3071,"Janeiro",25.57
3071,"Fevereiro",78.93
3071,"Março",67.31
3071,"Abril",1.86
3071,"Maio",46.11
3071,"Junho",0.59
3071,"Julho",47.46
3071,"Agosto",1.01
3071,"Setembro",32.85
3071,"Outubro",99.19
3071,"Novembro",58.48
3071,"Dezembro",13.39
6280,"Janeiro",71.68
6280,"Fevereiro",22.54
6280,"Março",52.48
6280,"Abril",48.28
6280,"Maio",10.05
6280,"Junho",98.41
6280,"Julho",19.34
6280,"Agosto",96.33
6280,"Setembro",71.14
6280,"Outubro",60.81
6280,"Novembro",6.43
6280,"Dezembro",86.55
7500,"Janeiro",6.93
7500,"Fevereiro",40.88
7500,"Março",75.92
7500,"Abril",66.72
7500,"Maio",56.47
7500,"Junho",29.3
7500,"Julho",6.9
7500,"Agosto",53.39
7500,"Setembro",64.57
7500,"Outubro",47.24
7500,"Novembro",22.42
7500,"Dezembro",89.95
5477,"Janeiro",11.17
5477,"Fevereiro",78.88
5477,"Março",34.7
5477,"Abril",99.11
5477,"Maio",13.64
5477,"Junho",72.21
5477,"Julho",48.68
5477,"Agosto",1.78
5477,"Setembro",3.16
5477,"Outubro",19.19
5477,"Novembro",1.65
5477,"Dezembro",13.51
6261,"Janeiro",6.12
6261,"Fevereiro",39.34
6261,"Março",79.95
6261,"Abril",31.94
6261,"Maio",95.82
6261,"Junho",75.48
6261,"Julho",45.5
6261,"Agosto",0.22
6261,"Setembro",63.74
6261,"Outubro",44.66
6261,"Novembro",54.61
6261,"Dezembro",38.66
3149,"Janeiro",46.16
3149,"Fevereiro",1.04
3149,"Março",46.1
3149,"Abril",97.81
3149,"Maio",33.98
3149,"Junho",26.74
3149,"Julho",50.71
3149,"Agosto",52.71
3149,"Setembro",79.03
3149,"Outubro",22.66
3149,"Novembro",9.68
3149,"Dezembro",92.88
7621,"Janeiro",21.8
7621,"Fevereiro",48.44
7621,"Março",25.94
7621,"Abril",19.52
7621,"Maio",39.21
7621,"Junho",59.04
7621,"Julho",98.74
7621,"Agosto",85.32
7621,"Setembro",92.86
7621,"Outubro",95.86
7621,"Novembro",80.91
7621,"Dezembro",34.37
2855,"Janeiro",80.98
2855,"Fevereiro",26.76
2855,"Março",87.27
2855,"Abril",1.22
2855,"Maio",6
2855,"Junho",76.09
2855,"Julho",41.23
2855,"Agosto",95.88
2855,"Setembro",63.59
2855,"Outubro",31.85
2855,"Novembro",98.47
2855,"Dezembro",94.84
8119,"Janeiro",28.51
8119,"Fevereiro",44.55
8119,"Março",87.77
8119,"Abril",18.51
8119,"Maio",18.74
8119,"Junho",17.54
8119,"Julho",35.46
8119,"Agosto",27.33
8119,"Setembro",58.88
8119,"Outubro",1.07
8119,"Novembro",93.67
8119,"Dezembro",42.95
5903,"Janeiro",79.71
5903,"Fevereiro",3.95
5903,"Março",56.41
5903,"Abril",20.37
5903,"Maio",43.41
5903,"Junho",11.69
5903,"Julho",18.09
5903,"Agosto",23.02
5903,"Setembro",72.57
5903,"Outubro",38.64
5903,"Novembro",30.18
5903,"Dezembro",61.6
4692,"Janeiro",58.1
4692,"Fevereiro",74.87
4692,"Março",97.94
4692,"Abril",79.27
4692,"Maio",41.67
4692,"Junho",34.31
4692,"Julho",86.08
4692,"Agosto",46.13
4692,"Setembro",84.73
4692,"Outubro",61.66
4692,"Novembro",45.49
4692,"Dezembro",92.98
3098,"Janeiro",79.75
3098,"Fevereiro",4.87
3098,"Março",20.74
3098,"Abril",26.51
3098,"Maio",7.37
3098,"Junho",65.97
3098,"Julho",48.39
3098,"Agosto",45.97
3098,"Setembro",14.28
3098,"Outubro",90.64
3098,"Novembro",37.11
3098,"Dezembro",63.92
4657,"Janeiro",56.15
4657,"Fevereiro",16.34
4657,"Março",23.43
4657,"Abril",96.35
4657,"Maio",9.43
4657,"Junho",73.08
4657,"Julho",31.42
4657,"Agosto",21.57
4657,"Setembro",92.07
4657,"Outubro",28.4
4657,"Novembro",26.41
4657,"Dezembro",58.73
6981,"Janeiro",91.09
6981,"Fevereiro",92.53
6981,"Março",8.81
6981,"Abril",30.62
6981,"Maio",76.22
6981,"Junho",28.48
6981,"Julho",10.94
6981,"Agosto",3.92
6981,"Setembro",80.72
6981,"Outubro",93.87
6981,"Novembro",25.38
6981,"Dezembro",18.35
7763,"Janeiro",16.13
7763,"Fevereiro",79.7
7763,"Março",60.67
7763,"Abril",17.38
7763,"Maio",33.54
7763,"Junho",80.27
7763,"Julho",77.98
7763,"Agosto",90.67
7763,"Setembro",41.96
7763,"Outubro",84.12
7763,"Novembro",12.28
7763,"Dezembro",39.54
1597,"Janeiro",14.84
1597,"Fevereiro",36.2
1597,"Março",10.89
1597,"Abril",47.89
1597,"Maio",92.25
1597,"Junho",13.92
1597,"Julho",91
1597,"Agosto",86.64
1597,"Setembro",73.93
1597,"Outubro",57.23
1597,"Novembro",78.63
1597,"Dezembro",16.87
6859,"Janeiro",48.52
6859,"Fevereiro",98.12
6859,"Março",77.67
6859,"Abril",99.41
6859,"Maio",90.76
6859,"Junho",22.97
6859,"Julho",54.13
6859,"Agosto",2.12
6859,"Setembro",60.96
6859,"Outubro",71.61
6859,"Novembro",43.09
6859,"Dezembro",91.3
749,"Janeiro",28.92
749,"Fevereiro",32.3
749,"Março",19.17
749,"Abril",23.82
749,"Maio",16.76
749,"Junho",42.41
749,"Julho",73.32
749,"Agosto",36.46
749,"Setembro",30.97
749,"Outubro",70.83
749,"Novembro",33.36
749,"Dezembro",56.92
9505,"Janeiro",79.31
9505,"Fevereiro",30.18
9505,"Março",4.53
9505,"Abril",63.47
9505,"Maio",56.98
9505,"Junho",92.29
9505,"Julho",21.81
9505,"Agosto",44.95
9505,"Setembro",81.47
9505,"Outubro",31.48
9505,"Novembro",44.03
9505,"Dezembro",45.42
9671,"Janeiro",8.12
9671,"Fevereiro",76.28
9671,"Março",96.2
9671,"Abril",5.43
9671,"Maio",37.51
9671,"Junho",9.69
9671,"Julho",26.72
9671,"Agosto",38.55
9671,"Setembro",43.56
9671,"Outubro",49.51
9671,"Novembro",28.75
9671,"Dezembro",42.8
3675,"Janeiro",76.93
3675,"Fevereiro",32.85
3675,"Março",23.46
3675,"Abril",30.06
3675,"Maio",13.03
3675,"Junho",14.08
3675,"Julho",50.47
3675,"Agosto",87.92
3675,"Setembro",99.93
3675,"Outubro",69.79
3675,"Novembro",2.98
3675,"Dezembro",77.51
6637,"Janeiro",19.51
6637,"Fevereiro",58.65
6637,"Março",51.48
6637,"Abril",80.6
6637,"Maio",43.97
6637,"Junho",0.25
6637,"Julho",60.16
6637,"Agosto",32.3
6637,"Setembro",39.18
6637,"Outubro",2.16
6637,"Novembro",16.83
6637,"Dezembro",98.58
1476,"Janeiro",45.38
1476,"Fevereiro",3.69
1476,"Março",81.03
1476,"Abril",72.19
1476,"Maio",53.42
1476,"Junho",14.27
1476,"Julho",44.32
1476,"Agosto",74.41
1476,"Setembro",25.64
1476,"Outubro",43.67
1476,"Novembro",82.7
1476,"Dezembro",32.38
8154,"Janeiro",20.97
8154,"Fevereiro",36.76
8154,"Março",39.99
8154,"Abril",26.67
8154,"Maio",36.82
8154,"Junho",98.47
8154,"Julho",34.89
8154,"Agosto",19.89
8154,"Setembro",88.38
8154,"Outubro",74.39
8154,"Novembro",45.37
8154,"Dezembro",45.4
2366,"Janeiro",18.07
2366,"Fevereiro",15.79
2366,"Março",97.92
2366,"Abril",10.46
2366,"Maio",63.72
2366,"Junho",48.6
2366,"Julho",63.2
2366,"Agosto",65.17
2366,"Setembro",68.49
2366,"Outubro",51.07
2366,"Novembro",10.91
2366,"Dezembro",14.29
11,"Janeiro",91.54
11,"Fevereiro",55.22
11,"Março",10.71
11,"Abril",13.06
11,"Maio",16.34
11,"Junho",36.19
11,"Julho",2.79
11,"Agosto",34.68
11,"Setembro",86.03
11,"Outubro",3.51
11,"Novembro",71.4
11,"Dezembro",7.93
6717,"Janeiro",32.98
6717,"Fevereiro",0.75
6717,"Março",66.08
6717,"Abril",82.08
6717,"Maio",97.56
6717,"Junho",22.35
6717,"Julho",15.28
6717,"Agosto",63.89
6717,"Setembro",40.24
6717,"Outubro",67.17
6717,"Novembro",78.53
6717,"Dezembro",85.7
6779,"Janeiro",96.03
6779,"Fevereiro",38.85
6779,"Março",54.2
6779,"Abril",43.62
6779,"Maio",23.75
6779,"Junho",95.09
6779,"Julho",76.84
6779,"Agosto",90.61
6779,"Setembro",49.75
6779,"Outubro",79.44
6779,"Novembro",30.24
6779,"Dezembro",73.92
469,"Janeiro",19.6
469,"Fevereiro",96.54
469,"Março",59.1
469,"Abril",45.98
469,"Maio",57.67
469,"Junho",2.02
469,"Julho",58.33
469,"Agosto",34.18
469,"Setembro",75.1
469,"Outubro",30.43
469,"Novembro",83.89
469,"Dezembro",95.62
1385,"Janeiro",39.1
1385,"Fevereiro",20.94
1385,"Março",96.7
1385,"Abril",3.92
1385,"Maio",64.92
1385,"Junho",70.07
1385,"Julho",33.56
1385,"Agosto",94.04
1385,"Setembro",39.64
1385,"Outubro",21.26
1385,"Novembro",11.56
1385,"Dezembro",91.07
1586,"Janeiro",25.41
1586,"Fevereiro",92.82
1586,"Março",84.98
1586,"Abril",23.19
1586,"Maio",27.94
1586,"Junho",95.7
1586,"Julho",56.57
1586,"Agosto",2.75
1586,"Setembro",68.11
1586,"Outubro",3.79
1586,"Novembro",87.4
1586,"Dezembro",80.36
2690,"Janeiro",6.19
2690,"Fevereiro",27.4
2690,"Março",84.15
2690,"Abril",87.12
2690,"Maio",91.22
2690,"Junho",51.64
2690,"Julho",16.37
2690,"Agosto",59.02
2690,"Setembro",14.57
2690,"Outubro",28.77
2690,"Novembro",28.57
2690,"Dezembro",10.45
2456,"Janeiro",86.8
2456,"Fevereiro",63.24
2456,"Março",67.86
2456,"Abril",20.78
2456,"Maio",34.22
2456,"Junho",81.34
2456,"Julho",13.4
2456,"Agosto",69.4
2456,"Setembro",55.89
2456,"Outubro",45.24
2456,"Novembro",36.44
2456,"Dezembro",96.16
4343,"Janeiro",13.42
4343,"Fevereiro",10.3
4343,"Março",42.15
4343,"Abril",80.52
4343,"Maio",71.34
4343,"Junho",53.46
4343,"Julho",35.93
4343,"Agosto",28.53
4343,"Setembro",13.04
4343,"Outubro",62.21
4343,"Novembro",28.62
4343,"Dezembro",12.88
6387,"Janeiro",28.69
6387,"Fevereiro",2.47
6387,"Março",73.99
6387,"Abril",41.3
6387,"Maio",86.1
6387,"Junho",35.98
6387,"Julho",57.64
6387,"Agosto",87.38
6387,"Setembro",13.1
6387,"Outubro",87.94
6387,"Novembro",46.53
6387,"Dezembro",94.48
1061,"Janeiro",34.67
1061,"Fevereiro",58.43
1061,"Março",49.87
1061,"Abril",79.07
1061,"Maio",2.81
1061,"Junho",54.08
1061,"Julho",54.24
1061,"Agosto",52.78
1061,"Setembro",75.69
1061,"Outubro",24.66
1061,"Novembro",74.46
1061,"Dezembro",48.59
3114,"Janeiro",58.43
3114,"Fevereiro",49.55
3114,"Março",9.09
3114,"Abril",90.8
3114,"Maio",70.04
3114,"Junho",88.47
3114,"Julho",84.13
3114,"Agosto",40.71
3114,"Setembro",51.58
3114,"Outubro",72.7
3114,"Novembro",58.3
3114,"Dezembro",59.18
3155,"Janeiro",19.36
3155,"Fevereiro",53.57
3155,"Março",83.7
3155,"Abril",96.32
3155,"Maio",59.5
3155,"Junho",41.2
3155,"Julho",75.61
3155,"Agosto",53.9
3155,"Setembro",96.89
3155,"Outubro",52.08
3155,"Novembro",29.41
3155,"Dezembro",62.4
8404,"Janeiro",12.47
8404,"Fevereiro",46.4
8404,"Março",29.88
8404,"Abril",19.88
8404,"Maio",25.67
8404,"Junho",50.13
8404,"Julho",95.83
8404,"Agosto",98.26
8404,"Setembro",38.08
8404,"Outubro",80.17
8404,"Novembro",91.71
8404,"Dezembro",21.42
4294,"Janeiro",27.12
4294,"Fevereiro",55.46
4294,"Março",96.49
4294,"Abril",83.58
4294,"Maio",12.5
4294,"Junho",79.05
4294,"Julho",82.6
4294,"Agosto",58.33
4294,"Setembro",51.61
4294,"Outubro",29.03
4294,"Novembro",87.64
4294,"Dezembro",91.91
1305,"Janeiro",54.76
1305,"Fevereiro",68.19
1305,"Março",39.98
1305,"Abril",8.88
1305,"Maio",28.76
1305,"Junho",92.49
1305,"Julho",13.62
1305,"Agosto",2.29
1305,"Setembro",49.94
1305,"Outubro",34.7
1305,"Novembro",0.05
1305,"Dezembro",88.47
1447,"Janeiro",49.52
1447,"Fevereiro",56.89
1447,"Março",20.71
1447,"Abril",75.84
1447,"Maio",76
1447,"Junho",76.52
1447,"Julho",75.14
1447,"Agosto",34.41
1447,"Setembro",70.87
1447,"Outubro",19.45
1447,"Novembro",94.13
1447,"Dezembro",25.79
2057,"Janeiro",82.69
2057,"Fevereiro",22.02
2057,"Março",11.77
2057,"Abril",39.24
2057,"Maio",76.76
2057,"Junho",98.86
2057,"Julho",76.66
2057,"Agosto",29.23
2057,"Setembro",18.5
2057,"Outubro",99.6
2057,"Novembro",8.21
2057,"Dezembro",69.47
7112,"Janeiro",95.14
7112,"Fevereiro",77
7112,"Março",42.15
7112,"Abril",75.36
7112,"Maio",33
7112,"Junho",97.22
7112,"Julho",61.96
7112,"Agosto",44.34
7112,"Setembro",57.69
7112,"Outubro",79.87
7112,"Novembro",19.32
7112,"Dezembro",84.99
9484,"Janeiro",81.62
9484,"Fevereiro",91.25
9484,"Março",85.6
9484,"Abril",4.87
9484,"Maio",36.96
9484,"Junho",34.2
9484,"Julho",77.22
9484,"Agosto",6.57
9484,"Setembro",42.36
9484,"Outubro",56.01
9484,"Novembro",23.92
9484,"Dezembro",12.07
5393,"Janeiro",84.28
5393,"Fevereiro",87.28
5393,"Março",31.04
5393,"Abril",26.63
5393,"Maio",82.88
5393,"Junho",92.48
5393,"Julho",31.66
5393,"Agosto",16.05
5393,"Setembro",54.78
5393,"Outubro",78.39
5393,"Novembro",77.63
5393,"Dezembro",1.63
7029,"Janeiro",84.85
7029,"Fevereiro",72.92
7029,"Março",79.95
7029,"Abril",16.78
7029,"Maio",95.25
7029,"Junho",15.23
7029,"Julho",48.96
7029,"Agosto",95.41
7029,"Setembro",58.93
7029,"Outubro",18.11
7029,"Novembro",24.1
7029,"Dezembro",10.97
8939,"Janeiro",8.69
8939,"Fevereiro",70.89
8939,"Março",35.5
8939,"Abril",62
8939,"Maio",95.73
8939,"Junho",50.8
8939,"Julho",33.57
8939,"Agosto",18.4
8939,"Setembro",14.83
8939,"Outubro",91.54
8939,"Novembro",48.93
8939,"Dezembro",56.39
5850,"Janeiro",36.51
5850,"Fevereiro",47.01
5850,"Março",74.3
5850,"Abril",38.89
5850,"Maio",86.26
5850,"Junho",0.1
5850,"Julho",72.58
5850,"Agosto",35.85
5850,"Setembro",47.64
5850,"Outubro",39.27
5850,"Novembro",71.01
5850,"Dezembro",88.11
1053,"Janeiro",52.13
1053,"Fevereiro",84.25
1053,"Março",16.33
1053,"Abril",60.73
1053,"Maio",79.33
1053,"Junho",58.23
1053,"Julho",39.18
1053,"Agosto",41.42
1053,"Setembro",45.09
1053,"Outubro",94.55
1053,"Novembro",90.65
1053,"Dezembro",11.26
6801,"Janeiro",97.4
6801,"Fevereiro",86.64
6801,"Março",86.51
6801,"Abril",84.73
6801,"Maio",28.07
6801,"Junho",96.46
6801,"Julho",60.44
6801,"Agosto",6.92
6801,"Setembro",67.92
6801,"Outubro",94.62
6801,"Novembro",19.91
6801,"Dezembro",13.86
3358,"Janeiro",51.57
3358,"Fevereiro",6.74
3358,"Março",79.26
3358,"Abril",7.66
3358,"Maio",54.2
3358,"Junho",94.8
3358,"Julho",49.02
3358,"Agosto",15.69
3358,"Setembro",91.56
3358,"Outubro",34.89
3358,"Novembro",50.98
3358,"Dezembro",78.61
8510,"Janeiro",50.92
8510,"Fevereiro",58.94
8510,"Março",35.15
8510,"Abril",71.14
8510,"Maio",2.93
8510,"Junho",86.36
8510,"Julho",35.68
8510,"Agosto",40.25
8510,"Setembro",5.5
8510,"Outubro",48.48
8510,"Novembro",29.76
8510,"Dezembro",87.91
7027,"Janeiro",77.11
7027,"Fevereiro",44.82
7027,"Março",9.99
7027,"Abril",84.8
7027,"Maio",94.46
7027,"Junho",38.39
7027,"Julho",50.96
7027,"Agosto",58.14
7027,"Setembro",21.72
7027,"Outubro",63.8
7027,"Novembro",32.7
7027,"Dezembro",10.8
5548,"Janeiro",72.05
5548,"Fevereiro",82.58
5548,"Março",16.53
5548,"Abril",72.52
5548,"Maio",95.62
5548,"Junho",77.08
5548,"Julho",13.8
5548,"Agosto",35.81
5548,"Setembro",89.31
5548,"Outubro",59.26
5548,"Novembro",88.2
5548,"Dezembro",82.27
3740,"Janeiro",80.02
3740,"Fevereiro",71.18
3740,"Março",32.49
3740,"Abril",25.61
3740,"Maio",75.65
3740,"Junho",36.01
3740,"Julho",11.38
3740,"Agosto",9.51
3740,"Setembro",25.14
3740,"Outubro",6.14
3740,"Novembro",17.83
3740,"Dezembro",92.65
8974,"Janeiro",68.64
8974,"Fevereiro",90.54
8974,"Março",15.74
8974,"Abril",38.42
8974,"Maio",8.59
8974,"Junho",89.78
8974,"Julho",69.65
8974,"Agosto",89.54
8974,"Setembro",46.47
8974,"Outubro",23.22
8974,"Novembro",59.59
8974,"Dezembro",12.76
9344,"Janeiro",47.32
9344,"Fevereiro",27.16
9344,"Março",55.51
9344,"Abril",45.38
9344,"Maio",0.52
9344,"Junho",95.66
9344,"Julho",1.05
9344,"Agosto",18.3
9344,"Setembro",41.39
9344,"Outubro",78.98
9344,"Novembro",92.69
9344,"Dezembro",65.67
1167,"Janeiro",77.23
1167,"Fevereiro",40.86
1167,"Março",98.65
1167,"Abril",15.48
1167,"Maio",23.95
1167,"Junho",47.68
1167,"Julho",24.34
1167,"Agosto",40.38
1167,"Setembro",74.26
1167,"Outubro",5.02
1167,"Novembro",2.52
1167,"Dezembro",20.98
6017,"Janeiro",53.53
6017,"Fevereiro",93.83
6017,"Março",87.23
6017,"Abril",68.39
6017,"Maio",42.91
6017,"Junho",94.33
6017,"Julho",15.95
6017,"Agosto",44.71
6017,"Setembro",90.74
6017,"Outubro",29.52
6017,"Novembro",10.41
6017,"Dezembro",74
9521,"Janeiro",89.26
9521,"Fevereiro",7.05
9521,"Março",78.97
9521,"Abril",10.07
9521,"Maio",27.01
9521,"Junho",14.98
9521,"Julho",17.39
9521,"Agosto",11.97
9521,"Setembro",46.27
9521,"Outubro",91.32
9521,"Novembro",99.68
9521,"Dezembro",65.51
2733,"Janeiro",75.88
2733,"Fevereiro",8.44
2733,"Março",16.64
2733,"Abril",89.29
2733,"Maio",22.95
2733,"Junho",46.33
2733,"Julho",82.68
2733,"Agosto",3.3
2733,"Setembro",4.63
2733,"Outubro",71.32
2733,"Novembro",41.8
2733,"Dezembro",80.22
6420,"Janeiro",6.65
6420,"Fevereiro",93.97
6420,"Março",37.82
6420,"Abril",5.98
6420,"Maio",19.53
6420,"Junho",85.99
6420,"Julho",24.3
6420,"Agosto",85.17
6420,"Setembro",43.32
6420,"Outubro",1.41
6420,"Novembro",45.27
6420,"Dezembro",91.16
5015,"Janeiro",69.76
5015,"Fevereiro",3.84
5015,"Março",20.31
5015,"Abril",36.35
5015,"Maio",13.97
5015,"Junho",19.17
5015,"Julho",23.69
5015,"Agosto",15.84
5015,"Setembro",90.73
5015,"Outubro",35.29
5015,"Novembro",67.94
5015,"Dezembro",53.71
6014,"Janeiro",51.65
6014,"Fevereiro",29.33
6014,"Março",10.75
6014,"Abril",95.56
6014,"Maio",63.53
6014,"Junho",8.17
6014,"Julho",2.05
6014,"Agosto",42.02
6014,"Setembro",65.74
6014,"Outubro",16.31
6014,"Novembro",43.44
6014,"Dezembro",83.14
3171,"Janeiro",94.54
3171,"Fevereiro",16.33
3171,"Março",21.78
3171,"Abril",99.22
3171,"Maio",98.31
3171,"Junho",21.38
3171,"Julho",80.28
3171,"Agosto",42.75
3171,"Setembro",62.42
3171,"Outubro",37
3171,"Novembro",15.72
3171,"Dezembro",66.95
867,"Janeiro",80.87
867,"Fevereiro",50.32
867,"Março",20.88
867,"Abril",14.76
867,"Maio",76.05
867,"Junho",49.04
867,"Julho",5.87
867,"Agosto",79.78
867,"Setembro",13.83
867,"Outubro",61.17
867,"Novembro",51.1
867,"Dezembro",76.5
7940,"Janeiro",8.78
7940,"Fevereiro",58.34
7940,"Março",51.16
7940,"Abril",90.57
7940,"Maio",8.23
7940,"Junho",94.83
7940,"Julho",69.33
7940,"Agosto",96.69
7940,"Setembro",84.36
7940,"Outubro",82.93
7940,"Novembro",86.97
7940,"Dezembro",18.63
1948,"Janeiro",22.25
1948,"Fevereiro",18.63
1948,"Março",61.56
1948,"Abril",50.73
1948,"Maio",35.82
1948,"Junho",58.13
1948,"Julho",52.17
1948,"Agosto",86.83
1948,"Setembro",12.46
1948,"Outubro",31.87
1948,"Novembro",53.12
1948,"Dezembro",30.4
8785,"Janeiro",95.34
8785,"Fevereiro",95.42
8785,"Março",87.77
8785,"Abril",91.21
8785,"Maio",47.25
8785,"Junho",14.25
8785,"Julho",43.05
8785,"Agosto",52.56
8785,"Setembro",3.09
8785,"Outubro",24.7
8785,"Novembro",72.32
8785,"Dezembro",54.2
4734,"Janeiro",40.73
4734,"Fevereiro",31.41
4734,"Março",79.3
4734,"Abril",24.16
4734,"Maio",33.24
4734,"Junho",9.36
4734,"Julho",4.83
4734,"Agosto",9.55
4734,"Setembro",61.17
4734,"Outubro",54.05
4734,"Novembro",45.74
4734,"Dezembro",41.13
8256,"Janeiro",49.58
8256,"Fevereiro",13.96
8256,"Março",3.54
8256,"Abril",88.1
8256,"Maio",81.25
8256,"Junho",52.1
8256,"Julho",83.39
8256,"Agosto",57.47
8256,"Setembro",5.89
8256,"Outubro",90.14
8256,"Novembro",42.55
8256,"Dezembro",56.58
8838,"Janeiro",84.04
8838,"Fevereiro",85.78
8838,"Março",43.15
8838,"Abril",14.37
8838,"Maio",9.03
8838,"Junho",29.19
8838,"Julho",5.15
8838,"Agosto",11.91
8838,"Setembro",16.03
8838,"Outubro",96.84
8838,"Novembro",88.06
8838,"Dezembro",16.3
7969,"Janeiro",53.98
7969,"Fevereiro",46.28
7969,"Março",99.44
7969,"Abril",48.4
7969,"Maio",3.01
7969,"Junho",39.97
7969,"Julho",8.01
7969,"Agosto",54.22
7969,"Setembro",87.5
7969,"Outubro",8.26
7969,"Novembro",48.7
7969,"Dezembro",59.98
4988,"Janeiro",47.15
4988,"Fevereiro",46.88
4988,"Março",8.76
4988,"Abril",45.11
4988,"Maio",97.78
4988,"Junho",34.97
4988,"Julho",36.11
4988,"Agosto",83.49
4988,"Setembro",73.48
4988,"Outubro",76.45
4988,"Novembro",49.39
4988,"Dezembro",23.76
5899,"Janeiro",10.93
5899,"Fevereiro",70.26
5899,"Março",47.43
5899,"Abril",57.79
5899,"Maio",0.7
5899,"Junho",24.46
5899,"Julho",4.89
5899,"Agosto",40.45
5899,"Setembro",94.36
5899,"Outubro",19.6
5899,"Novembro",46.18
5899,"Dezembro",0.43
5509,"Janeiro",58.66
5509,"Fevereiro",0.91
5509,"Março",9.45
5509,"Abril",31.2
5509,"Maio",11.64
5509,"Junho",81.95
5509,"Julho",79.23
5509,"Agosto",49.52
5509,"Setembro",76.13
5509,"Outubro",70.06
5509,"Novembro",76.58
5509,"Dezembro",35.24
1264,"Janeiro",42.75
1264,"Fevereiro",12.2
1264,"Março",95.6
1264,"Abril",83.84
1264,"Maio",8.97
1264,"Junho",12.12
1264,"Julho",63.46
1264,"Agosto",69.98
1264,"Setembro",17.66
1264,"Outubro",99.95
1264,"Novembro",36.15
1264,"Dezembro",5.21
8217,"Janeiro",32.02
8217,"Fevereiro",3.42
8217,"Março",51.19
8217,"Abril",19.1
8217,"Maio",93.97
8217,"Junho",15.07
8217,"Julho",88.77
8217,"Agosto",94.46
8217,"Setembro",84
8217,"Outubro",7.34
8217,"Novembro",30.3
8217,"Dezembro",6.11
5504,"Janeiro",9.13
5504,"Fevereiro",77.18
5504,"Março",22.97
5504,"Abril",0.31
5504,"Maio",13.2
5504,"Junho",40.13
5504,"Julho",58.56
5504,"Agosto",85.3
5504,"Setembro",18.22
5504,"Outubro",71.05
5504,"Novembro",62.67
5504,"Dezembro",19.68
1695,"Janeiro",20.28
1695,"Fevereiro",41.92
1695,"Março",17.34
1695,"Abril",1.73
1695,"Maio",50.44
1695,"Junho",35.8
1695,"Julho",94.42
1695,"Agosto",75.81
1695,"Setembro",38.16
1695,"Outubro",88.76
1695,"Novembro",1.86
1695,"Dezembro",33.5
8400,"Janeiro",68.13
8400,"Fevereiro",38.65
8400,"Março",84.03
8400,"Abril",71.76
8400,"Maio",83.15
8400,"Junho",93.88
8400,"Julho",15.2
8400,"Agosto",52.77
8400,"Setembro",29.46
8400,"Outubro",54.49
8400,"Novembro",34.84
8400,"Dezembro",12.54
2981,"Janeiro",6.55
2981,"Fevereiro",67.03
2981,"Março",51.47
2981,"Abril",93.2
2981,"Maio",27.61
2981,"Junho",94.04
2981,"Julho",25.92
2981,"Agosto",98.53
2981,"Setembro",45.49
2981,"Outubro",24.32
2981,"Novembro",42.6
2981,"Dezembro",86.6
173,"Janeiro",75.71
173,"Fevereiro",42.39
173,"Março",9.15
173,"Abril",11.61
173,"Maio",97.65
173,"Junho",72.78
173,"Julho",55.42
173,"Agosto",22.14
173,"Setembro",61.76
173,"Outubro",84.6
173,"Novembro",12.82
173,"Dezembro",29.47
5720,"Janeiro",85.33
5720,"Fevereiro",87.03
5720,"Março",18.24
5720,"Abril",23.89
5720,"Maio",65.5
5720,"Junho",1.11
5720,"Julho",22.42
5720,"Agosto",78.31
5720,"Setembro",31.9
5720,"Outubro",34.31
5720,"Novembro",32.65
5720,"Dezembro",28.51
5053,"Janeiro",63.77
5053,"Fevereiro",36.94
5053,"Março",77.33
5053,"Abril",54.54
5053,"Maio",53.64
5053,"Junho",25.45
5053,"Julho",88.43
5053,"Agosto",88.31
5053,"Setembro",28.12
5053,"Outubro",6.67
5053,"Novembro",87.01
5053,"Dezembro",8.94
204,"Janeiro",30.41
204,"Fevereiro",38.79
204,"Março",87.39
204,"Abril",46.91
204,"Maio",43.9
204,"Junho",62.19
204,"Julho",72.73
204,"Agosto",28.48
204,"Setembro",73.8
204,"Outubro",53.08
204,"Novembro",19.02
204,"Dezembro",55.46
8517,"Janeiro",94.72
8517,"Fevereiro",37.82
8517,"Março",18.04
8517,"Abril",65.79
8517,"Maio",63.36
8517,"Junho",51.56
8517,"Julho",23.26
8517,"Agosto",48.72
8517,"Setembro",51.74
8517,"Outubro",51.29
8517,"Novembro",16.53
8517,"Dezembro",38.31
5096,"Janeiro",61.54
5096,"Fevereiro",82.71
5096,"Março",26.1
5096,"Abril",18.46
5096,"Maio",35.42
5096,"Junho",82.6
5096,"Julho",5.14
5096,"Agosto",72.05
5096,"Setembro",39.63
5096,"Outubro",93.74
5096,"Novembro",44.82
5096,"Dezembro",44.45
5931,"Janeiro",10.04
5931,"Fevereiro",12.36
5931,"Março",72.98
5931,"Abril",76.5
5931,"Maio",78.61
5931,"Junho",52.92
5931,"Julho",27.07
5931,"Agosto",80.25
5931,"Setembro",26.8
5931,"Outubro",78.89
5931,"Novembro",35.37
5931,"Dezembro",22.8
3694,"Janeiro",85.97
3694,"Fevereiro",33.46
3694,"Março",75.73
3694,"Abril",7.36
3694,"Maio",7.05
3694,"Junho",91.82
3694,"Julho",58.77
3694,"Agosto",29.7
3694,"Setembro",88.81
3694,"Outubro",4.02
3694,"Novembro",86.2
3694,"Dezembro",25.23
5946,"Janeiro",63.96
5946,"Fevereiro",55.85
5946,"Março",38.51
5946,"Abril",24.06
5946,"Maio",9.61
5946,"Junho",58.46
5946,"Julho",50.44
5946,"Agosto",83.98
5946,"Setembro",74.34
5946,"Outubro",51.6
5946,"Novembro",68.63
5946,"Dezembro",79.16
8356,"Janeiro",65.3
8356,"Fevereiro",96.55
8356,"Março",28.68
8356,"Abril",79.02
8356,"Maio",93.66
8356,"Junho",2.41
8356,"Julho",78.14
8356,"Agosto",31.73
8356,"Setembro",43.21
8356,"Outubro",9.91
8356,"Novembro",75.4
8356,"Dezembro",45.96
2561,"Janeiro",92.07
2561,"Fevereiro",66.21
2561,"Março",28.07
2561,"Abril",37.36
2561,"Maio",79.19
2561,"Junho",16.35
2561,"Julho",2.65
2561,"Agosto",58.25
2561,"Setembro",76.24
2561,"Outubro",40.79
2561,"Novembro",37.58
2561,"Dezembro",85.12
6180,"Janeiro",48.03
6180,"Fevereiro",15.45
6180,"Março",49.59
6180,"Abril",4.05
6180,"Maio",4.82
6180,"Junho",7.82
6180,"Julho",24.43
6180,"Agosto",39.99
6180,"Setembro",62.8
6180,"Outubro",41.33
6180,"Novembro",32.39
6180,"Dezembro",35.08
9684,"Janeiro",60.47
9684,"Fevereiro",64.2
9684,"Março",59.23
9684,"Abril",75.15
9684,"Maio",21.19
9684,"Junho",50.71
9684,"Julho",4.49
9684,"Agosto",40.1
9684,"Setembro",1.89
9684,"Outubro",30.77
9684,"Novembro",87.93
9684,"Dezembro",56.66
9906,"Janeiro",2.18
9906,"Fevereiro",33.69
9906,"Março",70.75
9906,"Abril",92.94
9906,"Maio",3.8
9906,"Junho",20.47
9906,"Julho",99.53
9906,"Agosto",30.29
9906,"Setembro",35.36
9906,"Outubro",33.6
9906,"Novembro",33.18
9906,"Dezembro",33.53
4605,"Janeiro",98.16
4605,"Fevereiro",89.79
4605,"Março",85.09
4605,"Abril",14.9
4605,"Maio",88.1
4605,"Junho",94.08
4605,"Julho",7.62
4605,"Agosto",72.83
4605,"Setembro",15.82
4605,"Outubro",14.47
4605,"Novembro",30.8
4605,"Dezembro",76.31
549,"Janeiro",6.13
549,"Fevereiro",62.96
549,"Março",78.14
549,"Abril",68.23
549,"Maio",84.49
549,"Junho",68.63
549,"Julho",51.62
549,"Agosto",11.64
549,"Setembro",36.2
549,"Outubro",50.79
549,"Novembro",1.46
549,"Dezembro",22.2
2880,"Janeiro",34.64
2880,"Fevereiro",74.64
2880,"Março",31
2880,"Abril",2.57
2880,"Maio",63.18
2880,"Junho",94.35
2880,"Julho",45.43
2880,"Agosto",47.58
2880,"Setembro",8.16
2880,"Outubro",8.94
2880,"Novembro",52.29
2880,"Dezembro",92.35
375,"Janeiro",79.43
375,"Fevereiro",33.21
375,"Março",16.3
375,"Abril",83.6
375,"Maio",94.8
375,"Junho",66.97
375,"Julho",74.86
375,"Agosto",9.17
375,"Setembro",67.2
375,"Outubro",4.41
375,"Novembro",2.09
375,"Dezembro",89.5
7953,"Janeiro",12.31
7953,"Fevereiro",4.27
7953,"Março",3.32
7953,"Abril",6.7
7953,"Maio",29.69
7953,"Junho",23.14
7953,"Julho",68.78
7953,"Agosto",70.12
7953,"Setembro",85.11
7953,"Outubro",58.85
7953,"Novembro",7.49
7953,"Dezembro",14.18
1007,"Janeiro",82.26
1007,"Fevereiro",8.7
1007,"Março",6.32
1007,"Abril",44.89
1007,"Maio",77.5
1007,"Junho",81.26
1007,"Julho",55.6
1007,"Agosto",15.89
1007,"Setembro",21.46
1007,"Outubro",1.44
1007,"Novembro",61.11
1007,"Dezembro",10.24
1574,"Janeiro",77.23
1574,"Fevereiro",89.47
1574,"Março",86.83
1574,"Abril",54.02
1574,"Maio",16.25
1574,"Junho",92
1574,"Julho",61.26
1574,"Agosto",44.76
1574,"Setembro",36.24
1574,"Outubro",8.56
1574,"Novembro",5.84
1574,"Dezembro",45.08
3436,"Janeiro",33.78
3436,"Fevereiro",56.67
3436,"Março",34.76
3436,"Abril",48.75
3436,"Maio",7.84
3436,"Junho",89.14
3436,"Julho",11
3436,"Agosto",47.84
3436,"Setembro",95.19
3436,"Outubro",6.35
3436,"Novembro",70
3436,"Dezembro",46.55
9237,"Janeiro",80.59
9237,"Fevereiro",61.7
9237,"Março",26.2
9237,"Abril",10.08
9237,"Maio",12.7
9237,"Junho",13.96
9237,"Julho",38.22
9237,"Agosto",57.85
9237,"Setembro",8.26
9237,"Outubro",13.39
9237,"Novembro",44.43
9237,"Dezembro",41.03
3282,"Janeiro",77.87
3282,"Fevereiro",65.53
3282,"Março",14.14
3282,"Abril",17.44
3282,"Maio",64.87
3282,"Junho",65.9
3282,"Julho",93.1
3282,"Agosto",45.56
3282,"Setembro",98.55
3282,"Outubro",79.2
3282,"Novembro",31.18
3282,"Dezembro",99.2
201,"Janeiro",40.37
201,"Fevereiro",51.06
201,"Março",57.78
201,"Abril",8.93
201,"Maio",68.21
201,"Junho",53.83
201,"Julho",48.88
201,"Agosto",21.07
201,"Setembro",42.92
201,"Outubro",60.52
201,"Novembro",1.36
201,"Dezembro",21.09
3191,"Janeiro",41.94
3191,"Fevereiro",61
3191,"Março",59.73
3191,"Abril",49.87
3191,"Maio",22.54
3191,"Junho",27.87
3191,"Julho",27.7
3191,"Agosto",50.41
3191,"Setembro",49.95
3191,"Outubro",63.09
3191,"Novembro",34.24
3191,"Dezembro",46.12
7319,"Janeiro",50.47
7319,"Fevereiro",51.88
7319,"Março",61.41
7319,"Abril",23.86
7319,"Maio",33.24
7319,"Junho",78.7
7319,"Julho",20.99
7319,"Agosto",40.55
7319,"Setembro",27.11
7319,"Outubro",89.87
7319,"Novembro",97.99
7319,"Dezembro",90.86
9804,"Janeiro",31.19
9804,"Fevereiro",64.02
9804,"Março",70.8
9804,"Abril",43.16
9804,"Maio",20.58
9804,"Junho",52.08
9804,"Julho",38.87
9804,"Agosto",41.67
9804,"Setembro",40.02
9804,"Outubro",81.43
9804,"Novembro",40.67
9804,"Dezembro",97.72
276,"Janeiro",53.21
276,"Fevereiro",6.76
276,"Março",75.83
276,"Abril",45.24
276,"Maio",38.29
276,"Junho",37.29
276,"Julho",73.11
276,"Agosto",36.62
276,"Setembro",59.8
276,"Outubro",29.04
276,"Novembro",12.95
276,"Dezembro",70.67
9010,"Janeiro",41.36
9010,"Fevereiro",40.94
9010,"Março",44.59
9010,"Abril",6.01
9010,"Maio",16.45
9010,"Junho",48.57
9010,"Julho",35.3
9010,"Agosto",63.96
9010,"Setembro",32.67
9010,"Outubro",50.74
9010,"Novembro",44.82
9010,"Dezembro",44.33
1982,"Janeiro",55.58
1982,"Fevereiro",26.33
1982,"Março",86.85
1982,"Abril",55.04
1982,"Maio",70.38
1982,"Junho",76.37
1982,"Julho",69.05
1982,"Agosto",75.46
1982,"Setembro",44.22
1982,"Outubro",33.98
1982,"Novembro",49.22
1982,"Dezembro",14.53
6153,"Janeiro",98.96
6153,"Fevereiro",98.8
6153,"Março",41.21
6153,"Abril",24.67
6153,"Maio",93.99
6153,"Junho",16.23
6153,"Julho",99.16
6153,"Agosto",84.13
6153,"Setembro",0.87
6153,"Outubro",41.58
6153,"Novembro",90.28
6153,"Dezembro",23.29
2990,"Janeiro",54.58
2990,"Fevereiro",35.53
2990,"Março",69.08
2990,"Abril",2.06
2990,"Maio",88.53
2990,"Junho",4.01
2990,"Julho",94.3
2990,"Agosto",9.17
2990,"Setembro",13.68
2990,"Outubro",72.12
2990,"Novembro",83.56
2990,"Dezembro",63.25
6657,"Janeiro",13.26
6657,"Fevereiro",65.73
6657,"Março",46.87
6657,"Abril",69.46
6657,"Maio",16.97
6657,"Junho",73.33
6657,"Julho",81.48
6657,"Agosto",30.26
6657,"Setembro",16.53
6657,"Outubro",58.28
6657,"Novembro",15.32
6657,"Dezembro",99.11
2489,"Janeiro",62.52
2489,"Fevereiro",95.28
2489,"Março",62.79
2489,"Abril",17.19
2489,"Maio",32.68
2489,"Junho",91.67
2489,"Julho",4.41
2489,"Agosto",58.41
2489,"Setembro",4.93
2489,"Outubro",8.59
2489,"Novembro",71.13
2489,"Dezembro",93.57
190,"Janeiro",12.08
190,"Fevereiro",39.81
190,"Março",83.89
190,"Abril",42.7
190,"Maio",27.95
190,"Junho",32.81
190,"Julho",69.03
190,"Agosto",34.75
190,"Setembro",9.68
190,"Outubro",17.88
190,"Novembro",4.82
190,"Dezembro",54.2
7539,"Janeiro",94.06
7539,"Fevereiro",26.84
7539,"Março",70.87
7539,"Abril",90.1
7539,"Maio",80.16
7539,"Junho",98.25
7539,"Julho",47.49
7539,"Agosto",41.66
7539,"Setembro",5.07
7539,"Outubro",90.84
7539,"Novembro",19.32
7539,"Dezembro",97.82
5080,"Janeiro",58.2
5080,"Fevereiro",82.89
5080,"Março",48.34
5080,"Abril",35.01
5080,"Maio",43.56
5080,"Junho",19.31
5080,"Julho",75.74
5080,"Agosto",32.09
5080,"Setembro",7.12
5080,"Outubro",25.55
5080,"Novembro",64.09
5080,"Dezembro",81.68
8882,"Janeiro",4.35
8882,"Fevereiro",33.79
8882,"Março",52.39
8882,"Abril",51.21
8882,"Maio",30.54
8882,"Junho",46.8
8882,"Julho",2.76
8882,"Agosto",91.57
8882,"Setembro",97.41
8882,"Outubro",32.66
8882,"Novembro",33.78
8882,"Dezembro",58.46
8779,"Janeiro",91.98
8779,"Fevereiro",46.66
8779,"Março",62.62
8779,"Abril",13.43
8779,"Maio",70.82
8779,"Junho",71
8779,"Julho",0.41
8779,"Agosto",34.54
8779,"Setembro",27.88
8779,"Outubro",42.95
8779,"Novembro",5.26
8779,"Dezembro",17.25
4894,"Janeiro",80.92
4894,"Fevereiro",48.82
4894,"Março",71.93
4894,"Abril",60.14
4894,"Maio",76.48
4894,"Junho",49.74
4894,"Julho",70.26
4894,"Agosto",4.95
4894,"Setembro",57.3
4894,"Outubro",15.38
4894,"Novembro",27.17
4894,"Dezembro",30.58
5438,"Janeiro",89.35
5438,"Fevereiro",62.19
5438,"Março",10.21
5438,"Abril",93.08
5438,"Maio",88.58
5438,"Junho",81.76
5438,"Julho",42.71
5438,"Agosto",89.83
5438,"Setembro",84.87
5438,"Outubro",82.22
5438,"Novembro",11.64
5438,"Dezembro",84.05
7547,"Janeiro",52.85
7547,"Fevereiro",36.79
7547,"Março",0.92
7547,"Abril",42.12
7547,"Maio",60.97
7547,"Junho",85.82
7547,"Julho",70.85
7547,"Agosto",76.31
7547,"Setembro",48.14
7547,"Outubro",46.26
7547,"Novembro",57.56
7547,"Dezembro",22.96
1442,"Janeiro",48.72
1442,"Fevereiro",73.52
1442,"Março",24.42
1442,"Abril",69.11
1442,"Maio",65.13
1442,"Junho",36.78
1442,"Julho",23.07
1442,"Agosto",94.65
1442,"Setembro",29
1442,"Outubro",99.37
1442,"Novembro",95.75
1442,"Dezembro",43.16
506,"Janeiro",73.23
506,"Fevereiro",7.93
506,"Março",60.3
506,"Abril",87.78
506,"Maio",96.56
506,"Junho",47.96
506,"Julho",50.21
506,"Agosto",90.76
506,"Setembro",74
506,"Outubro",55.24
506,"Novembro",62.1
506,"Dezembro",12.16
4161,"Janeiro",0.61
4161,"Fevereiro",28.29
4161,"Março",94.41
4161,"Abril",54.76
4161,"Maio",36.15
4161,"Junho",86.02
4161,"Julho",17.19
4161,"Agosto",26.3
4161,"Setembro",85.71
4161,"Outubro",26.72
4161,"Novembro",73.78
4161,"Dezembro",27.33
9733,"Janeiro",79.19
9733,"Fevereiro",45.8
9733,"Março",87.52
9733,"Abril",19.4
9733,"Maio",40.31
9733,"Junho",9.74
9733,"Julho",41.19
9733,"Agosto",3.61
9733,"Setembro",17.06
9733,"Outubro",44.89
9733,"Novembro",37.96
9733,"Dezembro",96.05
1343,"Janeiro",97.85
1343,"Fevereiro",31.73
1343,"Março",54.67
1343,"Abril",33.94
1343,"Maio",65.59
1343,"Junho",44.11
1343,"Julho",72.83
1343,"Agosto",32.9
1343,"Setembro",64.94
1343,"Outubro",9.65
1343,"Novembro",35.06
1343,"Dezembro",38.43
6496,"Janeiro",98.92
6496,"Fevereiro",35.56
6496,"Março",18.65
6496,"Abril",52.42
6496,"Maio",59.84
6496,"Junho",71.01
6496,"Julho",11.36
6496,"Agosto",92.32
6496,"Setembro",3.47
6496,"Outubro",89.93
6496,"Novembro",85.92
6496,"Dezembro",90.92
2678,"Janeiro",40.96
2678,"Fevereiro",18.88
2678,"Março",97.77
2678,"Abril",29.34
2678,"Maio",22.87
2678,"Junho",40.4
2678,"Julho",21.12
2678,"Agosto",17.76
2678,"Setembro",6.72
2678,"Outubro",1.07
2678,"Novembro",31.23
2678,"Dezembro",79.12
6638,"Janeiro",15.56
6638,"Fevereiro",28.03
6638,"Março",53.71
6638,"Abril",4.7
6638,"Maio",48.02
6638,"Junho",35.92
6638,"Julho",51.78
6638,"Agosto",8.54
6638,"Setembro",98.92
6638,"Outubro",18.92
6638,"Novembro",76.32
6638,"Dezembro",74.56
4199,"Janeiro",86.64
4199,"Fevereiro",74.65
4199,"Março",32.98
4199,"Abril",95.4
4199,"Maio",99.52
4199,"Junho",32.03
4199,"Julho",68.58
4199,"Agosto",91.51
4199,"Setembro",43.29
4199,"Outubro",14.96
4199,"Novembro",63.63
4199,"Dezembro",35.31
4774,"Janeiro",98.56
4774,"Fevereiro",42.35
4774,"Março",65.83
4774,"Abril",42.9
4774,"Maio",30.52
4774,"Junho",69.09
4774,"Julho",82.21
4774,"Agosto",37.52
4774,"Setembro",24.06
4774,"Outubro",89.08
4774,"Novembro",59.53
4774,"Dezembro",53.04
6084,"Janeiro",56.51
6084,"Fevereiro",86.45
6084,"Março",69.8
6084,"Abril",3.21
6084,"Maio",23.54
6084,"Junho",55.97
6084,"Julho",9.18
6084,"Agosto",56.71
6084,"Setembro",42.81
6084,"Outubro",34.89
6084,"Novembro",47.66
6084,"Dezembro",66.14
545,"Janeiro",20.56
545,"Fevereiro",20.52
545,"Março",37.88
545,"Abril",49.17
545,"Maio",1.02
545,"Junho",48.76
545,"Julho",70.24
545,"Agosto",50.37
545,"Setembro",66.31
545,"Outubro",81.78
545,"Novembro",27.66
545,"Dezembro",60.34
6494,"Janeiro",95.29
6494,"Fevereiro",48.72
6494,"Março",62.33
6494,"Abril",37.23
6494,"Maio",13.41
6494,"Junho",70.5
6494,"Julho",58.96
6494,"Agosto",53.61
6494,"Setembro",69.58
6494,"Outubro",54.33
6494,"Novembro",27.39
6494,"Dezembro",46.18
7689,"Janeiro",88.51
7689,"Fevereiro",37.18
7689,"Março",76.63
7689,"Abril",46.4
7689,"Maio",79.87
7689,"Junho",61.83
7689,"Julho",91.14
7689,"Agosto",46.74
7689,"Setembro",93.49
7689,"Outubro",13.92
7689,"Novembro",20.56
7689,"Dezembro",95.89
8666,"Janeiro",53.19
8666,"Fevereiro",1.24
8666,"Março",72.93
8666,"Abril",15.66
8666,"Maio",68.46
8666,"Junho",78.99
8666,"Julho",74.63
8666,"Agosto",55.3
8666,"Setembro",40.16
8666,"Outubro",32.58
8666,"Novembro",5.55
8666,"Dezembro",32.73
7149,"Janeiro",70.88
7149,"Fevereiro",94.27
7149,"Março",31.55
7149,"Abril",5.15
7149,"Maio",27.99
7149,"Junho",58.8
7149,"Julho",65.86
7149,"Agosto",21.4
7149,"Setembro",42.9
7149,"Outubro",46.44
7149,"Novembro",93.07
7149,"Dezembro",69.69
6988,"Janeiro",36.65
6988,"Fevereiro",74.1
6988,"Março",36.69
6988,"Abril",84.07
6988,"Maio",19.56
6988,"Junho",88.95
6988,"Julho",46.28
6988,"Agosto",47.23
6988,"Setembro",59.99
6988,"Outubro",23.37
6988,"Novembro",9.72
6988,"Dezembro",7.08
3533,"Janeiro",65.72
3533,"Fevereiro",11.41
3533,"Março",97.36
3533,"Abril",28.72
3533,"Maio",35.07
3533,"Junho",59.68
3533,"Julho",8.77
3533,"Agosto",20.55
3533,"Setembro",54.1
3533,"Outubro",23.14
3533,"Novembro",47.92
3533,"Dezembro",83.57
6619,"Janeiro",79.07
6619,"Fevereiro",24.76
6619,"Março",89.94
6619,"Abril",94.79
6619,"Maio",32.36
6619,"Junho",79.06
6619,"Julho",88.6
6619,"Agosto",17.82
6619,"Setembro",1.51
6619,"Outubro",43.12
6619,"Novembro",89.47
6619,"Dezembro",40.05
9778,"Janeiro",36.59
9778,"Fevereiro",88.6
9778,"Março",43.13
9778,"Abril",24.43
9778,"Maio",98.32
9778,"Junho",63.37
9778,"Julho",87.63
9778,"Agosto",96.9
9778,"Setembro",21.18
9778,"Outubro",71.07
9778,"Novembro",10.95
9778,"Dezembro",58.21
8023,"Janeiro",52.04
8023,"Fevereiro",2.04
8023,"Março",11.27
8023,"Abril",64.3
8023,"Maio",87.27
8023,"Junho",87.46
8023,"Julho",67.42
8023,"Agosto",16.15
8023,"Setembro",85.05
8023,"Outubro",63.49
8023,"Novembro",27.59
8023,"Dezembro",87.85
7275,"Janeiro",38.33
7275,"Fevereiro",5.44
7275,"Março",41.35
7275,"Abril",11.4
7275,"Maio",20.55
7275,"Junho",45.04
7275,"Julho",27.21
7275,"Agosto",25.45
7275,"Setembro",22.02
7275,"Outubro",41.11
7275,"Novembro",48.32
7275,"Dezembro",19.81
3778,"Janeiro",76.1
3778,"Fevereiro",25.75
3778,"Março",1.52
3778,"Abril",95.3
3778,"Maio",74.19
3778,"Junho",60.44
3778,"Julho",93.39
3778,"Agosto",72.74
3778,"Setembro",67.24
3778,"Outubro",90.46
3778,"Novembro",47.9
3778,"Dezembro",32.71
2458,"Janeiro",59.3
2458,"Fevereiro",56.11
2458,"Março",92.59
2458,"Abril",21.42
2458,"Maio",86.17
2458,"Junho",61.05
2458,"Julho",3.27
2458,"Agosto",3.86
2458,"Setembro",3.15
2458,"Outubro",72.26
2458,"Novembro",29.29
2458,"Dezembro",46.81
1186,"Janeiro",20.37
1186,"Fevereiro",77.66
1186,"Março",63.29
1186,"Abril",85.93
1186,"Maio",29.66
1186,"Junho",87.74
1186,"Julho",44.33
1186,"Agosto",75.85
1186,"Setembro",45.67
1186,"Outubro",36.8
1186,"Novembro",77.84
1186,"Dezembro",95.94
473,"Janeiro",23.41
473,"Fevereiro",62.51
473,"Março",51.65
473,"Abril",53.89
473,"Maio",4.28
473,"Junho",17.74
473,"Julho",33.72
473,"Agosto",43.49
473,"Setembro",48.35
473,"Outubro",29.1
473,"Novembro",62.48
473,"Dezembro",66.77
2518,"Janeiro",17.05
2518,"Fevereiro",46.21
2518,"Março",78.37
2518,"Abril",67.07
2518,"Maio",0.21
2518,"Junho",14.93
2518,"Julho",2.08
2518,"Agosto",92.67
2518,"Setembro",86.37
2518,"Outubro",79.89
2518,"Novembro",34.05
2518,"Dezembro",73.73
6530,"Janeiro",50.58
6530,"Fevereiro",69.87
6530,"Março",25.33
6530,"Abril",30.66
6530,"Maio",30.61
6530,"Junho",64.82
6530,"Julho",94.13
6530,"Agosto",31.04
6530,"Setembro",97.65
6530,"Outubro",98.77
6530,"Novembro",95.33
6530,"Dezembro",42.49
5729,"Janeiro",38.93
5729,"Fevereiro",62.41
5729,"Março",80.16
5729,"Abril",62.48
5729,"Maio",88.47
5729,"Junho",27.57
5729,"Julho",67.51
5729,"Agosto",19.75
5729,"Setembro",6.58
5729,"Outubro",92.69
5729,"Novembro",4.68
5729,"Dezembro",24.27
8833,"Janeiro",42.45
8833,"Fevereiro",33.85
8833,"Março",31.05
8833,"Abril",95.24
8833,"Maio",78.4
8833,"Junho",9.16
8833,"Julho",50.74
8833,"Agosto",60.28
8833,"Setembro",32.51
8833,"Outubro",34.23
8833,"Novembro",93.79
8833,"Dezembro",60.68
443,"Janeiro",77.95
443,"Fevereiro",10.14
443,"Março",37.46
443,"Abril",66.6
443,"Maio",84.89
443,"Junho",71.51
443,"Julho",56.68
443,"Agosto",21.17
443,"Setembro",92.67
443,"Outubro",3.73
443,"Novembro",8.23
443,"Dezembro",49.41
1265,"Janeiro",41.63
1265,"Fevereiro",57.59
1265,"Março",53.05
1265,"Abril",87.75
1265,"Maio",34.43
1265,"Junho",47.2
1265,"Julho",14.79
1265,"Agosto",48.1
1265,"Setembro",56.05
1265,"Outubro",11.26
1265,"Novembro",0.33
1265,"Dezembro",19.17
9015,"Janeiro",48.26
9015,"Fevereiro",15.73
9015,"Março",87.61
9015,"Abril",90.38
9015,"Maio",65.82
9015,"Junho",74.43
9015,"Julho",11.52
9015,"Agosto",68.91
9015,"Setembro",30.28
9015,"Outubro",90.03
9015,"Novembro",49.18
9015,"Dezembro",48.95
4796,"Janeiro",65.15
4796,"Fevereiro",32.44
4796,"Março",13.18
4796,"Abril",48.65
4796,"Maio",8.03
4796,"Junho",71.84
4796,"Julho",51.74
4796,"Agosto",40.16
4796,"Setembro",70.3
4796,"Outubro",58.24
4796,"Novembro",53.31
4796,"Dezembro",30.02
4833,"Janeiro",71.45
4833,"Fevereiro",44.65
4833,"Março",38.15
4833,"Abril",32.88
4833,"Maio",93.55
4833,"Junho",52.04
4833,"Julho",23.61
4833,"Agosto",53.69
4833,"Setembro",93.09
4833,"Outubro",78.1
4833,"Novembro",77.44
4833,"Dezembro",12.66
3333,"Janeiro",59.85
3333,"Fevereiro",30.99
3333,"Março",11.04
3333,"Abril",47.8
3333,"Maio",74.99
3333,"Junho",39.88
3333,"Julho",84.95
3333,"Agosto",82.51
3333,"Setembro",39.96
3333,"Outubro",26.67
3333,"Novembro",20.72
3333,"Dezembro",36.39
8540,"Janeiro",34.11
8540,"Fevereiro",15.77
8540,"Março",0.87
8540,"Abril",85.27
8540,"Maio",48.3
8540,"Junho",29.29
8540,"Julho",52.21
8540,"Agosto",18.24
8540,"Setembro",71.52
8540,"Outubro",76.06
8540,"Novembro",29.41
8540,"Dezembro",33.17
6926,"Janeiro",3.99
6926,"Fevereiro",11.97
6926,"Março",72.92
6926,"Abril",66.34
6926,"Maio",20.18
6926,"Junho",46.26
6926,"Julho",25.88
6926,"Agosto",19.85
6926,"Setembro",15.65
6926,"Outubro",26.63
6926,"Novembro",96.8
6926,"Dezembro",40.43
8467,"Janeiro",66.38
8467,"Fevereiro",29.2
8467,"Março",36.4
8467,"Abril",10.43
8467,"Maio",6.49
8467,"Junho",58.5
8467,"Julho",33.24
8467,"Agosto",7.62
8467,"Setembro",51.56
8467,"Outubro",41.49
8467,"Novembro",78.38
8467,"Dezembro",12.26
4717,"Janeiro",78.75
4717,"Fevereiro",19.16
4717,"Março",68.52
4717,"Abril",60.82
4717,"Maio",23.74
4717,"Junho",71.81
4717,"Julho",23.36
4717,"Agosto",48.78
4717,"Setembro",63.65
4717,"Outubro",54.3
4717,"Novembro",89.17
4717,"Dezembro",4.12
8556,"Janeiro",0.44
8556,"Fevereiro",56.66
8556,"Março",25.21
8556,"Abril",95.35
8556,"Maio",63.1
8556,"Junho",15.47
8556,"Julho",68.02
8556,"Agosto",58.76
8556,"Setembro",97.64
8556,"Outubro",74.05
8556,"Novembro",62.99
8556,"Dezembro",97.26
4250,"Janeiro",36.93
4250,"Fevereiro",75.91
4250,"Março",96.49
4250,"Abril",10.41
4250,"Maio",63.2
4250,"Junho",26.47
4250,"Julho",29.6
4250,"Agosto",18.87
4250,"Setembro",52.8
4250,"Outubro",47.48
4250,"Novembro",41.96
4250,"Dezembro",56.64
5910,"Janeiro",65.44
5910,"Fevereiro",1.16
5910,"Março",82.96
5910,"Abril",9.03
5910,"Maio",75.43
5910,"Junho",68.42
5910,"Julho",22.87
5910,"Agosto",50.32
5910,"Setembro",68.73
5910,"Outubro",98.46
5910,"Novembro",90
5910,"Dezembro",96.69
6219,"Janeiro",15.87
6219,"Fevereiro",13.6
6219,"Março",27.48
6219,"Abril",14.39
6219,"Maio",79.02
6219,"Junho",66.18
6219,"Julho",43.65
6219,"Agosto",4.19
6219,"Setembro",39.57
6219,"Outubro",21.47
6219,"Novembro",0.5
6219,"Dezembro",70.3
64,"Janeiro",56.94
64,"Fevereiro",9.6
64,"Março",14.63
64,"Abril",75.08
64,"Maio",71.94
64,"Junho",61.28
64,"Julho",12.87
64,"Agosto",38.45
64,"Setembro",84.73
64,"Outubro",9.15
64,"Novembro",9.13
64,"Dezembro",29.95
4035,"Janeiro",72.92
4035,"Fevereiro",32.71
4035,"Março",16.84
4035,"Abril",92.43
4035,"Maio",33.59
4035,"Junho",51.94
4035,"Julho",26.35
4035,"Agosto",34.2
4035,"Setembro",35.16
4035,"Outubro",53.05
4035,"Novembro",99.58
4035,"Dezembro",53.71
1891,"Janeiro",71.78
1891,"Fevereiro",97.7
1891,"Março",5.15
1891,"Abril",49.28
1891,"Maio",0.28
1891,"Junho",70.63
1891,"Julho",20.22
1891,"Agosto",1.47
1891,"Setembro",13.99
1891,"Outubro",51.77
1891,"Novembro",64.39
1891,"Dezembro",89.13
5619,"Janeiro",18.01
5619,"Fevereiro",65.06
5619,"Março",94.36
5619,"Abril",23.83
5619,"Maio",24.33
5619,"Junho",52.55
5619,"Julho",5.11
5619,"Agosto",78.71
5619,"Setembro",17.76
5619,"Outubro",15.62
5619,"Novembro",7.45
5619,"Dezembro",75.38
8770,"Janeiro",73.88
8770,"Fevereiro",15.92
8770,"Março",78.68
8770,"Abril",43.4
8770,"Maio",47.54
8770,"Junho",81.37
8770,"Julho",9.66
8770,"Agosto",75.39
8770,"Setembro",71.42
8770,"Outubro",49.58
8770,"Novembro",9.79
8770,"Dezembro",44.77
2299,"Janeiro",0.96
2299,"Fevereiro",19.26
2299,"Março",2.16
2299,"Abril",92.39
2299,"Maio",92.42
2299,"Junho",14.42
2299,"Julho",33.06
2299,"Agosto",36.98
2299,"Setembro",82.82
2299,"Outubro",33.09
2299,"Novembro",61.75
2299,"Dezembro",11.9
9013,"Janeiro",47.08
9013,"Fevereiro",82.65
9013,"Março",55.62
9013,"Abril",45.63
9013,"Maio",32.39
9013,"Junho",22.69
9013,"Julho",5.81
9013,"Agosto",62.47
9013,"Setembro",55.83
9013,"Outubro",74.1
9013,"Novembro",54.93
9013,"Dezembro",75.33
9548,"Janeiro",73.78
9548,"Fevereiro",17.34
9548,"Março",29.54
9548,"Abril",39.41
9548,"Maio",62.21
9548,"Junho",53.23
9548,"Julho",62.07
9548,"Agosto",56.69
9548,"Setembro",47.39
9548,"Outubro",31.85
9548,"Novembro",65.05
9548,"Dezembro",69.05
1318,"Janeiro",39.3
1318,"Fevereiro",66.26
1318,"Março",61.62
1318,"Abril",94.76
1318,"Maio",28.43
1318,"Junho",94.52
1318,"Julho",45.86
1318,"Agosto",7.18
1318,"Setembro",55.43
1318,"Outubro",76.45
1318,"Novembro",97.37
1318,"Dezembro",14.85
5199,"Janeiro",20.7
5199,"Fevereiro",99.23
5199,"Março",24.17
5199,"Abril",37.75
5199,"Maio",86.01
5199,"Junho",67.2
5199,"Julho",19.06
5199,"Agosto",85.69
5199,"Setembro",30.18
5199,"Outubro",46.23
5199,"Novembro",84.51
5199,"Dezembro",63.77
525,"Janeiro",30.32
525,"Fevereiro",78.11
525,"Março",93.36
525,"Abril",80.34
525,"Maio",45.63
525,"Junho",4.74
525,"Julho",25.61
525,"Agosto",47.38
525,"Setembro",69.1
525,"Outubro",5.1
525,"Novembro",0.43
525,"Dezembro",19
2881,"Janeiro",33.02
2881,"Fevereiro",39.29
2881,"Março",80.54
2881,"Abril",81.33
2881,"Maio",8.85
2881,"Junho",95.49
2881,"Julho",93.62
2881,"Agosto",86.59
2881,"Setembro",90.33
2881,"Outubro",96.58
2881,"Novembro",19.96
2881,"Dezembro",26.17
7290,"Janeiro",89.23
7290,"Fevereiro",23.1
7290,"Março",84.49
7290,"Abril",4.85
7290,"Maio",77.42
7290,"Junho",10.34
7290,"Julho",46.16
7290,"Agosto",17.95
7290,"Setembro",88.45
7290,"Outubro",80.42
7290,"Novembro",65.44
7290,"Dezembro",62.46
4966,"Janeiro",32.25
4966,"Fevereiro",44.28
4966,"Março",69.47
4966,"Abril",14.07
4966,"Maio",43.92
4966,"Junho",24.91
4966,"Julho",98.19
4966,"Agosto",85.43
4966,"Setembro",11.05
4966,"Outubro",53.22
4966,"Novembro",41.76
4966,"Dezembro",44.9
5498,"Janeiro",7.41
5498,"Fevereiro",35.28
5498,"Março",94.42
5498,"Abril",32.55
5498,"Maio",58.74
5498,"Junho",47.27
5498,"Julho",42.34
5498,"Agosto",19.41
5498,"Setembro",20.74
5498,"Outubro",91.17
5498,"Novembro",56.2
5498,"Dezembro",36.81
875,"Janeiro",90.31
875,"Fevereiro",22.3
875,"Março",9.69
875,"Abril",24.66
875,"Maio",90.64
875,"Junho",4.54
875,"Julho",89.58
875,"Agosto",71.67
875,"Setembro",63.69
875,"Outubro",34.43
875,"Novembro",31.78
875,"Dezembro",98.13
4494,"Janeiro",74.74
4494,"Fevereiro",79.34
4494,"Março",90.74
4494,"Abril",82.1
4494,"Maio",57.49
4494,"Junho",58.95
4494,"Julho",60.04
4494,"Agosto",41.15
4494,"Setembro",29.9
4494,"Outubro",31.64
4494,"Novembro",42.74
4494,"Dezembro",41
1270,"Janeiro",27.45
1270,"Fevereiro",51.06
1270,"Março",74.61
1270,"Abril",96.44
1270,"Maio",88.94
1270,"Junho",34.67
1270,"Julho",78.26
1270,"Agosto",50.73
1270,"Setembro",62.76
1270,"Outubro",85.91
1270,"Novembro",94.23
1270,"Dezembro",90.14
6574,"Janeiro",50.58
6574,"Fevereiro",83.9
6574,"Março",96.58
6574,"Abril",77.06
6574,"Maio",34.2
6574,"Junho",60.49
6574,"Julho",24.85
6574,"Agosto",46.51
6574,"Setembro",95.07
6574,"Outubro",92.71
6574,"Novembro",97.46
6574,"Dezembro",29.77
1865,"Janeiro",4.45
1865,"Fevereiro",6.76
1865,"Março",87.16
1865,"Abril",66.08
1865,"Maio",66.65
1865,"Junho",19.63
1865,"Julho",25.35
1865,"Agosto",10.83
1865,"Setembro",99.29
1865,"Outubro",81.07
1865,"Novembro",49.9
1865,"Dezembro",79.59
4119,"Janeiro",55.75
4119,"Fevereiro",27.44
4119,"Março",74.55
4119,"Abril",37.38
4119,"Maio",34.88
4119,"Junho",33.96
4119,"Julho",17.08
4119,"Agosto",76.32
4119,"Setembro",95.35
4119,"Outubro",28.05
4119,"Novembro",63.43
4119,"Dezembro",41.89
9423,"Janeiro",62.96
9423,"Fevereiro",85.09
9423,"Março",85.43
9423,"Abril",74.19
9423,"Maio",56.79
9423,"Junho",25.83
9423,"Julho",85.76
9423,"Agosto",66.12
9423,"Setembro",23.52
9423,"Outubro",30.66
9423,"Novembro",90.82
9423,"Dezembro",79.72
162,"Janeiro",62.3
162,"Fevereiro",29.28
162,"Março",82.8
162,"Abril",98.01
162,"Maio",53.25
162,"Junho",11.56
162,"Julho",9.13
162,"Agosto",19.88
162,"Setembro",83.17
162,"Outubro",36.93
162,"Novembro",34.71
162,"Dezembro",56.45
8884,"Janeiro",26.96
8884,"Fevereiro",63.13
8884,"Março",36.88
8884,"Abril",82.5
8884,"Maio",71.23
8884,"Junho",67.52
8884,"Julho",41.78
8884,"Agosto",64.08
8884,"Setembro",43.36
8884,"Outubro",41.39
8884,"Novembro",99.32
8884,"Dezembro",54.62
2621,"Janeiro",44.14
2621,"Fevereiro",36.98
2621,"Março",0.52
2621,"Abril",86.01
2621,"Maio",92.13
2621,"Junho",99.76
2621,"Julho",96.51
2621,"Agosto",90.22
2621,"Setembro",60.48
2621,"Outubro",10.24
2621,"Novembro",71.32
2621,"Dezembro",45.07
4610,"Janeiro",43.42
4610,"Fevereiro",52.72
4610,"Março",81.06
4610,"Abril",29.73
4610,"Maio",73.1
4610,"Junho",55.77
4610,"Julho",85.83
4610,"Agosto",30.33
4610,"Setembro",83.38
4610,"Outubro",85.81
4610,"Novembro",7.32
4610,"Dezembro",90.91
258,"Janeiro",10.88
258,"Fevereiro",40.66
258,"Março",46.53
258,"Abril",4.17
258,"Maio",73
258,"Junho",90.73
258,"Julho",87.93
258,"Agosto",51.31
258,"Setembro",89.12
258,"Outubro",14.09
258,"Novembro",37.14
258,"Dezembro",92.1
8773,"Janeiro",35.24
8773,"Fevereiro",77.04
8773,"Março",43.67
8773,"Abril",96.53
8773,"Maio",91.55
8773,"Junho",55.02
8773,"Julho",39.14
8773,"Agosto",45.15
8773,"Setembro",27.83
8773,"Outubro",2.9
8773,"Novembro",88.29
8773,"Dezembro",9.32
6849,"Janeiro",77.78
6849,"Fevereiro",57.94
6849,"Março",74.19
6849,"Abril",15.43
6849,"Maio",61.07
6849,"Junho",73.55
6849,"Julho",88.59
6849,"Agosto",58.03
6849,"Setembro",77.07
6849,"Outubro",52.05
6849,"Novembro",6.05
6849,"Dezembro",35.41
6906,"Janeiro",68.53
6906,"Fevereiro",89.38
6906,"Março",22.77
6906,"Abril",7.53
6906,"Maio",71.45
6906,"Junho",77.81
6906,"Julho",25.68
6906,"Agosto",48.89
6906,"Setembro",30.02
6906,"Outubro",67.9
6906,"Novembro",15.16
6906,"Dezembro",36.38
4293,"Janeiro",37.47
4293,"Fevereiro",13.15
4293,"Março",79.74
4293,"Abril",97.51
4293,"Maio",11.65
4293,"Junho",84.43
4293,"Julho",16.79
4293,"Agosto",36.36
4293,"Setembro",38.89
4293,"Outubro",75.45
4293,"Novembro",13.48
4293,"Dezembro",68.37
8856,"Janeiro",16.5
8856,"Fevereiro",75.83
8856,"Março",78.85
8856,"Abril",43.91
8856,"Maio",8.78
8856,"Junho",64.31
8856,"Julho",41.91
8856,"Agosto",45.84
8856,"Setembro",37.32
8856,"Outubro",20.96
8856,"Novembro",48.49
8856,"Dezembro",5.97
5828,"Janeiro",63.3
5828,"Fevereiro",18.83
5828,"Março",95.74
5828,"Abril",27.35
5828,"Maio",2.75
5828,"Junho",42.79
5828,"Julho",14.34
5828,"Agosto",26.73
5828,"Setembro",36.37
5828,"Outubro",30.93
5828,"Novembro",43.18
5828,"Dezembro",92.24
4201,"Janeiro",64.17
4201,"Fevereiro",8.59
4201,"Março",98.14
4201,"Abril",12.23
4201,"Maio",79.06
4201,"Junho",81.96
4201,"Julho",18.82
4201,"Agosto",30.4
4201,"Setembro",21.94
4201,"Outubro",83.21
4201,"Novembro",28.82
4201,"Dezembro",0.73
4596,"Janeiro",70.73
4596,"Fevereiro",91.07
4596,"Março",54.59
4596,"Abril",91.97
4596,"Maio",67.15
4596,"Junho",8.98
4596,"Julho",7.72
4596,"Agosto",1.64
4596,"Setembro",11.63
4596,"Outubro",43.07
4596,"Novembro",44.79
4596,"Dezembro",11.72
4100,"Janeiro",71.14
4100,"Fevereiro",6.55
4100,"Março",61.03
4100,"Abril",93.52
4100,"Maio",84.67
4100,"Junho",73.7
4100,"Julho",67.31
4100,"Agosto",81.03
4100,"Setembro",18.71
4100,"Outubro",70.33
4100,"Novembro",34.3
4100,"Dezembro",22.05
4049,"Janeiro",13.75
4049,"Fevereiro",85.38
4049,"Março",80.67
4049,"Abril",66.16
4049,"Maio",98.78
4049,"Junho",9.03
4049,"Julho",9.98
4049,"Agosto",92.25
4049,"Setembro",77.44
4049,"Outubro",82.53
4049,"Novembro",53.72
4049,"Dezembro",27.74
6089,"Janeiro",94.24
6089,"Fevereiro",40.76
6089,"Março",41.24
6089,"Abril",71.84
6089,"Maio",4.54
6089,"Junho",18.2
6089,"Julho",27.76
6089,"Agosto",14.02
6089,"Setembro",28.47
6089,"Outubro",17.9
6089,"Novembro",5.39
6089,"Dezembro",2.98
5117,"Janeiro",28.75
5117,"Fevereiro",88.18
5117,"Março",45.64
5117,"Abril",20.53
5117,"Maio",81.67
5117,"Junho",63.79
5117,"Julho",65.08
5117,"Agosto",33.75
5117,"Setembro",21.53
5117,"Outubro",51.24
5117,"Novembro",72.86
5117,"Dezembro",43.89
9020,"Janeiro",41.84
9020,"Fevereiro",57.74
9020,"Março",46.96
9020,"Abril",97.78
9020,"Maio",40.32
9020,"Junho",4.81
9020,"Julho",89.87
9020,"Agosto",87.22
9020,"Setembro",61.49
9020,"Outubro",48.71
9020,"Novembro",48.45
9020,"Dezembro",51.92
3727,"Janeiro",67.42
3727,"Fevereiro",43.26
3727,"Março",34.02
3727,"Abril",85.5
3727,"Maio",58.8
3727,"Junho",70.94
3727,"Julho",71.22
3727,"Agosto",92.16
3727,"Setembro",61.99
3727,"Outubro",99.04
3727,"Novembro",25.92
3727,"Dezembro",6.92
2982,"Janeiro",10.55
2982,"Fevereiro",46.95
2982,"Março",17.61
2982,"Abril",73.21
2982,"Maio",34.13
2982,"Junho",41.59
2982,"Julho",41.88
2982,"Agosto",94.18
2982,"Setembro",13.35
2982,"Outubro",46.7
2982,"Novembro",17.33
2982,"Dezembro",63.46
6676,"Janeiro",76.6
6676,"Fevereiro",59.65
6676,"Março",66.9
6676,"Abril",21.36
6676,"Maio",11.84
6676,"Junho",59.97
6676,"Julho",89.7
6676,"Agosto",35.89
6676,"Setembro",44.12
6676,"Outubro",73.58
6676,"Novembro",84.22
6676,"Dezembro",89.47
3329,"Janeiro",50.23
3329,"Fevereiro",71.56
3329,"Março",49.36
3329,"Abril",58.74
3329,"Maio",11.69
3329,"Junho",96.36
3329,"Julho",51.04
3329,"Agosto",28.03
3329,"Setembro",38.57
3329,"Outubro",18.9
3329,"Novembro",18.9
3329,"Dezembro",11.01
6258,"Janeiro",28.6
6258,"Fevereiro",31.46
6258,"Março",79.97
6258,"Abril",67.49
6258,"Maio",32.81
6258,"Junho",63.54
6258,"Julho",50.03
6258,"Agosto",10.04
6258,"Setembro",15.64
6258,"Outubro",54.4
6258,"Novembro",80.45
6258,"Dezembro",32.85
2149,"Janeiro",70.3
2149,"Fevereiro",3.35
2149,"Março",41.6
2149,"Abril",13.73
2149,"Maio",55.85
2149,"Junho",54.22
2149,"Julho",14.62
2149,"Agosto",58.31
2149,"Setembro",0.08
2149,"Outubro",39.73
2149,"Novembro",86.36
2149,"Dezembro",57.61
6037,"Janeiro",45.13
6037,"Fevereiro",25.44
6037,"Março",71.82
6037,"Abril",24.02
6037,"Maio",97.25
6037,"Junho",25.53
6037,"Julho",31.42
6037,"Agosto",89.81
6037,"Setembro",95.56
6037,"Outubro",56.86
6037,"Novembro",89.15
6037,"Dezembro",53.61
9160,"Janeiro",19.31
9160,"Fevereiro",78.71
9160,"Março",95.78
9160,"Abril",59.19
9160,"Maio",96.46
9160,"Junho",37.69
9160,"Julho",4.58
9160,"Agosto",69.18
9160,"Setembro",14.69
9160,"Outubro",20.86
9160,"Novembro",70.16
9160,"Dezembro",20.36
4096,"Janeiro",0.05
4096,"Fevereiro",76.94
4096,"Março",53.68
4096,"Abril",82.39
4096,"Maio",82.89
4096,"Junho",49.45
4096,"Julho",86.23
4096,"Agosto",86.23
4096,"Setembro",0.72
4096,"Outubro",39.79
4096,"Novembro",47.3
4096,"Dezembro",20.73
3607,"Janeiro",5.26
3607,"Fevereiro",87.16
3607,"Março",33.2
3607,"Abril",20.03
3607,"Maio",44.67
3607,"Junho",95.46
3607,"Julho",74.24
3607,"Agosto",35.07
3607,"Setembro",80.44
3607,"Outubro",24.51
3607,"Novembro",9.88
3607,"Dezembro",30.45
5686,"Janeiro",93.24
5686,"Fevereiro",54.74
5686,"Março",15.05
5686,"Abril",98.8
5686,"Maio",61.97
5686,"Junho",78.87
5686,"Julho",51.03
5686,"Agosto",10.99
5686,"Setembro",23.98
5686,"Outubro",45.44
5686,"Novembro",58.83
5686,"Dezembro",23.95
7483,"Janeiro",47.1
7483,"Fevereiro",39.07
7483,"Março",57.42
7483,"Abril",24.83
7483,"Maio",17.49
7483,"Junho",32.33
7483,"Julho",89.82
7483,"Agosto",83.55
7483,"Setembro",8.55
7483,"Outubro",28.57
7483,"Novembro",66.26
7483,"Dezembro",53.09
9609,"Janeiro",93.84
9609,"Fevereiro",21.32
9609,"Março",85.55
9609,"Abril",99.79
9609,"Maio",45.76
9609,"Junho",0.3
9609,"Julho",36.35
9609,"Agosto",1.31
9609,"Setembro",50
9609,"Outubro",69.99
9609,"Novembro",38.75
9609,"Dezembro",78.57
2663,"Janeiro",48.63
2663,"Fevereiro",89.47
2663,"Março",7.48
2663,"Abril",82.74
2663,"Maio",99.52
2663,"Junho",90.77
2663,"Julho",74.78
2663,"Agosto",84.75
2663,"Setembro",76.07
2663,"Outubro",29.32
2663,"Novembro",8.31
2663,"Dezembro",37.73
8186,"Janeiro",54.47
8186,"Fevereiro",38.01
8186,"Março",35.32
8186,"Abril",98.94
8186,"Maio",28.83
8186,"Junho",28.97
8186,"Julho",70.87
8186,"Agosto",61.04
8186,"Setembro",69.07
8186,"Outubro",1.94
8186,"Novembro",20.2
8186,"Dezembro",8.22
862,"Janeiro",39.53
862,"Fevereiro",47.07
862,"Março",24.34
862,"Abril",71.87
862,"Maio",5.3
862,"Junho",87.27
862,"Julho",22.32
862,"Agosto",16.83
862,"Setembro",63.71
862,"Outubro",89.67
862,"Novembro",39.74
862,"Dezembro",99.17
1398,"Janeiro",91.66
1398,"Fevereiro",96.67
1398,"Março",76.09
1398,"Abril",68.11
1398,"Maio",55.2
1398,"Junho",73.12
1398,"Julho",72.3
1398,"Agosto",40.07
1398,"Setembro",44.61
1398,"Outubro",99.1
1398,"Novembro",67.42
1398,"Dezembro",0.73
8034,"Janeiro",13.47
8034,"Fevereiro",77.39
8034,"Março",37.62
8034,"Abril",2.2
8034,"Maio",80.83
8034,"Junho",72.08
8034,"Julho",71.03
8034,"Agosto",29.12
8034,"Setembro",24.69
8034,"Outubro",72.83
8034,"Novembro",44.77
8034,"Dezembro",69.66
8164,"Janeiro",4.8
8164,"Fevereiro",7.69
8164,"Março",10.9
8164,"Abril",44.31
8164,"Maio",91.21
8164,"Junho",10.66
8164,"Julho",16.74
8164,"Agosto",42.78
8164,"Setembro",19.22
8164,"Outubro",98.52
8164,"Novembro",40.4
8164,"Dezembro",33.36
3445,"Janeiro",4.57
3445,"Fevereiro",32.46
3445,"Março",71.88
3445,"Abril",90.27
3445,"Maio",31.38
3445,"Junho",84.32
3445,"Julho",86.97
3445,"Agosto",46.55
3445,"Setembro",71.55
3445,"Outubro",74.1
3445,"Novembro",88.73
3445,"Dezembro",61.09
290,"Janeiro",93.66
290,"Fevereiro",37.55
290,"Março",53.98
290,"Abril",71.46
290,"Maio",83.35
290,"Junho",91.74
290,"Julho",6.31
290,"Agosto",40
290,"Setembro",51.2
290,"Outubro",86.87
290,"Novembro",27.83
290,"Dezembro",71.05
2648,"Janeiro",87.69
2648,"Fevereiro",75.54
2648,"Março",2.08
2648,"Abril",7.88
2648,"Maio",99.85
2648,"Junho",69.85
2648,"Julho",15.25
2648,"Agosto",8.15
2648,"Setembro",86.73
2648,"Outubro",4.43
2648,"Novembro",73.57
2648,"Dezembro",98.55
2935,"Janeiro",5.16
2935,"Fevereiro",66.45
2935,"Março",72.22
2935,"Abril",84.99
2935,"Maio",58.88
2935,"Junho",55.01
2935,"Julho",23.02
2935,"Agosto",23.47
2935,"Setembro",24.67
2935,"Outubro",59.63
2935,"Novembro",31.63
2935,"Dezembro",82.9
8453,"Janeiro",53.62
8453,"Fevereiro",37.52
8453,"Março",12.76
8453,"Abril",66.18
8453,"Maio",5.73
8453,"Junho",64.5
8453,"Julho",72.21
8453,"Agosto",23.65
8453,"Setembro",58.74
8453,"Outubro",33.32
8453,"Novembro",33.12
8453,"Dezembro",87.04
6592,"Janeiro",77.45
6592,"Fevereiro",73.68
6592,"Março",44.14
6592,"Abril",8
6592,"Maio",72.76
6592,"Junho",75.06
6592,"Julho",15.95
6592,"Agosto",72.52
6592,"Setembro",61.45
6592,"Outubro",76.42
6592,"Novembro",52.43
6592,"Dezembro",89.44
4778,"Janeiro",94.14
4778,"Fevereiro",48.34
4778,"Março",88.23
4778,"Abril",78.78
4778,"Maio",30.72
4778,"Junho",38.95
4778,"Julho",16.43
4778,"Agosto",14.49
4778,"Setembro",24.1
4778,"Outubro",55.69
4778,"Novembro",65
4778,"Dezembro",65.25
3271,"Janeiro",17.67
3271,"Fevereiro",67.47
3271,"Março",62.47
3271,"Abril",15.61
3271,"Maio",52.91
3271,"Junho",33.21
3271,"Julho",65.7
3271,"Agosto",83.34
3271,"Setembro",44.13
3271,"Outubro",30.3
3271,"Novembro",6.04
3271,"Dezembro",38.13
8314,"Janeiro",59.3
8314,"Fevereiro",45.09
8314,"Março",26.68
8314,"Abril",48.87
8314,"Maio",10.45
8314,"Junho",85.56
8314,"Julho",43.81
8314,"Agosto",25.18
8314,"Setembro",93.85
8314,"Outubro",60.89
8314,"Novembro",3.45
8314,"Dezembro",43.96
9086,"Janeiro",95
9086,"Fevereiro",24.78
9086,"Março",20.37
9086,"Abril",46.45
9086,"Maio",22.33
9086,"Junho",19.81
9086,"Julho",99.55
9086,"Agosto",26.18
9086,"Setembro",93.79
9086,"Outubro",82.08
9086,"Novembro",12.87
9086,"Dezembro",73.91
7855,"Janeiro",27.06
7855,"Fevereiro",99.79
7855,"Março",92.04
7855,"Abril",43.83
7855,"Maio",41.67
7855,"Junho",14.38
7855,"Julho",95.83
7855,"Agosto",69.52
7855,"Setembro",31.32
7855,"Outubro",98.19
7855,"Novembro",25.88
7855,"Dezembro",87.27
2555,"Janeiro",25.49
2555,"Fevereiro",61.43
2555,"Março",6.34
2555,"Abril",96.25
2555,"Maio",93.37
2555,"Junho",7.83
2555,"Julho",71.06
2555,"Agosto",68.58
2555,"Setembro",29.54
2555,"Outubro",2.1
2555,"Novembro",11.85
2555,"Dezembro",19.46
7964,"Janeiro",13.02
7964,"Fevereiro",23.69
7964,"Março",60.81
7964,"Abril",22.99
7964,"Maio",78.17
7964,"Junho",78.56
7964,"Julho",37.59
7964,"Agosto",47.98
7964,"Setembro",52.68
7964,"Outubro",75.19
7964,"Novembro",52.53
7964,"Dezembro",11.72
1790,"Janeiro",84.88
1790,"Fevereiro",77.77
1790,"Março",2.05
1790,"Abril",2.56
1790,"Maio",45.36
1790,"Junho",70.69
1790,"Julho",65.12
1790,"Agosto",81.39
1790,"Setembro",47.1
1790,"Outubro",29.67
1790,"Novembro",55.34
1790,"Dezembro",27.23
6644,"Janeiro",49.63
6644,"Fevereiro",29.46
6644,"Março",93.1
6644,"Abril",66.82
6644,"Maio",78.32
6644,"Junho",63.29
6644,"Julho",64.16
6644,"Agosto",26.03
6644,"Setembro",83.65
6644,"Outubro",47.84
6644,"Novembro",56.71
6644,"Dezembro",46.66
7144,"Janeiro",18.12
7144,"Fevereiro",39.88
7144,"Março",7.21
7144,"Abril",34.04
7144,"Maio",64.19
7144,"Junho",61.68
7144,"Julho",56.39
7144,"Agosto",52.95
7144,"Setembro",12.05
7144,"Outubro",17.74
7144,"Novembro",47.44
7144,"Dezembro",59.48
8601,"Janeiro",79.99
8601,"Fevereiro",4.55
8601,"Março",24.2
8601,"Abril",26.35
8601,"Maio",18.41
8601,"Junho",25.34
8601,"Julho",81.14
8601,"Agosto",9.99
8601,"Setembro",20.3
8601,"Outubro",72.35
8601,"Novembro",7.05
8601,"Dezembro",7.41
35,"Janeiro",89.07
35,"Fevereiro",88.55
35,"Março",70.75
35,"Abril",2.34
35,"Maio",15.4
35,"Junho",49.68
35,"Julho",74.76
35,"Agosto",96.81
35,"Setembro",12.78
35,"Outubro",84.98
35,"Novembro",99.2
35,"Dezembro",74.75
5465,"Janeiro",52.42
5465,"Fevereiro",53.81
5465,"Março",50.74
5465,"Abril",20.16
5465,"Maio",18.4
5465,"Junho",25.68
5465,"Julho",98.86
5465,"Agosto",10.07
5465,"Setembro",29.78
5465,"Outubro",16.5
5465,"Novembro",75.65
5465,"Dezembro",41.71
4298,"Janeiro",63.98
4298,"Fevereiro",16.15
4298,"Março",79.23
4298,"Abril",60.37
4298,"Maio",10.98
4298,"Junho",6.54
4298,"Julho",44.26
4298,"Agosto",37.5
4298,"Setembro",93.47
4298,"Outubro",0.25
4298,"Novembro",92.79
4298,"Dezembro",65.6
6403,"Janeiro",61.13
6403,"Fevereiro",34.5
6403,"Março",19.95
6403,"Abril",70.41
6403,"Maio",34.39
6403,"Junho",88.66
6403,"Julho",46.57
6403,"Agosto",21.16
6403,"Setembro",75.52
6403,"Outubro",47.22
6403,"Novembro",96.27
6403,"Dezembro",15.47
3302,"Janeiro",97.38
3302,"Fevereiro",49.84
3302,"Março",4.69
3302,"Abril",32.91
3302,"Maio",5.42
3302,"Junho",39.72
3302,"Julho",87.16
3302,"Agosto",64.16
3302,"Setembro",60.92
3302,"Outubro",43.61
3302,"Novembro",8.4
3302,"Dezembro",50.28
7186,"Janeiro",0.88
7186,"Fevereiro",3.03
7186,"Março",23.97
7186,"Abril",43.29
7186,"Maio",56.86
7186,"Junho",23.32
7186,"Julho",80.6
7186,"Agosto",79.65
7186,"Setembro",7.64
7186,"Outubro",73.88
7186,"Novembro",53.36
7186,"Dezembro",73.9
567,"Janeiro",95.48
567,"Fevereiro",97.13
567,"Março",69.54
567,"Abril",99.33
567,"Maio",21.05
567,"Junho",61.36
567,"Julho",77.43
567,"Agosto",28.06
567,"Setembro",99.27
567,"Outubro",37.57
567,"Novembro",89.89
567,"Dezembro",11.35
8481,"Janeiro",87.81
8481,"Fevereiro",57.35
8481,"Março",40.95
8481,"Abril",8.48
8481,"Maio",83.88
8481,"Junho",81.66
8481,"Julho",19.61
8481,"Agosto",57.72
8481,"Setembro",2.63
8481,"Outubro",62.01
8481,"Novembro",0.88
8481,"Dezembro",41.47
611,"Janeiro",68.56
611,"Fevereiro",21.5
611,"Março",10.57
611,"Abril",75.85
611,"Maio",46.34
611,"Junho",69.74
611,"Julho",0.84
611,"Agosto",38.23
611,"Setembro",26.49
611,"Outubro",1.17
611,"Novembro",16.29
611,"Dezembro",33.73
6002,"Janeiro",62.96
6002,"Fevereiro",91.4
6002,"Março",58.98
6002,"Abril",94.63
6002,"Maio",70.9
6002,"Junho",86.6
6002,"Julho",52.63
6002,"Agosto",1.74
6002,"Setembro",21.86
6002,"Outubro",53.05
6002,"Novembro",93.6
6002,"Dezembro",89.21
5521,"Janeiro",83.97
5521,"Fevereiro",89.56
5521,"Março",18.62
5521,"Abril",19.22
5521,"Maio",19.09
5521,"Junho",29.3
5521,"Julho",66.4
5521,"Agosto",93.22
5521,"Setembro",32.53
5521,"Outubro",35.82
5521,"Novembro",9.16
5521,"Dezembro",86.9
482,"Janeiro",6.4
482,"Fevereiro",37.46
482,"Março",92.88
482,"Abril",72.18
482,"Maio",74.46
482,"Junho",97.86
482,"Julho",15.77
482,"Agosto",56.78
482,"Setembro",45.51
482,"Outubro",58.51
482,"Novembro",61.09
482,"Dezembro",71.42
9465,"Janeiro",51.91
9465,"Fevereiro",81.34
9465,"Março",14.84
9465,"Abril",67.48
9465,"Maio",37.35
9465,"Junho",99.69
9465,"Julho",61.84
9465,"Agosto",36.99
9465,"Setembro",73.53
9465,"Outubro",43.23
9465,"Novembro",36.43
9465,"Dezembro",75.18
3736,"Janeiro",70.39
3736,"Fevereiro",26.29
3736,"Março",70.87
3736,"Abril",76.18
3736,"Maio",5.4
3736,"Junho",70.06
3736,"Julho",3.75
3736,"Agosto",4.72
3736,"Setembro",47.95
3736,"Outubro",23.33
3736,"Novembro",22.46
3736,"Dezembro",37.27
6762,"Janeiro",90.94
6762,"Fevereiro",84.55
6762,"Março",45.94
6762,"Abril",80.99
6762,"Maio",60.41
6762,"Junho",57.46
6762,"Julho",5.74
6762,"Agosto",28.61
6762,"Setembro",76.88
6762,"Outubro",98.01
6762,"Novembro",2.8
6762,"Dezembro",55.93
5232,"Janeiro",54.79
5232,"Fevereiro",19.82
5232,"Março",44.01
5232,"Abril",3.3
5232,"Maio",62.98
5232,"Junho",51.9
5232,"Julho",17.09
5232,"Agosto",70.78
5232,"Setembro",28.25
5232,"Outubro",22.04
5232,"Novembro",36.4
5232,"Dezembro",62.03
8491,"Janeiro",7.4
8491,"Fevereiro",34.08
8491,"Março",77.84
8491,"Abril",35.81
8491,"Maio",67.13
8491,"Junho",64.7
8491,"Julho",2.69
8491,"Agosto",36.26
8491,"Setembro",4.6
8491,"Outubro",26.94
8491,"Novembro",25.97
8491,"Dezembro",96.3
1334,"Janeiro",32.98
1334,"Fevereiro",37.3
1334,"Março",29.33
1334,"Abril",86.47
1334,"Maio",53.22
1334,"Junho",37.95
1334,"Julho",19.99
1334,"Agosto",3.79
1334,"Setembro",33.69
1334,"Outubro",17.18
1334,"Novembro",50.92
1334,"Dezembro",62.51
1860,"Janeiro",11.7
1860,"Fevereiro",1.75
1860,"Março",0.79
1860,"Abril",91.35
1860,"Maio",91.64
1860,"Junho",20.49
1860,"Julho",35.64
1860,"Agosto",8.9
1860,"Setembro",52.99
1860,"Outubro",61.86
1860,"Novembro",69.95
1860,"Dezembro",80.15
48,"Janeiro",4.97
48,"Fevereiro",29.65
48,"Março",25.42
48,"Abril",58.36
48,"Maio",87.25
48,"Junho",47.07
48,"Julho",21.77
48,"Agosto",96.05
48,"Setembro",66.03
48,"Outubro",46.56
48,"Novembro",8.3
48,"Dezembro",88.8
507,"Janeiro",2.5
507,"Fevereiro",89.46
507,"Março",10.26
507,"Abril",34.35
507,"Maio",56.7
507,"Junho",70.72
507,"Julho",44.95
507,"Agosto",65.8
507,"Setembro",70.28
507,"Outubro",65.44
507,"Novembro",27.69
507,"Dezembro",47.24
7625,"Janeiro",45.66
7625,"Fevereiro",56.69
7625,"Março",40.27
7625,"Abril",87.41
7625,"Maio",37.25
7625,"Junho",34.18
7625,"Julho",25.03
7625,"Agosto",39.02
7625,"Setembro",35.84
7625,"Outubro",8.04
7625,"Novembro",31.95
7625,"Dezembro",79.67
6758,"Janeiro",64.16
6758,"Fevereiro",56.87
6758,"Março",91.53
6758,"Abril",29.37
6758,"Maio",52.84
6758,"Junho",14.18
6758,"Julho",32.41
6758,"Agosto",35.91
6758,"Setembro",11
6758,"Outubro",19.67
6758,"Novembro",10.61
6758,"Dezembro",74.38
1039,"Janeiro",81.55
1039,"Fevereiro",11.24
1039,"Março",1.38
1039,"Abril",78.12
1039,"Maio",2.62
1039,"Junho",39.74
1039,"Julho",5.33
1039,"Agosto",50.56
1039,"Setembro",79.99
1039,"Outubro",84.66
1039,"Novembro",18.06
1039,"Dezembro",79.27
7298,"Janeiro",71.97
7298,"Fevereiro",90.59
7298,"Março",65.41
7298,"Abril",6.97
7298,"Maio",56.22
7298,"Junho",59.33
7298,"Julho",96.99
7298,"Agosto",22.75
7298,"Setembro",15.14
7298,"Outubro",52.64
7298,"Novembro",47.14
7298,"Dezembro",71.62
4391,"Janeiro",5.92
4391,"Fevereiro",64.63
4391,"Março",14.58
4391,"Abril",44.51
4391,"Maio",59.42
4391,"Junho",38.94
4391,"Julho",48.55
4391,"Agosto",31.62
4391,"Setembro",23.04
4391,"Outubro",31.43
4391,"Novembro",59.29
4391,"Dezembro",75.72
1972,"Janeiro",53.29
1972,"Fevereiro",66.74
1972,"Março",34.67
1972,"Abril",40.55
1972,"Maio",34.59
1972,"Junho",37.61
1972,"Julho",13.59
1972,"Agosto",36.28
1972,"Setembro",86.78
1972,"Outubro",7.23
1972,"Novembro",1.44
1972,"Dezembro",86.14
6503,"Janeiro",48.16
6503,"Fevereiro",7.28
6503,"Março",70.09
6503,"Abril",62.18
6503,"Maio",25.17
6503,"Junho",43.57
6503,"Julho",96.21
6503,"Agosto",73.57
6503,"Setembro",19.08
6503,"Outubro",71.32
6503,"Novembro",85.98
6503,"Dezembro",26.53
6336,"Janeiro",60.35
6336,"Fevereiro",95.4
6336,"Março",2.05
6336,"Abril",42.86
6336,"Maio",94.76
6336,"Junho",56.73
6336,"Julho",22.05
6336,"Agosto",69.45
6336,"Setembro",48.85
6336,"Outubro",57.74
6336,"Novembro",67.18
6336,"Dezembro",23.87
598,"Janeiro",21.13
598,"Fevereiro",41.48
598,"Março",51.04
598,"Abril",33.21
598,"Maio",2.52
598,"Junho",92.01
598,"Julho",47.36
598,"Agosto",83.59
598,"Setembro",81.92
598,"Outubro",77.55
598,"Novembro",3.93
598,"Dezembro",56.81
9089,"Janeiro",35.36
9089,"Fevereiro",61.12
9089,"Março",88.87
9089,"Abril",80.8
9089,"Maio",12.41
9089,"Junho",19.22
9089,"Julho",22.93
9089,"Agosto",2
9089,"Setembro",99.5
9089,"Outubro",99.19
9089,"Novembro",24.28
9089,"Dezembro",43.3
352,"Janeiro",9.84
352,"Fevereiro",89.31
352,"Março",81.15
352,"Abril",28.64
352,"Maio",30.59
352,"Junho",73.51
352,"Julho",77
352,"Agosto",46.91
352,"Setembro",71.33
352,"Outubro",72.28
352,"Novembro",43.77
352,"Dezembro",99.93
9305,"Janeiro",27.54
9305,"Fevereiro",7.82
9305,"Março",33.26
9305,"Abril",96.12
9305,"Maio",11.67
9305,"Junho",39.94
9305,"Julho",53.2
9305,"Agosto",77.81
9305,"Setembro",20.22
9305,"Outubro",11.73
9305,"Novembro",52.16
9305,"Dezembro",23.61
4495,"Janeiro",73.47
4495,"Fevereiro",84.33
4495,"Março",95.44
4495,"Abril",56.85
4495,"Maio",24.83
4495,"Junho",6.71
4495,"Julho",53.56
4495,"Agosto",33.55
4495,"Setembro",76.48
4495,"Outubro",18.9
4495,"Novembro",99.73
4495,"Dezembro",11.62
2494,"Janeiro",56.41
2494,"Fevereiro",78.5
2494,"Março",10.9
2494,"Abril",85.69
2494,"Maio",45.66
2494,"Junho",12.88
2494,"Julho",36.07
2494,"Agosto",79.53
2494,"Setembro",25.05
2494,"Outubro",21.69
2494,"Novembro",55.73
2494,"Dezembro",20.42
1503,"Janeiro",97.65
1503,"Fevereiro",90.7
1503,"Março",18.97
1503,"Abril",69.16
1503,"Maio",22.76
1503,"Junho",57.57
1503,"Julho",53.46
1503,"Agosto",73.42
1503,"Setembro",34.47
1503,"Outubro",63.92
1503,"Novembro",69.65
1503,"Dezembro",7.07
5236,"Janeiro",50.02
5236,"Fevereiro",36.61
5236,"Março",12.99
5236,"Abril",10.49
5236,"Maio",30.34
5236,"Junho",11.02
5236,"Julho",50
5236,"Agosto",28.86
5236,"Setembro",75.62
5236,"Outubro",70.2
5236,"Novembro",24.3
5236,"Dezembro",26.87
3668,"Janeiro",68.63
3668,"Fevereiro",81.01
3668,"Março",81.35
3668,"Abril",96.48
3668,"Maio",99.6
3668,"Junho",7.9
3668,"Julho",54.63
3668,"Agosto",14.26
3668,"Setembro",24.8
3668,"Outubro",49.8
3668,"Novembro",52.99
3668,"Dezembro",15.12
1234,"Janeiro",58.31
1234,"Fevereiro",75.79
1234,"Março",98.95
1234,"Abril",95.51
1234,"Maio",90.92
1234,"Junho",91.52
1234,"Julho",41.98
1234,"Agosto",65.55
1234,"Setembro",82.51
1234,"Outubro",44.93
1234,"Novembro",82.44
1234,"Dezembro",31.24
4011,"Janeiro",93.37
4011,"Fevereiro",10.08
4011,"Março",17.25
4011,"Abril",0.48
4011,"Maio",79.25
4011,"Junho",21.74
4011,"Julho",6.05
4011,"Agosto",66.11
4011,"Setembro",39.15
4011,"Outubro",92.11
4011,"Novembro",80.83
4011,"Dezembro",73.75
6826,"Janeiro",96.75
6826,"Fevereiro",47.23
6826,"Março",30.85
6826,"Abril",48.39
6826,"Maio",76.83
6826,"Junho",50.94
6826,"Julho",60.25
6826,"Agosto",15.49
6826,"Setembro",26.99
6826,"Outubro",41.76
6826,"Novembro",69.01
6826,"Dezembro",92.55
28,"Janeiro",86.57
28,"Fevereiro",61.55
28,"Março",97.19
28,"Abril",73.95
28,"Maio",85.32
28,"Junho",58.71
28,"Julho",42.17
28,"Agosto",19.5
28,"Setembro",65.09
28,"Outubro",37.12
28,"Novembro",72.04
28,"Dezembro",6.2
3747,"Janeiro",65.27
3747,"Fevereiro",84.17
3747,"Março",31.52
3747,"Abril",30.65
3747,"Maio",46.25
3747,"Junho",35.79
3747,"Julho",22.58
3747,"Agosto",66.79
3747,"Setembro",47.79
3747,"Outubro",7.45
3747,"Novembro",95.72
3747,"Dezembro",3.3
3812,"Janeiro",56.02
3812,"Fevereiro",8.86
3812,"Março",99.91
3812,"Abril",44.99
3812,"Maio",62.98
3812,"Junho",40.46
3812,"Julho",51.72
3812,"Agosto",11.2
3812,"Setembro",88.09
3812,"Outubro",24.3
3812,"Novembro",30.37
3812,"Dezembro",91.45
5211,"Janeiro",20.62
5211,"Fevereiro",25.3
5211,"Março",46.92
5211,"Abril",11.57
5211,"Maio",49.84
5211,"Junho",62.37
5211,"Julho",35.35
5211,"Agosto",72.63
5211,"Setembro",9.91
5211,"Outubro",87.58
5211,"Novembro",79.81
5211,"Dezembro",30.77
3768,"Janeiro",71.01
3768,"Fevereiro",55.63
3768,"Março",33.37
3768,"Abril",45.87
3768,"Maio",51.56
3768,"Junho",73.09
3768,"Julho",87.76
3768,"Agosto",27.56
3768,"Setembro",32.36
3768,"Outubro",49.11
3768,"Novembro",38.45
3768,"Dezembro",61.27
5740,"Janeiro",72.48
5740,"Fevereiro",99.43
5740,"Março",93.4
5740,"Abril",1.37
5740,"Maio",85.03
5740,"Junho",3.34
5740,"Julho",71.95
5740,"Agosto",24.95
5740,"Setembro",85.07
5740,"Outubro",97.22
5740,"Novembro",84.83
5740,"Dezembro",70.02
6850,"Janeiro",9.85
6850,"Fevereiro",32.43
6850,"Março",36.06
6850,"Abril",37.94
6850,"Maio",0.75
6850,"Junho",67.26
6850,"Julho",94.46
6850,"Agosto",83.56
6850,"Setembro",68.02
6850,"Outubro",18.53
6850,"Novembro",8.94
6850,"Dezembro",53.54
2762,"Janeiro",32.4
2762,"Fevereiro",22.14
2762,"Março",46.84
2762,"Abril",61.24
2762,"Maio",7.47
2762,"Junho",80.06
2762,"Julho",93.21
2762,"Agosto",82.56
2762,"Setembro",98.32
2762,"Outubro",99.18
2762,"Novembro",10.56
2762,"Dezembro",0.09
484,"Janeiro",96.22
484,"Fevereiro",94.6
484,"Março",82.96
484,"Abril",43.21
484,"Maio",20.08
484,"Junho",44.64
484,"Julho",33.56
484,"Agosto",68.21
484,"Setembro",45.27
484,"Outubro",94.33
484,"Novembro",2.65
484,"Dezembro",45.93
1923,"Janeiro",74.69
1923,"Fevereiro",94.43
1923,"Março",51.41
1923,"Abril",79.05
1923,"Maio",84.59
1923,"Junho",94.68
1923,"Julho",25.77
1923,"Agosto",88.67
1923,"Setembro",61.02
1923,"Outubro",14.14
1923,"Novembro",66.73
1923,"Dezembro",92.37
9615,"Janeiro",14.74
9615,"Fevereiro",52.36
9615,"Março",28.47
9615,"Abril",14.3
9615,"Maio",22.56
9615,"Junho",71.64
9615,"Julho",28.47
9615,"Agosto",76.81
9615,"Setembro",94.1
9615,"Outubro",17.99
9615,"Novembro",66.49
9615,"Dezembro",34.69
7032,"Janeiro",39.16
7032,"Fevereiro",21.57
7032,"Março",36.95
7032,"Abril",58.78
7032,"Maio",65.31
7032,"Junho",7.01
7032,"Julho",69.75
7032,"Agosto",33.87
7032,"Setembro",62.97
7032,"Outubro",91.68
7032,"Novembro",98.23
7032,"Dezembro",66.21
4767,"Janeiro",85.69
4767,"Fevereiro",49.03
4767,"Março",71.49
4767,"Abril",16.54
4767,"Maio",24.61
4767,"Junho",53.15
4767,"Julho",68.49
4767,"Agosto",12.62
4767,"Setembro",64.26
4767,"Outubro",59.37
4767,"Novembro",87.27
4767,"Dezembro",11.44
1055,"Janeiro",25.14
1055,"Fevereiro",79.01
1055,"Março",40.15
1055,"Abril",70.22
1055,"Maio",35.29
1055,"Junho",90.46
1055,"Julho",69.46
1055,"Agosto",29.17
1055,"Setembro",49.35
1055,"Outubro",32.68
1055,"Novembro",97.09
1055,"Dezembro",23.85
3380,"Janeiro",21.34
3380,"Fevereiro",31.78
3380,"Março",19.88
3380,"Abril",17
3380,"Maio",8.54
3380,"Junho",46.95
3380,"Julho",35.99
3380,"Agosto",25.42
3380,"Setembro",23.25
3380,"Outubro",89.95
3380,"Novembro",89.44
3380,"Dezembro",76.35
6184,"Janeiro",7.19
6184,"Fevereiro",30.63
6184,"Março",19.43
6184,"Abril",51.77
6184,"Maio",99.76
6184,"Junho",40.99
6184,"Julho",43.8
6184,"Agosto",50.25
6184,"Setembro",76.62
6184,"Outubro",89.96
6184,"Novembro",90.92
6184,"Dezembro",58.27
683,"Janeiro",5.77
683,"Fevereiro",90.82
683,"Março",97.62
683,"Abril",4.04
683,"Maio",20.7
683,"Junho",33.5
683,"Julho",22.02
683,"Agosto",0.46
683,"Setembro",46.03
683,"Outubro",83.97
683,"Novembro",95.62
683,"Dezembro",74.94
6649,"Janeiro",33.72
6649,"Fevereiro",86.68
6649,"Março",87.61
6649,"Abril",22.34
6649,"Maio",14.22
6649,"Junho",23.17
6649,"Julho",90.92
6649,"Agosto",57.36
6649,"Setembro",54.68
6649,"Outubro",21.91
6649,"Novembro",71.68
6649,"Dezembro",83.46
5358,"Janeiro",88.82
5358,"Fevereiro",43.69
5358,"Março",38.89
5358,"Abril",21.23
5358,"Maio",31.7
5358,"Junho",18.63
5358,"Julho",79
5358,"Agosto",77.86
5358,"Setembro",54.09
5358,"Outubro",90.63
5358,"Novembro",21.06
5358,"Dezembro",78.36
402,"Janeiro",75.56
402,"Fevereiro",44.22
402,"Março",35.89
402,"Abril",57
402,"Maio",44.18
402,"Junho",8.21
402,"Julho",80.6
402,"Agosto",38.27
402,"Setembro",70.98
402,"Outubro",72.27
402,"Novembro",16.14
402,"Dezembro",21.61
5588,"Janeiro",78.52
5588,"Fevereiro",23.69
5588,"Março",90.19
5588,"Abril",89.3
5588,"Maio",34.35
5588,"Junho",33.27
5588,"Julho",82.77
5588,"Agosto",4.24
5588,"Setembro",75.9
5588,"Outubro",9.93
5588,"Novembro",99.46
5588,"Dezembro",21.05
5176,"Janeiro",12.91
5176,"Fevereiro",76.54
5176,"Março",46.4
5176,"Abril",25.04
5176,"Maio",8.98
5176,"Junho",49.39
5176,"Julho",43.83
5176,"Agosto",72.23
5176,"Setembro",61.79
5176,"Outubro",35.02
5176,"Novembro",17.62
5176,"Dezembro",43.55
2113,"Janeiro",96.39
2113,"Fevereiro",94.68
2113,"Março",69.06
2113,"Abril",31.9
2113,"Maio",38.92
2113,"Junho",91.81
2113,"Julho",77.33
2113,"Agosto",79.35
2113,"Setembro",38.98
2113,"Outubro",78.17
2113,"Novembro",9.06
2113,"Dezembro",63.86
7402,"Janeiro",63.74
7402,"Fevereiro",86.42
7402,"Março",74.36
7402,"Abril",76.39
7402,"Maio",14.52
7402,"Junho",31.09
7402,"Julho",9.51
7402,"Agosto",98.57
7402,"Setembro",18.57
7402,"Outubro",63.59
7402,"Novembro",67.21
7402,"Dezembro",68.45
6548,"Janeiro",27
6548,"Fevereiro",68.95
6548,"Março",13.97
6548,"Abril",4.96
6548,"Maio",78.25
6548,"Junho",85.96
6548,"Julho",90.52
6548,"Agosto",90.24
6548,"Setembro",70.24
6548,"Outubro",91.48
6548,"Novembro",62.04
6548,"Dezembro",28.75
6782,"Janeiro",26.96
6782,"Fevereiro",34.8
6782,"Março",51.66
6782,"Abril",41.86
6782,"Maio",3.47
6782,"Junho",74.97
6782,"Julho",60.87
6782,"Agosto",55.15
6782,"Setembro",74.03
6782,"Outubro",5.42
6782,"Novembro",81.59
6782,"Dezembro",31.22
9578,"Janeiro",64.96
9578,"Fevereiro",94.36
9578,"Março",87.91
9578,"Abril",56.35
9578,"Maio",83.78
9578,"Junho",9.85
9578,"Julho",52.8
9578,"Agosto",25.1
9578,"Setembro",41.92
9578,"Outubro",56.22
9578,"Novembro",16.63
9578,"Dezembro",63.04
2873,"Janeiro",36.5
2873,"Fevereiro",50.96
2873,"Março",78.94
2873,"Abril",48.52
2873,"Maio",44.07
2873,"Junho",60.56
2873,"Julho",33.17
2873,"Agosto",4.39
2873,"Setembro",77.4
2873,"Outubro",31.52
2873,"Novembro",32.74
2873,"Dezembro",96.02
8052,"Janeiro",81.51
8052,"Fevereiro",47.56
8052,"Março",49.32
8052,"Abril",96.49
8052,"Maio",47.14
8052,"Junho",41.35
8052,"Julho",50.91
8052,"Agosto",75.51
8052,"Setembro",84.1
8052,"Outubro",2.72
8052,"Novembro",70.86
8052,"Dezembro",17.66
3895,"Janeiro",60.1
3895,"Fevereiro",32.82
3895,"Março",33.91
3895,"Abril",51.66
3895,"Maio",63.71
3895,"Junho",20.56
3895,"Julho",68.53
3895,"Agosto",80.44
3895,"Setembro",91.43
3895,"Outubro",57.39
3895,"Novembro",42.73
3895,"Dezembro",26.07
655,"Janeiro",76.38
655,"Fevereiro",88.73
655,"Março",8.09
655,"Abril",87.11
655,"Maio",29.91
655,"Junho",4.9
655,"Julho",70.3
655,"Agosto",29.51
655,"Setembro",84.65
655,"Outubro",87.67
655,"Novembro",56.84
655,"Dezembro",10.29
522,"Janeiro",17.88
522,"Fevereiro",84.76
522,"Março",31.54
522,"Abril",81.25
522,"Maio",34.14
522,"Junho",94.94
522,"Julho",71.06
522,"Agosto",70.58
522,"Setembro",59.94
522,"Outubro",2.74
522,"Novembro",95.86
522,"Dezembro",39.36
1872,"Janeiro",81.97
1872,"Fevereiro",12.64
1872,"Março",31.13
1872,"Abril",44.43
1872,"Maio",21.77
1872,"Junho",45.22
1872,"Julho",87.55
1872,"Agosto",94.13
1872,"Setembro",70.85
1872,"Outubro",31.32
1872,"Novembro",64.66
1872,"Dezembro",3.86
7599,"Janeiro",29.06
7599,"Fevereiro",79.82
7599,"Março",44.19
7599,"Abril",74.72
7599,"Maio",18.84
7599,"Junho",99.85
7599,"Julho",54.22
7599,"Agosto",52.21
7599,"Setembro",29.47
7599,"Outubro",71.74
7599,"Novembro",25.3
7599,"Dezembro",78.75
2187,"Janeiro",94.38
2187,"Fevereiro",65.38
2187,"Março",14.64
2187,"Abril",91.29
2187,"Maio",14.44
2187,"Junho",0.34
2187,"Julho",45.14
2187,"Agosto",92.86
2187,"Setembro",93.67
2187,"Outubro",7.46
2187,"Novembro",73.3
2187,"Dezembro",43.63
3293,"Janeiro",19.23
3293,"Fevereiro",61.03
3293,"Março",60.04
3293,"Abril",9.95
3293,"Maio",97.35
3293,"Junho",30.42
3293,"Julho",3.19
3293,"Agosto",17.67
3293,"Setembro",9.68
3293,"Outubro",8.4
3293,"Novembro",38.26
3293,"Dezembro",39.28
1963,"Janeiro",65.47
1963,"Fevereiro",24.6
1963,"Março",28.08
1963,"Abril",15.11
1963,"Maio",27.29
1963,"Junho",55.02
1963,"Julho",17.72
1963,"Agosto",69.15
1963,"Setembro",50.3
1963,"Outubro",62.39
1963,"Novembro",47.65
1963,"Dezembro",43.84
1413,"Janeiro",63.66
1413,"Fevereiro",50.95
1413,"Março",92.56
1413,"Abril",84.97
1413,"Maio",61.62
1413,"Junho",95.93
1413,"Julho",42.06
1413,"Agosto",72.98
1413,"Setembro",93.2
1413,"Outubro",17.19
1413,"Novembro",18.8
1413,"Dezembro",39.09
4733,"Janeiro",72.96
4733,"Fevereiro",60.57
4733,"Março",86.51
4733,"Abril",80.7
4733,"Maio",1.71
4733,"Junho",20.11
4733,"Julho",11.07
4733,"Agosto",21.23
4733,"Setembro",42.48
4733,"Outubro",84.01
4733,"Novembro",91.59
4733,"Dezembro",23.87
4080,"Janeiro",2.54
4080,"Fevereiro",90.57
4080,"Março",19.69
4080,"Abril",9.76
4080,"Maio",27.8
4080,"Junho",0.16
4080,"Julho",89.37
4080,"Agosto",13.81
4080,"Setembro",91.92
4080,"Outubro",16.02
4080,"Novembro",40.02
4080,"Dezembro",85.43
4410,"Janeiro",1.93
4410,"Fevereiro",43.36
4410,"Março",91.75
4410,"Abril",32.18
4410,"Maio",55.66
4410,"Junho",31.06
4410,"Julho",30.53
4410,"Agosto",2.9
4410,"Setembro",54.78
4410,"Outubro",12.03
4410,"Novembro",59.24
4410,"Dezembro",27.33
4926,"Janeiro",63.12
4926,"Fevereiro",50.39
4926,"Março",80.71
4926,"Abril",16.58
4926,"Maio",54.13
4926,"Junho",67.33
4926,"Julho",64.4
4926,"Agosto",35.33
4926,"Setembro",60.76
4926,"Outubro",44.56
4926,"Novembro",51.15
4926,"Dezembro",65.58
8590,"Janeiro",25.69
8590,"Fevereiro",58.98
8590,"Março",68.03
8590,"Abril",70.89
8590,"Maio",62.18
8590,"Junho",83.28
8590,"Julho",98.75
8590,"Agosto",37.41
8590,"Setembro",74.84
8590,"Outubro",38.14
8590,"Novembro",23.27
8590,"Dezembro",19.59
7224,"Janeiro",56.24
7224,"Fevereiro",68.96
7224,"Março",67.8
7224,"Abril",7.45
7224,"Maio",4.05
7224,"Junho",99.35
7224,"Julho",9.43
7224,"Agosto",46.63
7224,"Setembro",16.63
7224,"Outubro",1.24
7224,"Novembro",33.54
7224,"Dezembro",44.42
1519,"Janeiro",7.78
1519,"Fevereiro",47.71
1519,"Março",36.34
1519,"Abril",19.65
1519,"Maio",46.08
1519,"Junho",99.55
1519,"Julho",23.77
1519,"Agosto",11.66
1519,"Setembro",56.51
1519,"Outubro",49.19
1519,"Novembro",74.79
1519,"Dezembro",52.09
6612,"Janeiro",17.11
6612,"Fevereiro",54.52
6612,"Março",17.08
6612,"Abril",77.36
6612,"Maio",98.9
6612,"Junho",82.75
6612,"Julho",68.83
6612,"Agosto",71.26
6612,"Setembro",51.75
6612,"Outubro",46.76
6612,"Novembro",21.15
6612,"Dezembro",14.5
8706,"Janeiro",27.75
8706,"Fevereiro",99.85
8706,"Março",27.09
8706,"Abril",66.23
8706,"Maio",3.85
8706,"Junho",46.95
8706,"Julho",91.56
8706,"Agosto",66.94
8706,"Setembro",9.54
8706,"Outubro",22.78
8706,"Novembro",28.35
8706,"Dezembro",70.03
1530,"Janeiro",43.69
1530,"Fevereiro",40.11
1530,"Março",42.38
1530,"Abril",44.07
1530,"Maio",96.31
1530,"Junho",62.48
1530,"Julho",74.64
1530,"Agosto",4.7
1530,"Setembro",8.1
1530,"Outubro",40.87
1530,"Novembro",81.7
1530,"Dezembro",67.22
9262,"Janeiro",78.6
9262,"Fevereiro",83.04
9262,"Março",33.91
9262,"Abril",36.77
9262,"Maio",6.07
9262,"Junho",66.39
9262,"Julho",83.11
9262,"Agosto",69.13
9262,"Setembro",67.04
9262,"Outubro",40.74
9262,"Novembro",56.85
9262,"Dezembro",77.93
4811,"Janeiro",58.04
4811,"Fevereiro",0.75
4811,"Março",88.09
4811,"Abril",12.48
4811,"Maio",66.88
4811,"Junho",41.81
4811,"Julho",24.63
4811,"Agosto",25.41
4811,"Setembro",44.79
4811,"Outubro",95.03
4811,"Novembro",43.25
4811,"Dezembro",95.93
1,"Janeiro",20.44
1,"Fevereiro",37.86
1,"Março",42.28
1,"Abril",42.58
1,"Maio",89.09
1,"Junho",70.31
1,"Julho",42.11
1,"Agosto",57.39
1,"Setembro",34.15
1,"Outubro",94.14
1,"Novembro",60.81
1,"Dezembro",12.14
9940,"Janeiro",62.54
9940,"Fevereiro",14.13
9940,"Março",69.85
9940,"Abril",79.26
9940,"Maio",17.14
9940,"Junho",40.28
9940,"Julho",28.85
9940,"Agosto",1.27
9940,"Setembro",74.78
9940,"Outubro",80.25
9940,"Novembro",19.12
9940,"Dezembro",50.84
6640,"Janeiro",29.26
6640,"Fevereiro",28.67
6640,"Março",29.13
6640,"Abril",81.37
6640,"Maio",27.36
6640,"Junho",82.41
6640,"Julho",12.69
6640,"Agosto",23.28
6640,"Setembro",21.24
6640,"Outubro",95.93
6640,"Novembro",20.64
6640,"Dezembro",47.63
5167,"Janeiro",56.83
5167,"Fevereiro",60.71
5167,"Março",89.59
5167,"Abril",67.8
5167,"Maio",36.58
5167,"Junho",81.4
5167,"Julho",61.85
5167,"Agosto",19.82
5167,"Setembro",90.76
5167,"Outubro",98.84
5167,"Novembro",48.74
5167,"Dezembro",97.9
1672,"Janeiro",42.38
1672,"Fevereiro",56.36
1672,"Março",11.67
1672,"Abril",2.49
1672,"Maio",0.29
1672,"Junho",28.38
1672,"Julho",42.24
1672,"Agosto",45.38
1672,"Setembro",74.42
1672,"Outubro",39.27
1672,"Novembro",59.98
1672,"Dezembro",63.09
7549,"Janeiro",51.35
7549,"Fevereiro",60.19
7549,"Março",12.28
7549,"Abril",16.77
7549,"Maio",3.97
7549,"Junho",51.76
7549,"Julho",47.97
7549,"Agosto",44.83
7549,"Setembro",77.77
7549,"Outubro",64.5
7549,"Novembro",83.57
7549,"Dezembro",45.32
4779,"Janeiro",95.21
4779,"Fevereiro",56
4779,"Março",39.21
4779,"Abril",2.95
4779,"Maio",29.86
4779,"Junho",18.19
4779,"Julho",64.18
4779,"Agosto",86.74
4779,"Setembro",59.91
4779,"Outubro",70.5
4779,"Novembro",36.19
4779,"Dezembro",70.54
8932,"Janeiro",24.63
8932,"Fevereiro",93.3
8932,"Março",64.28
8932,"Abril",39.8
8932,"Maio",28.49
8932,"Junho",92
8932,"Julho",97.45
8932,"Agosto",48.54
8932,"Setembro",57.82
8932,"Outubro",11.65
8932,"Novembro",7.56
8932,"Dezembro",61.03
3352,"Janeiro",83.25
3352,"Fevereiro",11.62
3352,"Março",17.35
3352,"Abril",12.57
3352,"Maio",35.42
3352,"Junho",70.92
3352,"Julho",76.91
3352,"Agosto",14
3352,"Setembro",7.39
3352,"Outubro",36.49
3352,"Novembro",7.38
3352,"Dezembro",83.05
6457,"Janeiro",94.72
6457,"Fevereiro",49.41
6457,"Março",4.57
6457,"Abril",38.33
6457,"Maio",79.56
6457,"Junho",22.12
6457,"Julho",13.92
6457,"Agosto",92.74
6457,"Setembro",60.16
6457,"Outubro",38.36
6457,"Novembro",90.27
6457,"Dezembro",78.4
2752,"Janeiro",49.88
2752,"Fevereiro",97.7
2752,"Março",61.17
2752,"Abril",67.89
2752,"Maio",68.57
2752,"Junho",12.35
2752,"Julho",80.99
2752,"Agosto",80.25
2752,"Setembro",99.71
2752,"Outubro",34.16
2752,"Novembro",65.83
2752,"Dezembro",21.87
6083,"Janeiro",93.03
6083,"Fevereiro",39.6
6083,"Março",67.87
6083,"Abril",68.54
6083,"Maio",27.42
6083,"Junho",3.05
6083,"Julho",9.44
6083,"Agosto",49.75
6083,"Setembro",24.2
6083,"Outubro",28.2
6083,"Novembro",67.06
6083,"Dezembro",32.46
8139,"Janeiro",6.1
8139,"Fevereiro",51.75
8139,"Março",72.95
8139,"Abril",90.47
8139,"Maio",56.75
8139,"Junho",67.56
8139,"Julho",88.84
8139,"Agosto",34.64
8139,"Setembro",89.67
8139,"Outubro",90.89
8139,"Novembro",0.29
8139,"Dezembro",89.48
2587,"Janeiro",41.3
2587,"Fevereiro",59.27
2587,"Março",17.59
2587,"Abril",83.07
2587,"Maio",18.18
2587,"Junho",74.11
2587,"Julho",17.09
2587,"Agosto",57.02
2587,"Setembro",33.39
2587,"Outubro",49.37
2587,"Novembro",12.94
2587,"Dezembro",48.2
4870,"Janeiro",27.38
4870,"Fevereiro",14.8
4870,"Março",7.71
4870,"Abril",23.31
4870,"Maio",25.85
4870,"Junho",24.69
4870,"Julho",1.99
4870,"Agosto",60.85
4870,"Setembro",26.14
4870,"Outubro",93.63
4870,"Novembro",16.49
4870,"Dezembro",6.78
3682,"Janeiro",17.41
3682,"Fevereiro",23.32
3682,"Março",35.34
3682,"Abril",19.31
3682,"Maio",38.44
3682,"Junho",28.82
3682,"Julho",6.44
3682,"Agosto",42.75
3682,"Setembro",75.99
3682,"Outubro",11.06
3682,"Novembro",20.31
3682,"Dezembro",31.52
8043,"Janeiro",69.03
8043,"Fevereiro",91.75
8043,"Março",62.87
8043,"Abril",61.48
8043,"Maio",64.97
8043,"Junho",18.34
8043,"Julho",3.1
8043,"Agosto",20.41
8043,"Setembro",93.47
8043,"Outubro",41.63
8043,"Novembro",81.57
8043,"Dezembro",21.36
2143,"Janeiro",1.78
2143,"Fevereiro",73.09
2143,"Março",30.22
2143,"Abril",96.67
2143,"Maio",52.28
2143,"Junho",45.2
2143,"Julho",45.03
2143,"Agosto",66.73
2143,"Setembro",43.01
2143,"Outubro",26.53
2143,"Novembro",78.23
2143,"Dezembro",86.53
4617,"Janeiro",26.6
4617,"Fevereiro",3.33
4617,"Março",21.13
4617,"Abril",8.95
4617,"Maio",56.7
4617,"Junho",85.76
4617,"Julho",12.26
4617,"Agosto",88.32
4617,"Setembro",11.38
4617,"Outubro",92.36
4617,"Novembro",62.74
4617,"Dezembro",70.97
8936,"Janeiro",97.11
8936,"Fevereiro",28.36
8936,"Março",95.65
8936,"Abril",43.91
8936,"Maio",5.01
8936,"Junho",5.69
8936,"Julho",53.05
8936,"Agosto",5.83
8936,"Setembro",32.66
8936,"Outubro",4.99
8936,"Novembro",48.09
8936,"Dezembro",75.88
2844,"Janeiro",42.22
2844,"Fevereiro",26.83
2844,"Março",74.64
2844,"Abril",32.7
2844,"Maio",18.23
2844,"Junho",82.95
2844,"Julho",92.13
2844,"Agosto",13.67
2844,"Setembro",63.31
2844,"Outubro",92.69
2844,"Novembro",17.45
2844,"Dezembro",39.24
1198,"Janeiro",58.87
1198,"Fevereiro",75.94
1198,"Março",10.26
1198,"Abril",78.98
1198,"Maio",35.94
1198,"Junho",40.31
1198,"Julho",80.17
1198,"Agosto",77.45
1198,"Setembro",75.71
1198,"Outubro",91.43
1198,"Novembro",13.33
1198,"Dezembro",67.75
8716,"Janeiro",19.3
8716,"Fevereiro",83.27
8716,"Março",79.08
8716,"Abril",34.52
8716,"Maio",75.75
8716,"Junho",14.7
8716,"Julho",77.04
8716,"Agosto",71.51
8716,"Setembro",71.5
8716,"Outubro",72.3
8716,"Novembro",43.62
8716,"Dezembro",35.54
8230,"Janeiro",24.59
8230,"Fevereiro",14.58
8230,"Março",84.93
8230,"Abril",30.4
8230,"Maio",44.8
8230,"Junho",67.67
8230,"Julho",44.51
8230,"Agosto",80.84
8230,"Setembro",66.45
8230,"Outubro",54.21
8230,"Novembro",19.1
8230,"Dezembro",23.13
5131,"Janeiro",48.59
5131,"Fevereiro",29.13
5131,"Março",91.56
5131,"Abril",3.94
5131,"Maio",77.59
5131,"Junho",59.26
5131,"Julho",74.64
5131,"Agosto",53.54
5131,"Setembro",18.63
5131,"Outubro",75.19
5131,"Novembro",34.69
5131,"Dezembro",27.12
9389,"Janeiro",80.31
9389,"Fevereiro",6.39
9389,"Março",6.72
9389,"Abril",81.78
9389,"Maio",17.59
9389,"Junho",96.51
9389,"Julho",88.8
9389,"Agosto",74.45
9389,"Setembro",65.44
9389,"Outubro",92.15
9389,"Novembro",85.34
9389,"Dezembro",99.93
9706,"Janeiro",37.78
9706,"Fevereiro",65.25
9706,"Março",54.35
9706,"Abril",5.96
9706,"Maio",95.26
9706,"Junho",98.22
9706,"Julho",82.55
9706,"Agosto",0.63
9706,"Setembro",2.27
9706,"Outubro",46.13
9706,"Novembro",70.1
9706,"Dezembro",34.69
4616,"Janeiro",61.86
4616,"Fevereiro",78.28
4616,"Março",61.72
4616,"Abril",76.22
4616,"Maio",98.87
4616,"Junho",18.44
4616,"Julho",81.23
4616,"Agosto",90.72
4616,"Setembro",29.42
4616,"Outubro",83.73
4616,"Novembro",96.28
4616,"Dezembro",26.39
252,"Janeiro",99.36
252,"Fevereiro",83.77
252,"Março",99.44
252,"Abril",0.93
252,"Maio",43.75
252,"Junho",75.2
252,"Julho",82.17
252,"Agosto",21.91
252,"Setembro",10.33
252,"Outubro",26.44
252,"Novembro",55
252,"Dezembro",76.82
88,"Janeiro",35.6
88,"Fevereiro",73.62
88,"Março",4.29
88,"Abril",77.28
88,"Maio",19.56
88,"Junho",37.4
88,"Julho",42.37
88,"Agosto",42.91
88,"Setembro",64.42
88,"Outubro",56.02
88,"Novembro",32.33
88,"Dezembro",87.44
9407,"Janeiro",16.51
9407,"Fevereiro",56.17
9407,"Março",34.74
9407,"Abril",4.99
9407,"Maio",48.54
9407,"Junho",5.66
9407,"Julho",59.85
9407,"Agosto",92.73
9407,"Setembro",68.79
9407,"Outubro",30.18
9407,"Novembro",45.04
9407,"Dezembro",67.02
4874,"Janeiro",56.6
4874,"Fevereiro",2.6
4874,"Março",55.87
4874,"Abril",76.95
4874,"Maio",10.39
4874,"Junho",42.65
4874,"Julho",61.35
4874,"Agosto",17.46
4874,"Setembro",19.03
4874,"Outubro",80
4874,"Novembro",64.44
4874,"Dezembro",89.22
5369,"Janeiro",36.81
5369,"Fevereiro",61.44
5369,"Março",68.12
5369,"Abril",6.63
5369,"Maio",51.05
5369,"Junho",31.48
5369,"Julho",23.6
5369,"Agosto",65
5369,"Setembro",86.56
5369,"Outubro",31.59
5369,"Novembro",9.18
5369,"Dezembro",1.23
4095,"Janeiro",22.31
4095,"Fevereiro",76.5
4095,"Março",36.68
4095,"Abril",1.7
4095,"Maio",33.08
4095,"Junho",13.37
4095,"Julho",33.93
4095,"Agosto",85.38
4095,"Setembro",53.36
4095,"Outubro",35.14
4095,"Novembro",77.2
4095,"Dezembro",24.78
1508,"Janeiro",64.56
1508,"Fevereiro",90.52
1508,"Março",92.69
1508,"Abril",56.91
1508,"Maio",85.98
1508,"Junho",88.63
1508,"Julho",82.4
1508,"Agosto",70.83
1508,"Setembro",59.82
1508,"Outubro",75.73
1508,"Novembro",3.93
1508,"Dezembro",52.24
5638,"Janeiro",59.45
5638,"Fevereiro",98.81
5638,"Março",53.86
5638,"Abril",91.42
5638,"Maio",19.46
5638,"Junho",90.62
5638,"Julho",65.06
5638,"Agosto",80.94
5638,"Setembro",3.2
5638,"Outubro",46.03
5638,"Novembro",59.03
5638,"Dezembro",15.1
2418,"Janeiro",67.92
2418,"Fevereiro",90.38
2418,"Março",48.13
2418,"Abril",36.95
2418,"Maio",10.97
2418,"Junho",46.86
2418,"Julho",84.32
2418,"Agosto",66.55
2418,"Setembro",76.45
2418,"Outubro",42.9
2418,"Novembro",78.47
2418,"Dezembro",15.99
4482,"Janeiro",97.22
4482,"Fevereiro",56.8
4482,"Março",26.85
4482,"Abril",78.58
4482,"Maio",18.42
4482,"Junho",34.1
4482,"Julho",13.4
4482,"Agosto",94.37
4482,"Setembro",57.17
4482,"Outubro",90.99
4482,"Novembro",87.33
4482,"Dezembro",87.27
4196,"Janeiro",71.82
4196,"Fevereiro",75.03
4196,"Março",44.6
4196,"Abril",18.26
4196,"Maio",76.55
4196,"Junho",76.05
4196,"Julho",18.48
4196,"Agosto",72.2
4196,"Setembro",31.6
4196,"Outubro",88.32
4196,"Novembro",15.27
4196,"Dezembro",29.33
5781,"Janeiro",62.72
5781,"Fevereiro",53.5
5781,"Março",5.61
5781,"Abril",75.31
5781,"Maio",96.61
5781,"Junho",98.85
5781,"Julho",85.89
5781,"Agosto",91.11
5781,"Setembro",12.05
5781,"Outubro",63.09
5781,"Novembro",50.03
5781,"Dezembro",93.48
7505,"Janeiro",51.96
7505,"Fevereiro",84.98
7505,"Março",0.92
7505,"Abril",9.08
7505,"Maio",89.08
7505,"Junho",87.71
7505,"Julho",86.17
7505,"Agosto",84.15
7505,"Setembro",83.18
7505,"Outubro",22.26
7505,"Novembro",83.93
7505,"Dezembro",72.47
7340,"Janeiro",40.6
7340,"Fevereiro",39.86
7340,"Março",73.6
7340,"Abril",61.6
7340,"Maio",78.78
7340,"Junho",72.88
7340,"Julho",9.5
7340,"Agosto",8.36
7340,"Setembro",60.92
7340,"Outubro",58.16
7340,"Novembro",38.61
7340,"Dezembro",2.15
4582,"Janeiro",8.72
4582,"Fevereiro",3.82
4582,"Março",13.39
4582,"Abril",78.75
4582,"Maio",46.51
4582,"Junho",42.42
4582,"Julho",61.64
4582,"Agosto",10.16
4582,"Setembro",41.87
4582,"Outubro",14.93
4582,"Novembro",54.81
4582,"Dezembro",24.21
4272,"Janeiro",40.69
4272,"Fevereiro",79.75
4272,"Março",69.81
4272,"Abril",53.91
4272,"Maio",60.31
4272,"Junho",25.11
4272,"Julho",99.02
4272,"Agosto",79.34
4272,"Setembro",65.14
4272,"Outubro",59.21
4272,"Novembro",23.76
4272,"Dezembro",71.53
6396,"Janeiro",31.64
6396,"Fevereiro",24
6396,"Março",54.53
6396,"Abril",56.58
6396,"Maio",48.36
6396,"Junho",61.84
6396,"Julho",70.3
6396,"Agosto",62.72
6396,"Setembro",4.55
6396,"Outubro",15.57
6396,"Novembro",18.19
6396,"Dezembro",43.44
8817,"Janeiro",37.71
8817,"Fevereiro",83.67
8817,"Março",36.71
8817,"Abril",77.77
8817,"Maio",43.89
8817,"Junho",9.66
8817,"Julho",38.55
8817,"Agosto",39.73
8817,"Setembro",18.21
8817,"Outubro",96.18
8817,"Novembro",84.84
8817,"Dezembro",34.58
3021,"Janeiro",50.66
3021,"Fevereiro",8.9
3021,"Março",32.2
3021,"Abril",33.55
3021,"Maio",13.96
3021,"Junho",78.88
3021,"Julho",71.11
3021,"Agosto",78.89
3021,"Setembro",83.04
3021,"Outubro",94.21
3021,"Novembro",81.68
3021,"Dezembro",60.36
871,"Janeiro",82.58
871,"Fevereiro",71.29
871,"Março",54.09
871,"Abril",83.11
871,"Maio",92.11
871,"Junho",65.31
871,"Julho",94.07
871,"Agosto",1.85
871,"Setembro",14.8
871,"Outubro",97.36
871,"Novembro",75.91
871,"Dezembro",86.94
5741,"Janeiro",8.2
5741,"Fevereiro",12.14
5741,"Março",54.07
5741,"Abril",25.28
5741,"Maio",42.63
5741,"Junho",75.46
5741,"Julho",13.59
5741,"Agosto",4.81
5741,"Setembro",15.38
5741,"Outubro",72.22
5741,"Novembro",80.28
5741,"Dezembro",5.61
9628,"Janeiro",3.32
9628,"Fevereiro",24.23
9628,"Março",17.21
9628,"Abril",33.51
9628,"Maio",27.39
9628,"Junho",10.96
9628,"Julho",61.36
9628,"Agosto",79.56
9628,"Setembro",42.14
9628,"Outubro",82.54
9628,"Novembro",74.53
9628,"Dezembro",78.6
9712,"Janeiro",30.22
9712,"Fevereiro",56.24
9712,"Março",23.39
9712,"Abril",81.51
9712,"Maio",3.44
9712,"Junho",14.38
9712,"Julho",58.36
9712,"Agosto",13.38
9712,"Setembro",35.75
9712,"Outubro",84.11
9712,"Novembro",66.18
9712,"Dezembro",55.93
2649,"Janeiro",24.32
2649,"Fevereiro",12.43
2649,"Março",78.17
2649,"Abril",84.34
2649,"Maio",64.37
2649,"Junho",49.49
2649,"Julho",41.34
2649,"Agosto",43.06
2649,"Setembro",47.39
2649,"Outubro",4.01
2649,"Novembro",51.53
2649,"Dezembro",90.83
521,"Janeiro",15.37
521,"Fevereiro",25.35
521,"Março",25.87
521,"Abril",10.09
521,"Maio",6.57
521,"Junho",74.71
521,"Julho",21.87
521,"Agosto",65.01
521,"Setembro",61.79
521,"Outubro",86.99
521,"Novembro",25.67
521,"Dezembro",68.08
5894,"Janeiro",92.96
5894,"Fevereiro",15.72
5894,"Março",69.28
5894,"Abril",76.69
5894,"Maio",69.84
5894,"Junho",23.56
5894,"Julho",38.01
5894,"Agosto",2.86
5894,"Setembro",56.27
5894,"Outubro",86.41
5894,"Novembro",31.67
5894,"Dezembro",94.34
8665,"Janeiro",66.09
8665,"Fevereiro",41.65
8665,"Março",86.33
8665,"Abril",16.74
8665,"Maio",63.18
8665,"Junho",55.67
8665,"Julho",33.58
8665,"Agosto",8.09
8665,"Setembro",46.61
8665,"Outubro",43.12
8665,"Novembro",36.78
8665,"Dezembro",34.35
2573,"Janeiro",49.11
2573,"Fevereiro",12.68
2573,"Março",33.22
2573,"Abril",31.36
2573,"Maio",72.52
2573,"Junho",30.83
2573,"Julho",32.08
2573,"Agosto",47.36
2573,"Setembro",25.66
2573,"Outubro",79.7
2573,"Novembro",98
2573,"Dezembro",79.82
7921,"Janeiro",46.86
7921,"Fevereiro",10.11
7921,"Março",43.66
7921,"Abril",6.2
7921,"Maio",17.29
7921,"Junho",38.51
7921,"Julho",91.56
7921,"Agosto",51.49
7921,"Setembro",26.82
7921,"Outubro",56.14
7921,"Novembro",8.02
7921,"Dezembro",40.32
6901,"Janeiro",3.86
6901,"Fevereiro",67.95
6901,"Março",46.39
6901,"Abril",4.63
6901,"Maio",36.25
6901,"Junho",46.58
6901,"Julho",44.3
6901,"Agosto",97.02
6901,"Setembro",36.72
6901,"Outubro",50.43
6901,"Novembro",99.32
6901,"Dezembro",75.84
5139,"Janeiro",68.61
5139,"Fevereiro",42.31
5139,"Março",11.3
5139,"Abril",49.41
5139,"Maio",33.11
5139,"Junho",16.07
5139,"Julho",71.28
5139,"Agosto",8.09
5139,"Setembro",44.72
5139,"Outubro",36.06
5139,"Novembro",8.01
5139,"Dezembro",94.04
9680,"Janeiro",67.2
9680,"Fevereiro",79.78
9680,"Março",46.5
9680,"Abril",1.56
9680,"Maio",83.37
9680,"Junho",90.86
9680,"Julho",41.15
9680,"Agosto",51.91
9680,"Setembro",51.25
9680,"Outubro",89.01
9680,"Novembro",94.32
9680,"Dezembro",83.79
7307,"Janeiro",7.77
7307,"Fevereiro",34.84
7307,"Março",93.71
7307,"Abril",55.4
7307,"Maio",81.57
7307,"Junho",61.1
7307,"Julho",39.13
7307,"Agosto",13.23
7307,"Setembro",60.95
7307,"Outubro",19.26
7307,"Novembro",92.69
7307,"Dezembro",11.04
7958,"Janeiro",67.41
7958,"Fevereiro",85.11
7958,"Março",68.11
7958,"Abril",49.04
7958,"Maio",60.76
7958,"Junho",73.43
7958,"Julho",66.98
7958,"Agosto",11.91
7958,"Setembro",64.35
7958,"Outubro",48.84
7958,"Novembro",4.72
7958,"Dezembro",75.31
8871,"Janeiro",38.7
8871,"Fevereiro",69.55
8871,"Março",78.42
8871,"Abril",33.23
8871,"Maio",87.44
8871,"Junho",9.49
8871,"Julho",96.62
8871,"Agosto",17.01
8871,"Setembro",6.47
8871,"Outubro",83.81
8871,"Novembro",2.92
8871,"Dezembro",70.55
9999,"Janeiro",18.42
9999,"Fevereiro",9.77
9999,"Março",79.48
9999,"Abril",11.65
9999,"Maio",6.92
9999,"Junho",5.29
9999,"Julho",34.04
9999,"Agosto",74.31
9999,"Setembro",64.78
9999,"Outubro",9.19
9999,"Novembro",28.71
9999,"Dezembro",60.59
5855,"Janeiro",42.76
5855,"Fevereiro",15.11
5855,"Março",8.57
5855,"Abril",85.88
5855,"Maio",94.57
5855,"Junho",86.14
5855,"Julho",74.91
5855,"Agosto",4.32
5855,"Setembro",68.47
5855,"Outubro",58.94
5855,"Novembro",40.35
5855,"Dezembro",96.91
9390,"Janeiro",35.41
9390,"Fevereiro",26.73
9390,"Março",54.83
9390,"Abril",4.77
9390,"Maio",0.43
9390,"Junho",61.09
9390,"Julho",62.88
9390,"Agosto",7.25
9390,"Setembro",11.9
9390,"Outubro",41.01
9390,"Novembro",59.84
9390,"Dezembro",27.56
4390,"Janeiro",70.28
4390,"Fevereiro",55.62
4390,"Março",92.46
4390,"Abril",93.92
4390,"Maio",8.89
4390,"Junho",77.69
4390,"Julho",80.38
4390,"Agosto",96.42
4390,"Setembro",51.01
4390,"Outubro",5.72
4390,"Novembro",20.13
4390,"Dezembro",18.74
7729,"Janeiro",77.06
7729,"Fevereiro",46.87
7729,"Março",15.12
7729,"Abril",16.69
7729,"Maio",71.45
7729,"Junho",18.16
7729,"Julho",59.41
7729,"Agosto",82.09
7729,"Setembro",50.09
7729,"Outubro",82.54
7729,"Novembro",13.64
7729,"Dezembro",87.93
4625,"Janeiro",97.81
4625,"Fevereiro",63.83
4625,"Março",85.3
4625,"Abril",69.06
4625,"Maio",34.69
4625,"Junho",67.58
4625,"Julho",31.27
4625,"Agosto",69.85
4625,"Setembro",63.77
4625,"Outubro",42.99
4625,"Novembro",51.78
4625,"Dezembro",69.64
9451,"Janeiro",67.09
9451,"Fevereiro",2.49
9451,"Março",46.23
9451,"Abril",11.61
9451,"Maio",61.93
9451,"Junho",51.97
9451,"Julho",0.46
9451,"Agosto",49.95
9451,"Setembro",69.31
9451,"Outubro",94.68
9451,"Novembro",37.93
9451,"Dezembro",61.5
8269,"Janeiro",81.19
8269,"Fevereiro",36.38
8269,"Março",62.05
8269,"Abril",77.92
8269,"Maio",89.98
8269,"Junho",68.87
8269,"Julho",36.32
8269,"Agosto",87.32
8269,"Setembro",18.83
8269,"Outubro",21.96
8269,"Novembro",65.64
8269,"Dezembro",16.8
1906,"Janeiro",89.77
1906,"Fevereiro",43.84
1906,"Março",37.51
1906,"Abril",26.31
1906,"Maio",82.59
1906,"Junho",38.42
1906,"Julho",34.41
1906,"Agosto",29.58
1906,"Setembro",26.1
1906,"Outubro",29.37
1906,"Novembro",56.46
1906,"Dezembro",14.8
1821,"Janeiro",83.06
1821,"Fevereiro",43.44
1821,"Março",99.73
1821,"Abril",37.58
1821,"Maio",29.54
1821,"Junho",62.13
1821,"Julho",95.47
1821,"Agosto",15.41
1821,"Setembro",32.71
1821,"Outubro",65.4
1821,"Novembro",84.1
1821,"Dezembro",8.32
393,"Janeiro",71.71
393,"Fevereiro",72.57
393,"Março",92.32
393,"Abril",13.03
393,"Maio",93.54
393,"Junho",46.57
393,"Julho",19.74
393,"Agosto",3.32
393,"Setembro",73.79
393,"Outubro",78.36
393,"Novembro",57.54
393,"Dezembro",65.19
4074,"Janeiro",8.41
4074,"Fevereiro",85.04
4074,"Março",76.42
4074,"Abril",45.47
4074,"Maio",62.55
4074,"Junho",24.82
4074,"Julho",89.1
4074,"Agosto",70.6
4074,"Setembro",66.85
4074,"Outubro",99.26
4074,"Novembro",84.69
4074,"Dezembro",6.23
3142,"Janeiro",26.54
3142,"Fevereiro",11.79
3142,"Março",26.86
3142,"Abril",3.74
3142,"Maio",56.01
3142,"Junho",85.18
3142,"Julho",95.51
3142,"Agosto",43.87
3142,"Setembro",28.9
3142,"Outubro",15.35
3142,"Novembro",6.75
3142,"Dezembro",70.64
9564,"Janeiro",14.41
9564,"Fevereiro",48.77
9564,"Março",85.99
9564,"Abril",53.12
9564,"Maio",36.21
9564,"Junho",65.52
9564,"Julho",70.88
9564,"Agosto",59.86
9564,"Setembro",34.99
9564,"Outubro",22.11
9564,"Novembro",51.83
9564,"Dezembro",7.62
1606,"Janeiro",37.44
1606,"Fevereiro",49.13
1606,"Março",80.38
1606,"Abril",69.81
1606,"Maio",97.49
1606,"Junho",4.97
1606,"Julho",87.06
1606,"Agosto",77.86
1606,"Setembro",90.13
1606,"Outubro",47.65
1606,"Novembro",26.46
1606,"Dezembro",9.4
7891,"Janeiro",88.44
7891,"Fevereiro",37.29
7891,"Março",62.09
7891,"Abril",62.46
7891,"Maio",19.36
7891,"Junho",42.96
7891,"Julho",53.89
7891,"Agosto",13.89
7891,"Setembro",23.42
7891,"Outubro",33.39
7891,"Novembro",60.66
7891,"Dezembro",83.16
9395,"Janeiro",47.48
9395,"Fevereiro",44.84
9395,"Março",46.7
9395,"Abril",23.59
9395,"Maio",88.89
9395,"Junho",95.4
9395,"Julho",17.88
9395,"Agosto",16.6
9395,"Setembro",67.36
9395,"Outubro",29.29
9395,"Novembro",86.79
9395,"Dezembro",17.71
4406,"Janeiro",84.74
4406,"Fevereiro",12.7
4406,"Março",62.45
4406,"Abril",85.13
4406,"Maio",64.71
4406,"Junho",19.08
4406,"Julho",84.06
4406,"Agosto",29.59
4406,"Setembro",99.95
4406,"Outubro",81.84
4406,"Novembro",65.84
4406,"Dezembro",11.76
2491,"Janeiro",84.78
2491,"Fevereiro",90.64
2491,"Março",63.89
2491,"Abril",3.16
2491,"Maio",81.82
2491,"Junho",1.31
2491,"Julho",50.86
2491,"Agosto",23.59
2491,"Setembro",68.46
2491,"Outubro",57.73
2491,"Novembro",73.13
2491,"Dezembro",71.77
9639,"Janeiro",13.23
9639,"Fevereiro",81.53
9639,"Março",7.36
9639,"Abril",37.17
9639,"Maio",76.08
9639,"Junho",43.9
9639,"Julho",59.17
9639,"Agosto",65.6
9639,"Setembro",97.5
9639,"Outubro",12.17
9639,"Novembro",39.81
9639,"Dezembro",72.61
5556,"Janeiro",44.39
5556,"Fevereiro",47.33
5556,"Março",68.56
5556,"Abril",77.2
5556,"Maio",9.48
5556,"Junho",70.52
5556,"Julho",95.34
5556,"Agosto",24.88
5556,"Setembro",19.54
5556,"Outubro",71.09
5556,"Novembro",50.93
5556,"Dezembro",69.4
9094,"Janeiro",7.51
9094,"Fevereiro",16.72
9094,"Março",70.93
9094,"Abril",15.28
9094,"Maio",45.82
9094,"Junho",68.82
9094,"Julho",87.84
9094,"Agosto",58.45
9094,"Setembro",89.14
9094,"Outubro",31.92
9094,"Novembro",74.83
9094,"Dezembro",47.87
8427,"Janeiro",47.16
8427,"Fevereiro",81.98
8427,"Março",27.65
8427,"Abril",24.67
8427,"Maio",79.56
8427,"Junho",47.99
8427,"Julho",96.95
8427,"Agosto",93.11
8427,"Setembro",56.59
8427,"Outubro",95.63
8427,"Novembro",88.91
8427,"Dezembro",63.44
520,"Janeiro",28.16
520,"Fevereiro",96.62
520,"Março",10.39
520,"Abril",54.41
520,"Maio",43.92
520,"Junho",69.13
520,"Julho",46.3
520,"Agosto",15.19
520,"Setembro",88.82
520,"Outubro",72.04
520,"Novembro",76.84
520,"Dezembro",20.75
1686,"Janeiro",37.71
1686,"Fevereiro",55.7
1686,"Março",32.07
1686,"Abril",32.37
1686,"Maio",91.69
1686,"Junho",7.01
1686,"Julho",6.86
1686,"Agosto",38.98
1686,"Setembro",61.47
1686,"Outubro",99.2
1686,"Novembro",88
1686,"Dezembro",49.88
4296,"Janeiro",2.43
4296,"Fevereiro",82.58
4296,"Março",43.67
4296,"Abril",9
4296,"Maio",35.01
4296,"Junho",36.18
4296,"Julho",54.8
4296,"Agosto",37.55
4296,"Setembro",11.77
4296,"Outubro",60.83
4296,"Novembro",57.43
4296,"Dezembro",90.47
3442,"Janeiro",82.11
3442,"Fevereiro",18.93
3442,"Março",1.18
3442,"Abril",14.34
3442,"Maio",31.11
3442,"Junho",0.77
3442,"Julho",71.73
3442,"Agosto",22.86
3442,"Setembro",46.94
3442,"Outubro",84.73
3442,"Novembro",36.59
3442,"Dezembro",25.12
801,"Janeiro",26.81
801,"Fevereiro",69.18
801,"Março",30.32
801,"Abril",0.01
801,"Maio",31.66
801,"Junho",44.46
801,"Julho",72.57
801,"Agosto",17.11
801,"Setembro",20.09
801,"Outubro",70.79
801,"Novembro",40.1
801,"Dezembro",92.99
8678,"Janeiro",86.79
8678,"Fevereiro",70.15
8678,"Março",9.4
8678,"Abril",28.05
8678,"Maio",51.68
8678,"Junho",97.93
8678,"Julho",4.34
8678,"Agosto",12.63
8678,"Setembro",93.56
8678,"Outubro",72.7
8678,"Novembro",13.61
8678,"Dezembro",70.42
8171,"Janeiro",72.6
8171,"Fevereiro",95.4
8171,"Março",84.42
8171,"Abril",52.52
8171,"Maio",0.01
8171,"Junho",68.33
8171,"Julho",48.65
8171,"Agosto",11.21
8171,"Setembro",11.29
8171,"Outubro",97.25
8171,"Novembro",5.35
8171,"Dezembro",99.7
360,"Janeiro",35.61
360,"Fevereiro",4.54
360,"Março",82.12
360,"Abril",19.88
360,"Maio",43.78
360,"Junho",76.7
360,"Julho",96.1
360,"Agosto",89.42
360,"Setembro",41.38
360,"Outubro",5.22
360,"Novembro",3.75
360,"Dezembro",46.77
472,"Janeiro",72.63
472,"Fevereiro",34.16
472,"Março",65.79
472,"Abril",92.18
472,"Maio",19.91
472,"Junho",62.57
472,"Julho",5.82
472,"Agosto",85.29
472,"Setembro",10.32
472,"Outubro",0.27
472,"Novembro",21.93
472,"Dezembro",91.39
5604,"Janeiro",66.28
5604,"Fevereiro",11.64
5604,"Março",1.62
5604,"Abril",45.13
5604,"Maio",3.99
5604,"Junho",52.14
5604,"Julho",67
5604,"Agosto",96.83
5604,"Setembro",72.58
5604,"Outubro",15.89
5604,"Novembro",67.87
5604,"Dezembro",37.4
4133,"Janeiro",72.19
4133,"Fevereiro",47.65
4133,"Março",14.71
4133,"Abril",73.96
4133,"Maio",21.93
4133,"Junho",59.48
4133,"Julho",54.38
4133,"Agosto",83.48
4133,"Setembro",2.18
4133,"Outubro",50.33
4133,"Novembro",81.08
4133,"Dezembro",71.29
1417,"Janeiro",72.86
1417,"Fevereiro",81.16
1417,"Março",46.4
1417,"Abril",22.21
1417,"Maio",14.49
1417,"Junho",17.39
1417,"Julho",22.88
1417,"Agosto",59.44
1417,"Setembro",98.92
1417,"Outubro",64.16
1417,"Novembro",85.2
1417,"Dezembro",21.16
3112,"Janeiro",10.22
3112,"Fevereiro",30.21
3112,"Março",38.59
3112,"Abril",51.59
3112,"Maio",2.5
3112,"Junho",22.13
3112,"Julho",81.32
3112,"Agosto",58.14
3112,"Setembro",61.77
3112,"Outubro",88.29
3112,"Novembro",2.52
3112,"Dezembro",82.79
9324,"Janeiro",72.43
9324,"Fevereiro",69.16
9324,"Março",41.75
9324,"Abril",20.47
9324,"Maio",77.9
9324,"Junho",95.86
9324,"Julho",94.33
9324,"Agosto",9.18
9324,"Setembro",68.45
9324,"Outubro",61.39
9324,"Novembro",81.64
9324,"Dezembro",11.66
9405,"Janeiro",24.83
9405,"Fevereiro",9.38
9405,"Março",87.43
9405,"Abril",40.63
9405,"Maio",28.04
9405,"Junho",31.23
9405,"Julho",61.1
9405,"Agosto",96.3
9405,"Setembro",80.46
9405,"Outubro",32.91
9405,"Novembro",90.89
9405,"Dezembro",77.43
6339,"Janeiro",48.63
6339,"Fevereiro",98.05
6339,"Março",26.66
6339,"Abril",75.68
6339,"Maio",50.74
6339,"Junho",69.79
6339,"Julho",86.01
6339,"Agosto",49.87
6339,"Setembro",76.6
6339,"Outubro",28.06
6339,"Novembro",5.73
6339,"Dezembro",8.9
4378,"Janeiro",37.99
4378,"Fevereiro",78.8
4378,"Março",28.57
4378,"Abril",50.64
4378,"Maio",95.67
4378,"Junho",94.97
4378,"Julho",48.01
4378,"Agosto",30.17
4378,"Setembro",19.57
4378,"Outubro",34.11
4378,"Novembro",12.29
4378,"Dezembro",54.33
9204,"Janeiro",92.18
9204,"Fevereiro",30
9204,"Março",35.9
9204,"Abril",46.38
9204,"Maio",94.59
9204,"Junho",10.86
9204,"Julho",87.15
9204,"Agosto",8.41
9204,"Setembro",4.08
9204,"Outubro",10.39
9204,"Novembro",70.68
9204,"Dezembro",20.6
3278,"Janeiro",3.28
3278,"Fevereiro",96.65
3278,"Março",66.96
3278,"Abril",35.97
3278,"Maio",94.17
3278,"Junho",14.45
3278,"Julho",91.53
3278,"Agosto",85.95
3278,"Setembro",59.9
3278,"Outubro",97.74
3278,"Novembro",31.02
3278,"Dezembro",19.13
5580,"Janeiro",35.59
5580,"Fevereiro",56.27
5580,"Março",40.6
5580,"Abril",13.55
5580,"Maio",32.15
5580,"Junho",17.49
5580,"Julho",79.46
5580,"Agosto",13.62
5580,"Setembro",53.72
5580,"Outubro",39.1
5580,"Novembro",74.78
5580,"Dezembro",87.4
4522,"Janeiro",38.34
4522,"Fevereiro",32.27
4522,"Março",86.17
4522,"Abril",47.88
4522,"Maio",81.24
4522,"Junho",8.01
4522,"Julho",70.25
4522,"Agosto",33.6
4522,"Setembro",55.98
4522,"Outubro",3.65
4522,"Novembro",88.75
4522,"Dezembro",15.29
7834,"Janeiro",17.45
7834,"Fevereiro",72.9
7834,"Março",73.32
7834,"Abril",54.21
7834,"Maio",24.59
7834,"Junho",2.26
7834,"Julho",2.84
7834,"Agosto",68.58
7834,"Setembro",87.74
7834,"Outubro",97.64
7834,"Novembro",56.87
7834,"Dezembro",12.72
2159,"Janeiro",93.9
2159,"Fevereiro",69.31
2159,"Março",5.96
2159,"Abril",39.25
2159,"Maio",56.15
2159,"Junho",92.2
2159,"Julho",59.43
2159,"Agosto",98.96
2159,"Setembro",67.23
2159,"Outubro",43.9
2159,"Novembro",9.6
2159,"Dezembro",36.1
2747,"Janeiro",83.66
2747,"Fevereiro",72.96
2747,"Março",98.28
2747,"Abril",39.81
2747,"Maio",73.65
2747,"Junho",45.68
2747,"Julho",34.81
2747,"Agosto",7.98
2747,"Setembro",76.41
2747,"Outubro",35.03
2747,"Novembro",19.97
2747,"Dezembro",64.59
1881,"Janeiro",47.75
1881,"Fevereiro",43.32
1881,"Março",29.91
1881,"Abril",9.33
1881,"Maio",53.91
1881,"Junho",25.97
1881,"Julho",74.74
1881,"Agosto",6.98
1881,"Setembro",90.78
1881,"Outubro",57.09
1881,"Novembro",21.05
1881,"Dezembro",58.7
4218,"Janeiro",78.33
4218,"Fevereiro",9.73
4218,"Março",90.48
4218,"Abril",58.02
4218,"Maio",21.63
4218,"Junho",7.08
4218,"Julho",97.42
4218,"Agosto",80.77
4218,"Setembro",42.97
4218,"Outubro",14.34
4218,"Novembro",45.68
4218,"Dezembro",39.32
6538,"Janeiro",96.42
6538,"Fevereiro",40.98
6538,"Março",66.27
6538,"Abril",83.08
6538,"Maio",85.11
6538,"Junho",68.45
6538,"Julho",4.97
6538,"Agosto",36.21
6538,"Setembro",79.23
6538,"Outubro",87.77
6538,"Novembro",92.87
6538,"Dezembro",61.3
9170,"Janeiro",57.54
9170,"Fevereiro",31.45
9170,"Março",40.78
9170,"Abril",23.14
9170,"Maio",73.14
9170,"Junho",79.6
9170,"Julho",96.36
9170,"Agosto",35.92
9170,"Setembro",70.98
9170,"Outubro",10.06
9170,"Novembro",44.61
9170,"Dezembro",49.29
5033,"Janeiro",90.97
5033,"Fevereiro",53.83
5033,"Março",84.61
5033,"Abril",36.67
5033,"Maio",38.23
5033,"Junho",8.32
5033,"Julho",64.06
5033,"Agosto",15.04
5033,"Setembro",80.29
5033,"Outubro",61.23
5033,"Novembro",51.37
5033,"Dezembro",25.75
2804,"Janeiro",64.57
2804,"Fevereiro",31.16
2804,"Março",6.09
2804,"Abril",22.39
2804,"Maio",38.61
2804,"Junho",52.58
2804,"Julho",17.64
2804,"Agosto",21.92
2804,"Setembro",70.49
2804,"Outubro",8.38
2804,"Novembro",49.09
2804,"Dezembro",83.66
5947,"Janeiro",77.49
5947,"Fevereiro",48.44
5947,"Março",68.5
5947,"Abril",52.48
5947,"Maio",96.19
5947,"Junho",51.63
5947,"Julho",4.08
5947,"Agosto",1.01
5947,"Setembro",96.23
5947,"Outubro",45.92
5947,"Novembro",48.09
5947,"Dezembro",53.17
6647,"Janeiro",67.15
6647,"Fevereiro",12.8
6647,"Março",36.07
6647,"Abril",41.95
6647,"Maio",75.67
6647,"Junho",74.74
6647,"Julho",62.06
6647,"Agosto",16.02
6647,"Setembro",12.03
6647,"Outubro",53.32
6647,"Novembro",16.36
6647,"Dezembro",44.63
3127,"Janeiro",86.12
3127,"Fevereiro",78.34
3127,"Março",67.83
3127,"Abril",71.63
3127,"Maio",15.52
3127,"Junho",85.7
3127,"Julho",92.25
3127,"Agosto",35.43
3127,"Setembro",9.47
3127,"Outubro",34.45
3127,"Novembro",25.12
3127,"Dezembro",89.14
9141,"Janeiro",31.64
9141,"Fevereiro",60.47
9141,"Março",60.7
9141,"Abril",15.91
9141,"Maio",18.46
9141,"Junho",81.9
9141,"Julho",84.02
9141,"Agosto",73.67
9141,"Setembro",71.67
9141,"Outubro",99.56
9141,"Novembro",95.33
9141,"Dezembro",76.63
5961,"Janeiro",72.3
5961,"Fevereiro",86.14
5961,"Março",44.73
5961,"Abril",84.92
5961,"Maio",71.87
5961,"Junho",4.64
5961,"Julho",58.05
5961,"Agosto",29.67
5961,"Setembro",26.73
5961,"Outubro",66.21
5961,"Novembro",7.5
5961,"Dezembro",12.42
1998,"Janeiro",76.4
1998,"Fevereiro",79.39
1998,"Março",77.11
1998,"Abril",47.01
1998,"Maio",50.41
1998,"Junho",33.81
1998,"Julho",38.07
1998,"Agosto",67.35
1998,"Setembro",61.02
1998,"Outubro",87.12
1998,"Novembro",25.7
1998,"Dezembro",0.57
9470,"Janeiro",55.65
9470,"Fevereiro",57.44
9470,"Março",82.17
9470,"Abril",58.73
9470,"Maio",77.94
9470,"Junho",2.27
9470,"Julho",89.46
9470,"Agosto",33.28
9470,"Setembro",94.27
9470,"Outubro",6.68
9470,"Novembro",72.72
9470,"Dezembro",8.88
1592,"Janeiro",24.53
1592,"Fevereiro",96.62
1592,"Março",97.85
1592,"Abril",42.7
1592,"Maio",90.04
1592,"Junho",20.32
1592,"Julho",53.8
1592,"Agosto",67.5
1592,"Setembro",38.04
1592,"Outubro",8.2
1592,"Novembro",60.44
1592,"Dezembro",83.77
8861,"Janeiro",68.78
8861,"Fevereiro",90.52
8861,"Março",2.85
8861,"Abril",99.87
8861,"Maio",67.21
8861,"Junho",34.96
8861,"Julho",51.78
8861,"Agosto",37.87
8861,"Setembro",19.48
8861,"Outubro",57.6
8861,"Novembro",85.67
8861,"Dezembro",51.4
8979,"Janeiro",12.67
8979,"Fevereiro",61.85
8979,"Março",21.49
8979,"Abril",81.15
8979,"Maio",44.01
8979,"Junho",71.83
8979,"Julho",79.69
8979,"Agosto",7.13
8979,"Setembro",86.21
8979,"Outubro",9.23
8979,"Novembro",28.52
8979,"Dezembro",89.66
7610,"Janeiro",56.45
7610,"Fevereiro",53.09
7610,"Março",54.03
7610,"Abril",93.98
7610,"Maio",26.02
7610,"Junho",37.24
7610,"Julho",61.11
7610,"Agosto",6.93
7610,"Setembro",61.46
7610,"Outubro",70.68
7610,"Novembro",26.3
7610,"Dezembro",39.13
8736,"Janeiro",66.45
8736,"Fevereiro",11.73
8736,"Março",4.72
8736,"Abril",69.27
8736,"Maio",37.27
8736,"Junho",15.21
8736,"Julho",54.06
8736,"Agosto",84.13
8736,"Setembro",28.5
8736,"Outubro",42.35
8736,"Novembro",14.19
8736,"Dezembro",54.07
4981,"Janeiro",75.17
4981,"Fevereiro",69.33
4981,"Março",34.99
4981,"Abril",7.58
4981,"Maio",68.89
4981,"Junho",78.66
4981,"Julho",42.93
4981,"Agosto",76.42
4981,"Setembro",70.04
4981,"Outubro",94.64
4981,"Novembro",48.08
4981,"Dezembro",95.77
1914,"Janeiro",56.2
1914,"Fevereiro",81.64
1914,"Março",63.42
1914,"Abril",8.59
1914,"Maio",54.6
1914,"Junho",43.66
1914,"Julho",82.88
1914,"Agosto",8.67
1914,"Setembro",22.02
1914,"Outubro",11.2
1914,"Novembro",2.79
1914,"Dezembro",57.53
2069,"Janeiro",28.39
2069,"Fevereiro",85.2
2069,"Março",49.54
2069,"Abril",62.8
2069,"Maio",94.62
2069,"Junho",52.33
2069,"Julho",57.41
2069,"Agosto",22.62
2069,"Setembro",70.22
2069,"Outubro",39.93
2069,"Novembro",24.46
2069,"Dezembro",51.06
8428,"Janeiro",27.85
8428,"Fevereiro",65.44
8428,"Março",92.96
8428,"Abril",7.77
8428,"Maio",4.88
8428,"Junho",51.63
8428,"Julho",12.32
8428,"Agosto",49.71
8428,"Setembro",42.5
8428,"Outubro",65.52
8428,"Novembro",76.41
8428,"Dezembro",49.98
1650,"Janeiro",37.51
1650,"Fevereiro",22.19
1650,"Março",13.47
1650,"Abril",93.41
1650,"Maio",60.62
1650,"Junho",25.41
1650,"Julho",9.04
1650,"Agosto",52.64
1650,"Setembro",45.96
1650,"Outubro",97.09
1650,"Novembro",23.33
1650,"Dezembro",89.63
745,"Janeiro",14.61
745,"Fevereiro",18.41
745,"Março",41.45
745,"Abril",70.33
745,"Maio",69.74
745,"Junho",95.67
745,"Julho",34.31
745,"Agosto",63.35
745,"Setembro",62.42
745,"Outubro",76.9
745,"Novembro",37.86
745,"Dezembro",15.16
1132,"Janeiro",0.69
1132,"Fevereiro",4.14
1132,"Março",94.62
1132,"Abril",73.36
1132,"Maio",13.47
1132,"Junho",17.65
1132,"Julho",61.62
1132,"Agosto",20.09
1132,"Setembro",48.14
1132,"Outubro",22.77
1132,"Novembro",72.8
1132,"Dezembro",75.4
385,"Janeiro",64.05
385,"Fevereiro",93.53
385,"Março",82.81
385,"Abril",95.48
385,"Maio",55.93
385,"Junho",16.15
385,"Julho",76.65
385,"Agosto",9.96
385,"Setembro",57.58
385,"Outubro",91.05
385,"Novembro",35.42
385,"Dezembro",75.21
9694,"Janeiro",10.08
9694,"Fevereiro",94.89
9694,"Março",14.62
9694,"Abril",98.95
9694,"Maio",25.09
9694,"Junho",16.01
9694,"Julho",58.01
9694,"Agosto",46.15
9694,"Setembro",82.29
9694,"Outubro",11.84
9694,"Novembro",16.55
9694,"Dezembro",92.18
5848,"Janeiro",47.45
5848,"Fevereiro",13.6
5848,"Março",19.49
5848,"Abril",13.35
5848,"Maio",70.87
5848,"Junho",23.95
5848,"Julho",56.95
5848,"Agosto",33.41
5848,"Setembro",98.04
5848,"Outubro",28.44
5848,"Novembro",60.83
5848,"Dezembro",52.22
5126,"Janeiro",65.1
5126,"Fevereiro",57.65
5126,"Março",18.64
5126,"Abril",68.73
5126,"Maio",86.59
5126,"Junho",78.32
5126,"Julho",13.88
5126,"Agosto",49.61
5126,"Setembro",52.1
5126,"Outubro",67.44
5126,"Novembro",4.53
5126,"Dezembro",50.12
4986,"Janeiro",86.03
4986,"Fevereiro",58.47
4986,"Março",58.97
4986,"Abril",64.96
4986,"Maio",89.96
4986,"Junho",68.15
4986,"Julho",88.43
4986,"Agosto",18.96
4986,"Setembro",37.64
4986,"Outubro",34.1
4986,"Novembro",37.89
4986,"Dezembro",67.37
7789,"Janeiro",58.76
7789,"Fevereiro",31.23
7789,"Março",25.61
7789,"Abril",36.45
7789,"Maio",18.61
7789,"Junho",8.31
7789,"Julho",36.32
7789,"Agosto",89.62
7789,"Setembro",4
7789,"Outubro",99.43
7789,"Novembro",27.64
7789,"Dezembro",98.76
399,"Janeiro",27.79
399,"Fevereiro",77.75
399,"Março",71.16
399,"Abril",45.96
399,"Maio",4.65
399,"Junho",1.77
399,"Julho",44.24
399,"Agosto",28.33
399,"Setembro",63.17
399,"Outubro",59.56
399,"Novembro",59.73
399,"Dezembro",32.76
6479,"Janeiro",70.1
6479,"Fevereiro",68.85
6479,"Março",39.45
6479,"Abril",55.71
6479,"Maio",92.37
6479,"Junho",88.44
6479,"Julho",90.31
6479,"Agosto",58.03
6479,"Setembro",38.45
6479,"Outubro",6.43
6479,"Novembro",47.02
6479,"Dezembro",14.54
3374,"Janeiro",66.24
3374,"Fevereiro",15.36
3374,"Março",21.05
3374,"Abril",64.6
3374,"Maio",7.61
3374,"Junho",1.84
3374,"Julho",58.43
3374,"Agosto",97.63
3374,"Setembro",57.62
3374,"Outubro",37.23
3374,"Novembro",11.09
3374,"Dezembro",55.66
9106,"Janeiro",52.63
9106,"Fevereiro",10.59
9106,"Março",46.54
9106,"Abril",61.83
9106,"Maio",65.19
9106,"Junho",85.05
9106,"Julho",3.38
9106,"Agosto",75.61
9106,"Setembro",74.21
9106,"Outubro",20.15
9106,"Novembro",96.52
9106,"Dezembro",48.29
7305,"Janeiro",85.4
7305,"Fevereiro",74.53
7305,"Março",11.38
7305,"Abril",42.99
7305,"Maio",67.23
7305,"Junho",38.9
7305,"Julho",89.13
7305,"Agosto",30.01
7305,"Setembro",44.77
7305,"Outubro",46.23
7305,"Novembro",34.1
7305,"Dezembro",93.68
1546,"Janeiro",67.1
1546,"Fevereiro",73.35
1546,"Março",75.57
1546,"Abril",74.54
1546,"Maio",75.74
1546,"Junho",77.66
1546,"Julho",8.69
1546,"Agosto",23.22
1546,"Setembro",46.38
1546,"Outubro",32.04
1546,"Novembro",4.04
1546,"Dezembro",53.48
5154,"Janeiro",33.77
5154,"Fevereiro",25.02
5154,"Março",3.36
5154,"Abril",38.83
5154,"Maio",93.09
5154,"Junho",81.56
5154,"Julho",11.4
5154,"Agosto",70.3
5154,"Setembro",44.7
5154,"Outubro",94.28
5154,"Novembro",86.26
5154,"Dezembro",36.9
8552,"Janeiro",76.03
8552,"Fevereiro",51.27
8552,"Março",47.46
8552,"Abril",57.58
8552,"Maio",98.94
8552,"Junho",1.31
8552,"Julho",82.23
8552,"Agosto",76.63
8552,"Setembro",86.28
8552,"Outubro",47.73
8552,"Novembro",57.95
8552,"Dezembro",96.44
6409,"Janeiro",32.82
6409,"Fevereiro",85.43
6409,"Março",98.03
6409,"Abril",9.85
6409,"Maio",76.18
6409,"Junho",8.87
6409,"Julho",48.59
6409,"Agosto",61.01
6409,"Setembro",89.62
6409,"Outubro",76.39
6409,"Novembro",80.2
6409,"Dezembro",44.06
7892,"Janeiro",61.75
7892,"Fevereiro",39.52
7892,"Março",69.27
7892,"Abril",59.73
7892,"Maio",9.48
7892,"Junho",24.94
7892,"Julho",42
7892,"Agosto",79.45
7892,"Setembro",4.48
7892,"Outubro",52.14
7892,"Novembro",77.47
7892,"Dezembro",38.29
1144,"Janeiro",40.62
1144,"Fevereiro",42.16
1144,"Março",36.81
1144,"Abril",99.03
1144,"Maio",80.85
1144,"Junho",33
1144,"Julho",72.08
1144,"Agosto",34.79
1144,"Setembro",32.21
1144,"Outubro",37.62
1144,"Novembro",62.38
1144,"Dezembro",16.29
160,"Janeiro",10.63
160,"Fevereiro",97.46
160,"Março",78.27
160,"Abril",27.84
160,"Maio",92.35
160,"Junho",71.67
160,"Julho",5.83
160,"Agosto",17.22
160,"Setembro",42.86
160,"Outubro",69.56
160,"Novembro",76.14
160,"Dezembro",10.94
4974,"Janeiro",48.53
4974,"Fevereiro",78.93
4974,"Março",70.78
4974,"Abril",32.34
4974,"Maio",51.26
4974,"Junho",84.5
4974,"Julho",38.03
4974,"Agosto",80.37
4974,"Setembro",73.08
4974,"Outubro",47.55
4974,"Novembro",25.96
4974,"Dezembro",22.2
5766,"Janeiro",87.99
5766,"Fevereiro",33.75
5766,"Março",38.28
5766,"Abril",52.95
5766,"Maio",21.02
5766,"Junho",23.57
5766,"Julho",32.73
5766,"Agosto",53.49
5766,"Setembro",47
5766,"Outubro",44.19
5766,"Novembro",90.12
5766,"Dezembro",49.21
3433,"Janeiro",52.41
3433,"Fevereiro",68.82
3433,"Março",8.33
3433,"Abril",76.5
3433,"Maio",49.14
3433,"Junho",46.3
3433,"Julho",27.35
3433,"Agosto",71.85
3433,"Setembro",75.51
3433,"Outubro",30.79
3433,"Novembro",38.18
3433,"Dezembro",53.14
4623,"Janeiro",16.14
4623,"Fevereiro",12.03
4623,"Março",65.11
4623,"Abril",21.97
4623,"Maio",71.73
4623,"Junho",74.4
4623,"Julho",94.42
4623,"Agosto",1.51
4623,"Setembro",86.9
4623,"Outubro",88.07
4623,"Novembro",57.63
4623,"Dezembro",51.94
7415,"Janeiro",7.09
7415,"Fevereiro",67.91
7415,"Março",94.57
7415,"Abril",46.99
7415,"Maio",11.28
7415,"Junho",22.46
7415,"Julho",79.58
7415,"Agosto",28.36
7415,"Setembro",47.08
7415,"Outubro",52.42
7415,"Novembro",0.98
7415,"Dezembro",86.01
4861,"Janeiro",57.63
4861,"Fevereiro",99.37
4861,"Março",90.36
4861,"Abril",39.62
4861,"Maio",60.4
4861,"Junho",94.72
4861,"Julho",89.12
4861,"Agosto",99.32
4861,"Setembro",35.95
4861,"Outubro",7.18
4861,"Novembro",25.69
4861,"Dezembro",23.76
99,"Janeiro",28.25
99,"Fevereiro",69.25
99,"Março",93.72
99,"Abril",80.92
99,"Maio",21.69
99,"Junho",34.48
99,"Julho",41.58
99,"Agosto",62.56
99,"Setembro",78.88
99,"Outubro",62.4
99,"Novembro",50.45
99,"Dezembro",91.21
5306,"Janeiro",59.05
5306,"Fevereiro",32.99
5306,"Março",64.34
5306,"Abril",16.49
5306,"Maio",51.19
5306,"Junho",58.36
5306,"Julho",7.09
5306,"Agosto",42.95
5306,"Setembro",44.5
5306,"Outubro",99.23
5306,"Novembro",16.02
5306,"Dezembro",11.25
7868,"Janeiro",73.43
7868,"Fevereiro",65.88
7868,"Março",78.6
7868,"Abril",70.57
7868,"Maio",36.09
7868,"Junho",11.43
7868,"Julho",45.31
7868,"Agosto",0.2
7868,"Setembro",47.95
7868,"Outubro",23.17
7868,"Novembro",46.36
7868,"Dezembro",73.48
4505,"Janeiro",13.25
4505,"Fevereiro",92.96
4505,"Março",97.12
4505,"Abril",48
4505,"Maio",26.45
4505,"Junho",16.44
4505,"Julho",28.32
4505,"Agosto",50.35
4505,"Setembro",47.67
4505,"Outubro",19.66
4505,"Novembro",70.04
4505,"Dezembro",49.36
4106,"Janeiro",51.51
4106,"Fevereiro",52.85
4106,"Março",87.17
4106,"Abril",92.82
4106,"Maio",61.39
4106,"Junho",93.19
4106,"Julho",79.6
4106,"Agosto",53.78
4106,"Setembro",95.97
4106,"Outubro",66.61
4106,"Novembro",24.33
4106,"Dezembro",66.45
9065,"Janeiro",81.67
9065,"Fevereiro",74.62
9065,"Março",99.67
9065,"Abril",26.33
9065,"Maio",15.73
9065,"Junho",72.3
9065,"Julho",3
9065,"Agosto",65.57
9065,"Setembro",4.44
9065,"Outubro",91.26
9065,"Novembro",21.52
9065,"Dezembro",28.22
3195,"Janeiro",20
3195,"Fevereiro",92.43
3195,"Março",58.52
3195,"Abril",84.44
3195,"Maio",98.49
3195,"Junho",42.19
3195,"Julho",20.89
3195,"Agosto",85.22
3195,"Setembro",5.18
3195,"Outubro",82.5
3195,"Novembro",83.17
3195,"Dezembro",25.68
2150,"Janeiro",31.68
2150,"Fevereiro",68.28
2150,"Março",20.96
2150,"Abril",96.35
2150,"Maio",41.6
2150,"Junho",26.02
2150,"Julho",56.5
2150,"Agosto",19.32
2150,"Setembro",7.11
2150,"Outubro",20.46
2150,"Novembro",1.17
2150,"Dezembro",11.14
4338,"Janeiro",56.45
4338,"Fevereiro",71.41
4338,"Março",36.73
4338,"Abril",25.17
4338,"Maio",35.21
4338,"Junho",93.59
4338,"Julho",31.04
4338,"Agosto",6.73
4338,"Setembro",95.82
4338,"Outubro",47.26
4338,"Novembro",64.58
4338,"Dezembro",87.18
6825,"Janeiro",48.79
6825,"Fevereiro",54.03
6825,"Março",32.47
6825,"Abril",37.67
6825,"Maio",96.14
6825,"Junho",52.73
6825,"Julho",58.72
6825,"Agosto",30.06
6825,"Setembro",2.3
6825,"Outubro",61.71
6825,"Novembro",55.34
6825,"Dezembro",9.83
6650,"Janeiro",94.47
6650,"Fevereiro",30.86
6650,"Março",13.62
6650,"Abril",41.69
6650,"Maio",83.17
6650,"Junho",5.96
6650,"Julho",16.32
6650,"Agosto",14.06
6650,"Setembro",57.87
6650,"Outubro",58.37
6650,"Novembro",38.1
6650,"Dezembro",70.79
5670,"Janeiro",77.12
5670,"Fevereiro",86.29
5670,"Março",58.25
5670,"Abril",91.59
5670,"Maio",20.56
5670,"Junho",41.76
5670,"Julho",62.86
5670,"Agosto",98
5670,"Setembro",62.83
5670,"Outubro",19.09
5670,"Novembro",96.67
5670,"Dezembro",79.03
4702,"Janeiro",62.73
4702,"Fevereiro",13.31
4702,"Março",51.63
4702,"Abril",4.54
4702,"Maio",96.15
4702,"Junho",46.03
4702,"Julho",94.47
4702,"Agosto",22.45
4702,"Setembro",71.84
4702,"Outubro",67.01
4702,"Novembro",94.71
4702,"Dezembro",65.14
1684,"Janeiro",39.11
1684,"Fevereiro",24.2
1684,"Março",86.57
1684,"Abril",72.66
1684,"Maio",32.73
1684,"Junho",44.66
1684,"Julho",70.9
1684,"Agosto",84.99
1684,"Setembro",19.57
1684,"Outubro",63.83
1684,"Novembro",84.12
1684,"Dezembro",4.93
5750,"Janeiro",18.99
5750,"Fevereiro",16.89
5750,"Março",21.49
5750,"Abril",56.76
5750,"Maio",22.12
5750,"Junho",61.09
5750,"Julho",32.58
5750,"Agosto",59.64
5750,"Setembro",33.23
5750,"Outubro",45.76
5750,"Novembro",34.05
5750,"Dezembro",82.11
2823,"Janeiro",29.69
2823,"Fevereiro",23.81
2823,"Março",15.92
2823,"Abril",71.18
2823,"Maio",26.58
2823,"Junho",55.63
2823,"Julho",17.13
2823,"Agosto",71.63
2823,"Setembro",74.45
2823,"Outubro",10.05
2823,"Novembro",89.38
2823,"Dezembro",6.93
1180,"Janeiro",1.68
1180,"Fevereiro",85.94
1180,"Março",11.4
1180,"Abril",3.77
1180,"Maio",88.95
1180,"Junho",31.05
1180,"Julho",6.99
1180,"Agosto",82.42
1180,"Setembro",64.99
1180,"Outubro",32.36
1180,"Novembro",18.51
1180,"Dezembro",41.01
3015,"Janeiro",66.29
3015,"Fevereiro",98.28
3015,"Março",7.56
3015,"Abril",70.21
3015,"Maio",17.52
3015,"Junho",3.47
3015,"Julho",81.86
3015,"Agosto",75.77
3015,"Setembro",95.39
3015,"Outubro",7.06
3015,"Novembro",42.88
3015,"Dezembro",93.78
9245,"Janeiro",40.49
9245,"Fevereiro",75.39
9245,"Março",28.16
9245,"Abril",94.82
9245,"Maio",88.81
9245,"Junho",23.41
9245,"Julho",68.9
9245,"Agosto",64.32
9245,"Setembro",35.76
9245,"Outubro",24.23
9245,"Novembro",94.98
9245,"Dezembro",44.3
8865,"Janeiro",73.36
8865,"Fevereiro",71.92
8865,"Março",43.14
8865,"Abril",67.7
8865,"Maio",65.32
8865,"Junho",12.97
8865,"Julho",72.03
8865,"Agosto",30.74
8865,"Setembro",46.4
8865,"Outubro",43.63
8865,"Novembro",2.23
8865,"Dezembro",7.12
621,"Janeiro",96.38
621,"Fevereiro",52.32
621,"Março",79.16
621,"Abril",7.2
621,"Maio",62.03
621,"Junho",27.12
621,"Julho",60.17
621,"Agosto",13.8
621,"Setembro",91.2
621,"Outubro",87.59
621,"Novembro",50.95
621,"Dezembro",99.67
191,"Janeiro",24.77
191,"Fevereiro",17.38
191,"Março",78.21
191,"Abril",31.33
191,"Maio",66.12
191,"Junho",20.07
191,"Julho",96.23
191,"Agosto",65.61
191,"Setembro",3.24
191,"Outubro",89.34
191,"Novembro",51.08
191,"Dezembro",6.66
9720,"Janeiro",40.64
9720,"Fevereiro",97.1
9720,"Março",43.38
9720,"Abril",21.85
9720,"Maio",27.63
9720,"Junho",74.08
9720,"Julho",3.4
9720,"Agosto",19.57
9720,"Setembro",35.46
9720,"Outubro",6.35
9720,"Novembro",31.33
9720,"Dezembro",37.49
2920,"Janeiro",89.01
2920,"Fevereiro",69.43
2920,"Março",0.8
2920,"Abril",40.54
2920,"Maio",89.72
2920,"Junho",36.44
2920,"Julho",36.5
2920,"Agosto",93.82
2920,"Setembro",66.38
2920,"Outubro",95.82
2920,"Novembro",1.04
2920,"Dezembro",57.55
6978,"Janeiro",37.7
6978,"Fevereiro",24.61
6978,"Março",44.58
6978,"Abril",81.95
6978,"Maio",79.48
6978,"Junho",54.55
6978,"Julho",55.98
6978,"Agosto",82.61
6978,"Setembro",53.48
6978,"Outubro",29.88
6978,"Novembro",41.45
6978,"Dezembro",6.8
7983,"Janeiro",56.88
7983,"Fevereiro",66.77
7983,"Março",68.59
7983,"Abril",77.9
7983,"Maio",5.15
7983,"Junho",97.22
7983,"Julho",64.29
7983,"Agosto",34.78
7983,"Setembro",37.55
7983,"Outubro",5.97
7983,"Novembro",46.64
7983,"Dezembro",83.85
6165,"Janeiro",14.82
6165,"Fevereiro",87.07
6165,"Março",5.31
6165,"Abril",86.72
6165,"Maio",86.16
6165,"Junho",30.64
6165,"Julho",11.08
6165,"Agosto",70.19
6165,"Setembro",2.97
6165,"Outubro",96.47
6165,"Novembro",85.16
6165,"Dezembro",10.87
4557,"Janeiro",95.5
4557,"Fevereiro",95.5
4557,"Março",14.95
4557,"Abril",8.93
4557,"Maio",73.45
4557,"Junho",17.14
4557,"Julho",55.82
4557,"Agosto",76.16
4557,"Setembro",45.07
4557,"Outubro",2.64
4557,"Novembro",52.5
4557,"Dezembro",65.45
378,"Janeiro",72.7
378,"Fevereiro",2.73
378,"Março",58.45
378,"Abril",47.02
378,"Maio",38.94
378,"Junho",97.79
378,"Julho",65.51
378,"Agosto",65.75
378,"Setembro",0.41
378,"Outubro",80.58
378,"Novembro",35.5
378,"Dezembro",87.36
390,"Janeiro",94.61
390,"Fevereiro",38.54
390,"Março",7.72
390,"Abril",85.55
390,"Maio",41.82
390,"Junho",78.35
390,"Julho",1.85
390,"Agosto",24.53
390,"Setembro",28.02
390,"Outubro",70.38
390,"Novembro",51.5
390,"Dezembro",59.87
5964,"Janeiro",19.11
5964,"Fevereiro",47.18
5964,"Março",30.25
5964,"Abril",80.28
5964,"Maio",80.06
5964,"Junho",5.44
5964,"Julho",3.44
5964,"Agosto",95.16
5964,"Setembro",37.94
5964,"Outubro",63.02
5964,"Novembro",48.32
5964,"Dezembro",11.24
4024,"Janeiro",71.25
4024,"Fevereiro",22.44
4024,"Março",96.64
4024,"Abril",17.15
4024,"Maio",62.41
4024,"Junho",29.55
4024,"Julho",94.12
4024,"Agosto",42.57
4024,"Setembro",94.15
4024,"Outubro",20.19
4024,"Novembro",14.16
4024,"Dezembro",7.95
2812,"Janeiro",85.72
2812,"Fevereiro",13.45
2812,"Março",88.49
2812,"Abril",93.58
2812,"Maio",44.9
2812,"Junho",58.32
2812,"Julho",32.02
2812,"Agosto",95.63
2812,"Setembro",94.76
2812,"Outubro",95.13
2812,"Novembro",28.83
2812,"Dezembro",79.15
1806,"Janeiro",88.46
1806,"Fevereiro",85.33
1806,"Março",1.23
1806,"Abril",20.27
1806,"Maio",14.49
1806,"Junho",51.49
1806,"Julho",67.44
1806,"Agosto",56.38
1806,"Setembro",8.36
1806,"Outubro",23.76
1806,"Novembro",69.64
1806,"Dezembro",36.46
5230,"Janeiro",52.89
5230,"Fevereiro",94.74
5230,"Março",84.59
5230,"Abril",55.56
5230,"Maio",5.85
5230,"Junho",62.54
5230,"Julho",60.06
5230,"Agosto",29.67
5230,"Setembro",76.8
5230,"Outubro",15.88
5230,"Novembro",55.3
5230,"Dezembro",39.68
9499,"Janeiro",30.37
9499,"Fevereiro",54.53
9499,"Março",87.1
9499,"Abril",44.22
9499,"Maio",35.19
9499,"Junho",68.85
9499,"Julho",70.49
9499,"Agosto",56.79
9499,"Setembro",85.76
9499,"Outubro",98.09
9499,"Novembro",23.69
9499,"Dezembro",70.97
2236,"Janeiro",51.28
2236,"Fevereiro",60.64
2236,"Março",98.1
2236,"Abril",95.52
2236,"Maio",59.57
2236,"Junho",15.92
2236,"Julho",1.31
2236,"Agosto",54.67
2236,"Setembro",48.01
2236,"Outubro",75.31
2236,"Novembro",48.87
2236,"Dezembro",81.34
3412,"Janeiro",24.57
3412,"Fevereiro",66.63
3412,"Março",4.17
3412,"Abril",24.25
3412,"Maio",50.77
3412,"Junho",5.06
3412,"Julho",72.61
3412,"Agosto",26.79
3412,"Setembro",93.17
3412,"Outubro",83.37
3412,"Novembro",40.2
3412,"Dezembro",66.17
7757,"Janeiro",65.52
7757,"Fevereiro",44.77
7757,"Março",24.79
7757,"Abril",11.06
7757,"Maio",40.71
7757,"Junho",4.26
7757,"Julho",34.8
7757,"Agosto",32.46
7757,"Setembro",81.6
7757,"Outubro",90.68
7757,"Novembro",53.92
7757,"Dezembro",26.29
5514,"Janeiro",24.25
5514,"Fevereiro",64.06
5514,"Março",26.84
5514,"Abril",20.18
5514,"Maio",6.89
5514,"Junho",52.3
5514,"Julho",1.1
5514,"Agosto",79.55
5514,"Setembro",7.77
5514,"Outubro",6.58
5514,"Novembro",44.22
5514,"Dezembro",99.19
467,"Janeiro",76.95
467,"Fevereiro",1.9
467,"Março",82.44
467,"Abril",53.64
467,"Maio",14.91
467,"Junho",34.14
467,"Julho",62.04
467,"Agosto",91.32
467,"Setembro",0.4
467,"Outubro",8.35
467,"Novembro",81.75
467,"Dezembro",95.41
7435,"Janeiro",98.93
7435,"Fevereiro",9.9
7435,"Março",91.23
7435,"Abril",48.47
7435,"Maio",47.76
7435,"Junho",68.22
7435,"Julho",48.59
7435,"Agosto",78.56
7435,"Setembro",58.57
7435,"Outubro",48.43
7435,"Novembro",75.61
7435,"Dezembro",41.4
7603,"Janeiro",50.53
7603,"Fevereiro",37.71
7603,"Março",44.24
7603,"Abril",61.4
7603,"Maio",10.51
7603,"Junho",74.6
7603,"Julho",33.45
7603,"Agosto",68.11
7603,"Setembro",26.99
7603,"Outubro",54.46
7603,"Novembro",43.05
7603,"Dezembro",82.52
610,"Janeiro",11.91
610,"Fevereiro",44.01
610,"Março",27.46
610,"Abril",82.1
610,"Maio",58.46
610,"Junho",39.7
610,"Julho",23
610,"Agosto",84.7
610,"Setembro",37.38
610,"Outubro",83.75
610,"Novembro",68.28
610,"Dezembro",0.37
8227,"Janeiro",25.16
8227,"Fevereiro",88.66
8227,"Março",86.75
8227,"Abril",19.48
8227,"Maio",50.16
8227,"Junho",46.28
8227,"Julho",86.6
8227,"Agosto",68.02
8227,"Setembro",8.45
8227,"Outubro",23.29
8227,"Novembro",70.27
8227,"Dezembro",28.34
7933,"Janeiro",2.98
7933,"Fevereiro",8.09
7933,"Março",29.99
7933,"Abril",16.64
7933,"Maio",43.13
7933,"Junho",98.71
7933,"Julho",15.08
7933,"Agosto",90.53
7933,"Setembro",88.07
7933,"Outubro",51.62
7933,"Novembro",21.51
7933,"Dezembro",61.13
5352,"Janeiro",94.62
5352,"Fevereiro",91.59
5352,"Março",74.16
5352,"Abril",31.24
5352,"Maio",94.06
5352,"Junho",9.05
5352,"Julho",71.38
5352,"Agosto",40.84
5352,"Setembro",20.22
5352,"Outubro",84.01
5352,"Novembro",66.16
5352,"Dezembro",8.49
9180,"Janeiro",38.52
9180,"Fevereiro",52.84
9180,"Março",82.33
9180,"Abril",28.97
9180,"Maio",40.83
9180,"Junho",68.85
9180,"Julho",7.14
9180,"Agosto",36.33
9180,"Setembro",45.46
9180,"Outubro",91.83
9180,"Novembro",63.28
9180,"Dezembro",14
8850,"Janeiro",34.18
8850,"Fevereiro",54.3
8850,"Março",48.55
8850,"Abril",7.33
8850,"Maio",20.8
8850,"Junho",9.62
8850,"Julho",68.08
8850,"Agosto",96.57
8850,"Setembro",3.1
8850,"Outubro",92.24
8850,"Novembro",21.26
8850,"Dezembro",48.93
8090,"Janeiro",99.62
8090,"Fevereiro",77.38
8090,"Março",30.2
8090,"Abril",58.67
8090,"Maio",51.21
8090,"Junho",2.96
8090,"Julho",67.69
8090,"Agosto",99.1
8090,"Setembro",35.36
8090,"Outubro",67.88
8090,"Novembro",1.73
8090,"Dezembro",96.78
9319,"Janeiro",30.45
9319,"Fevereiro",18.94
9319,"Março",72.63
9319,"Abril",29.31
9319,"Maio",10.36
9319,"Junho",68.99
9319,"Julho",85.04
9319,"Agosto",60.49
9319,"Setembro",90.47
9319,"Outubro",41.31
9319,"Novembro",35.18
9319,"Dezembro",94.71
5940,"Janeiro",92.04
5940,"Fevereiro",46.29
5940,"Março",51.93
5940,"Abril",41.23
5940,"Maio",79.88
5940,"Junho",70.83
5940,"Julho",92.32
5940,"Agosto",4.51
5940,"Setembro",98.64
5940,"Outubro",2.56
5940,"Novembro",97.52
5940,"Dezembro",10.15
9527,"Janeiro",97.89
9527,"Fevereiro",20.57
9527,"Março",0.07
9527,"Abril",80.53
9527,"Maio",37.91
9527,"Junho",34.68
9527,"Julho",72.85
9527,"Agosto",47.63
9527,"Setembro",97.19
9527,"Outubro",77.48
9527,"Novembro",95.04
9527,"Dezembro",76.64
5090,"Janeiro",58.1
5090,"Fevereiro",67.15
5090,"Março",82.99
5090,"Abril",90.93
5090,"Maio",29.31
5090,"Junho",19.97
5090,"Julho",14.47
5090,"Agosto",25.78
5090,"Setembro",4.53
5090,"Outubro",10.23
5090,"Novembro",72.83
5090,"Dezembro",56.69
9925,"Janeiro",10.14
9925,"Fevereiro",76.3
9925,"Março",78.21
9925,"Abril",78.11
9925,"Maio",33.42
9925,"Junho",76.3
9925,"Julho",64.52
9925,"Agosto",5.76
9925,"Setembro",54.61
9925,"Outubro",56.71
9925,"Novembro",10.86
9925,"Dezembro",96.75
2542,"Janeiro",89.64
2542,"Fevereiro",5.43
2542,"Março",25.73
2542,"Abril",96.61
2542,"Maio",49.13
2542,"Junho",39.45
2542,"Julho",54.66
2542,"Agosto",73.07
2542,"Setembro",60.99
2542,"Outubro",59.65
2542,"Novembro",43.67
2542,"Dezembro",96.23
7199,"Janeiro",0.48
7199,"Fevereiro",0.62
7199,"Março",41.75
7199,"Abril",7.46
7199,"Maio",56.15
7199,"Junho",37.67
7199,"Julho",99.44
7199,"Agosto",57.44
7199,"Setembro",92.36
7199,"Outubro",90.13
7199,"Novembro",13.51
7199,"Dezembro",5.51
3322,"Janeiro",72.65
3322,"Fevereiro",97.85
3322,"Março",38.06
3322,"Abril",9.45
3322,"Maio",16.64
3322,"Junho",12.74
3322,"Julho",93
3322,"Agosto",44.11
3322,"Setembro",25.46
3322,"Outubro",22.8
3322,"Novembro",17.6
3322,"Dezembro",48.96
4680,"Janeiro",98.43
4680,"Fevereiro",35.85
4680,"Março",7.62
4680,"Abril",83.75
4680,"Maio",23.68
4680,"Junho",48.85
4680,"Julho",14.3
4680,"Agosto",55.68
4680,"Setembro",23.77
4680,"Outubro",41.62
4680,"Novembro",2.28
4680,"Dezembro",97.19
8697,"Janeiro",40.26
8697,"Fevereiro",14.18
8697,"Março",23.68
8697,"Abril",35.82
8697,"Maio",8.56
8697,"Junho",12.83
8697,"Julho",34.45
8697,"Agosto",18.98
8697,"Setembro",77.18
8697,"Outubro",16.15
8697,"Novembro",44.73
8697,"Dezembro",76.16
1403,"Janeiro",39.01
1403,"Fevereiro",20.78
1403,"Março",38.55
1403,"Abril",87.55
1403,"Maio",29.23
1403,"Junho",86.24
1403,"Julho",44.58
1403,"Agosto",57.4
1403,"Setembro",48.01
1403,"Outubro",16.27
1403,"Novembro",9.27
1403,"Dezembro",93.29
2410,"Janeiro",43.89
2410,"Fevereiro",1.44
2410,"Março",13.02
2410,"Abril",23.94
2410,"Maio",20.86
2410,"Junho",97.18
2410,"Julho",1.05
2410,"Agosto",25.23
2410,"Setembro",58.6
2410,"Outubro",60.28
2410,"Novembro",58.66
2410,"Dezembro",2.07
9336,"Janeiro",48.64
9336,"Fevereiro",22.02
9336,"Março",66.16
9336,"Abril",47.71
9336,"Maio",31.2
9336,"Junho",42.86
9336,"Julho",99.49
9336,"Agosto",84.94
9336,"Setembro",89.68
9336,"Outubro",34.84
9336,"Novembro",11.42
9336,"Dezembro",13.56
1262,"Janeiro",59.86
1262,"Fevereiro",24.4
1262,"Março",64.27
1262,"Abril",49.15
1262,"Maio",19.14
1262,"Junho",0.16
1262,"Julho",89.78
1262,"Agosto",81.93
1262,"Setembro",11.24
1262,"Outubro",58.01
1262,"Novembro",98.73
1262,"Dezembro",84.33
1465,"Janeiro",62.1
1465,"Fevereiro",93.5
1465,"Março",12.5
1465,"Abril",16.57
1465,"Maio",79.29
1465,"Junho",6.83
1465,"Julho",74.61
1465,"Agosto",48.47
1465,"Setembro",45.69
1465,"Outubro",20.79
1465,"Novembro",88.96
1465,"Dezembro",76.74
578,"Janeiro",1.6
578,"Fevereiro",20.9
578,"Março",34.73
578,"Abril",89.33
578,"Maio",43.73
578,"Junho",10.71
578,"Julho",32.29
578,"Agosto",75.05
578,"Setembro",65.95
578,"Outubro",8.77
578,"Novembro",37.07
578,"Dezembro",61.41
8920,"Janeiro",51.82
8920,"Fevereiro",28.21
8920,"Março",73.6
8920,"Abril",53.9
8920,"Maio",55.39
8920,"Junho",67.57
8920,"Julho",82.21
8920,"Agosto",83.3
8920,"Setembro",5.63
8920,"Outubro",92.97
8920,"Novembro",70.44
8920,"Dezembro",30.34
2412,"Janeiro",42.35
2412,"Fevereiro",68.19
2412,"Março",19.65
2412,"Abril",0.19
2412,"Maio",99.24
2412,"Junho",45.06
2412,"Julho",80.44
2412,"Agosto",77.31
2412,"Setembro",12.04
2412,"Outubro",46.78
2412,"Novembro",56.52
2412,"Dezembro",5.8
8727,"Janeiro",54.87
8727,"Fevereiro",42.1
8727,"Março",58.71
8727,"Abril",95.35
8727,"Maio",26.81
8727,"Junho",8.31
8727,"Julho",72.74
8727,"Agosto",41.11
8727,"Setembro",30.91
8727,"Outubro",44.96
8727,"Novembro",84.5
8727,"Dezembro",43.02
3834,"Janeiro",3.33
3834,"Fevereiro",4.19
3834,"Março",60.54
3834,"Abril",66.78
3834,"Maio",90.46
3834,"Junho",51.63
3834,"Julho",20.22
3834,"Agosto",23.48
3834,"Setembro",64.11
3834,"Outubro",33.49
3834,"Novembro",84.88
3834,"Dezembro",30.84
4112,"Janeiro",72.97
4112,"Fevereiro",36.69
4112,"Março",80.58
4112,"Abril",14.94
4112,"Maio",63.44
4112,"Junho",91.69
4112,"Julho",54.3
4112,"Agosto",6.97
4112,"Setembro",64.8
4112,"Outubro",5.98
4112,"Novembro",23.53
4112,"Dezembro",66.52
9736,"Janeiro",69.34
9736,"Fevereiro",85.76
9736,"Março",40.33
9736,"Abril",48.29
9736,"Maio",73.17
9736,"Junho",22.13
9736,"Julho",58.56
9736,"Agosto",34.86
9736,"Setembro",84.61
9736,"Outubro",72.57
9736,"Novembro",28.42
9736,"Dezembro",80.91
1462,"Janeiro",84.16
1462,"Fevereiro",39.48
1462,"Março",6.95
1462,"Abril",61.32
1462,"Maio",57.77
1462,"Junho",13.08
1462,"Julho",90.81
1462,"Agosto",17.19
1462,"Setembro",71.15
1462,"Outubro",68.14
1462,"Novembro",15.68
1462,"Dezembro",40.04
5796,"Janeiro",19.47
5796,"Fevereiro",99.32
5796,"Março",6.9
5796,"Abril",62.96
5796,"Maio",40.36
5796,"Junho",66.92
5796,"Julho",13.85
5796,"Agosto",91.55
5796,"Setembro",81.89
5796,"Outubro",17.07
5796,"Novembro",31.65
5796,"Dezembro",62.07
2602,"Janeiro",0.04
2602,"Fevereiro",78.16
2602,"Março",41.14
2602,"Abril",53.66
2602,"Maio",12.17
2602,"Junho",20.15
2602,"Julho",12
2602,"Agosto",31.82
2602,"Setembro",52.65
2602,"Outubro",0.39
2602,"Novembro",35.16
2602,"Dezembro",95.51
9834,"Janeiro",25.1
9834,"Fevereiro",48.44
9834,"Março",32.63
9834,"Abril",39.76
9834,"Maio",68.64
9834,"Junho",77.79
9834,"Julho",74.3
9834,"Agosto",63.79
9834,"Setembro",17.87
9834,"Outubro",75.41
9834,"Novembro",0
9834,"Dezembro",86.23
5337,"Janeiro",12.98
5337,"Fevereiro",6.83
5337,"Março",75.12
5337,"Abril",88.64
5337,"Maio",52.68
5337,"Junho",3.2
5337,"Julho",84.41
5337,"Agosto",12.43
5337,"Setembro",90.86
5337,"Outubro",22.2
5337,"Novembro",11.73
5337,"Dezembro",89.13
4204,"Janeiro",18.52
4204,"Fevereiro",40.6
4204,"Março",97.76
4204,"Abril",83.82
4204,"Maio",34.83
4204,"Junho",27.26
4204,"Julho",9.9
4204,"Agosto",89.57
4204,"Setembro",40.53
4204,"Outubro",81.19
4204,"Novembro",37.74
4204,"Dezembro",45.94
1557,"Janeiro",40.74
1557,"Fevereiro",88.61
1557,"Março",5.64
1557,"Abril",25.41
1557,"Maio",84.09
1557,"Junho",51.66
1557,"Julho",91.25
1557,"Agosto",76.81
1557,"Setembro",38.51
1557,"Outubro",11.7
1557,"Novembro",6.93
1557,"Dezembro",51.43
758,"Janeiro",87.74
758,"Fevereiro",53.36
758,"Março",81.89
758,"Abril",28.63
758,"Maio",66.98
758,"Junho",52.12
758,"Julho",45.15
758,"Agosto",15.73
758,"Setembro",49.32
758,"Outubro",63.18
758,"Novembro",48.78
758,"Dezembro",23.12
555,"Janeiro",75.44
555,"Fevereiro",61.9
555,"Março",14.52
555,"Abril",24.81
555,"Maio",51.63
555,"Junho",4.89
555,"Julho",99.29
555,"Agosto",19.44
555,"Setembro",25.96
555,"Outubro",14.14
555,"Novembro",65.01
555,"Dezembro",90.41
4982,"Janeiro",50.04
4982,"Fevereiro",97.2
4982,"Março",38.59
4982,"Abril",6.09
4982,"Maio",11.59
4982,"Junho",0.52
4982,"Julho",48.41
4982,"Agosto",99.43
4982,"Setembro",61.58
4982,"Outubro",79.4
4982,"Novembro",10.4
4982,"Dezembro",8.53
9823,"Janeiro",91.28
9823,"Fevereiro",65.07
9823,"Março",19.22
9823,"Abril",70.28
9823,"Maio",9.48
9823,"Junho",87.46
9823,"Julho",63.21
9823,"Agosto",50.51
9823,"Setembro",27.43
9823,"Outubro",56.55
9823,"Novembro",76.98
9823,"Dezembro",34.88
9316,"Janeiro",1.48
9316,"Fevereiro",62.71
9316,"Março",49.19
9316,"Abril",93.17
9316,"Maio",17.41
9316,"Junho",9.1
9316,"Julho",47.42
9316,"Agosto",50.59
9316,"Setembro",92.48
9316,"Outubro",76.22
9316,"Novembro",82.63
9316,"Dezembro",19.16
363,"Janeiro",55.49
363,"Fevereiro",65.43
363,"Março",16.5
363,"Abril",20.36
363,"Maio",73.4
363,"Junho",44.87
363,"Julho",74.61
363,"Agosto",31.73
363,"Setembro",64.73
363,"Outubro",30.85
363,"Novembro",59.53
363,"Dezembro",29.93
140,"Janeiro",54.81
140,"Fevereiro",72.32
140,"Março",80.12
140,"Abril",84.01
140,"Maio",93.67
140,"Junho",46.13
140,"Julho",5.23
140,"Agosto",27.65
140,"Setembro",82.68
140,"Outubro",17.35
140,"Novembro",90.98
140,"Dezembro",44.6
1969,"Janeiro",2.41
1969,"Fevereiro",0.4
1969,"Março",11.48
1969,"Abril",57.09
1969,"Maio",0.92
1969,"Junho",75.94
1969,"Julho",68.93
1969,"Agosto",51.66
1969,"Setembro",3.93
1969,"Outubro",99.35
1969,"Novembro",77.41
1969,"Dezembro",12.08
2565,"Janeiro",30.01
2565,"Fevereiro",59.08
2565,"Março",82.24
2565,"Abril",98.4
2565,"Maio",43.41
2565,"Junho",79.14
2565,"Julho",35.78
2565,"Agosto",69.85
2565,"Setembro",17.43
2565,"Outubro",20.21
2565,"Novembro",45.98
2565,"Dezembro",94.66
4150,"Janeiro",2.86
4150,"Fevereiro",81.74
4150,"Março",51.36
4150,"Abril",75.44
4150,"Maio",96.28
4150,"Junho",40.39
4150,"Julho",16.69
4150,"Agosto",60.81
4150,"Setembro",72.24
4150,"Outubro",51.53
4150,"Novembro",52.6
4150,"Dezembro",11.95
1133,"Janeiro",29.08
1133,"Fevereiro",21.41
1133,"Março",52.48
1133,"Abril",55.31
1133,"Maio",76.41
1133,"Junho",69.35
1133,"Julho",85.69
1133,"Agosto",3.77
1133,"Setembro",94.89
1133,"Outubro",6.27
1133,"Novembro",99.6
1133,"Dezembro",39.69
1736,"Janeiro",23.89
1736,"Fevereiro",74.38
1736,"Março",29.57
1736,"Abril",81.57
1736,"Maio",23.53
1736,"Junho",95.77
1736,"Julho",54.55
1736,"Agosto",58.24
1736,"Setembro",77.31
1736,"Outubro",52.84
1736,"Novembro",83.26
1736,"Dezembro",24.67
9255,"Janeiro",1.9
9255,"Fevereiro",87.23
9255,"Março",10.16
9255,"Abril",56
9255,"Maio",46.17
9255,"Junho",77.16
9255,"Julho",19.46
9255,"Agosto",65.91
9255,"Setembro",0.06
9255,"Outubro",70.09
9255,"Novembro",44.06
9255,"Dezembro",53.28
6461,"Janeiro",67.61
6461,"Fevereiro",28.83
6461,"Março",55.83
6461,"Abril",92.82
6461,"Maio",85.16
6461,"Junho",60.62
6461,"Julho",13.98
6461,"Agosto",13.63
6461,"Setembro",97.73
6461,"Outubro",17.34
6461,"Novembro",98.14
6461,"Dezembro",13.78
1307,"Janeiro",84.35
1307,"Fevereiro",53.1
1307,"Março",18.41
1307,"Abril",44.57
1307,"Maio",45.96
1307,"Junho",41.67
1307,"Julho",89.58
1307,"Agosto",34.88
1307,"Setembro",28.03
1307,"Outubro",68.87
1307,"Novembro",35.97
1307,"Dezembro",40.92
8228,"Janeiro",26.17
8228,"Fevereiro",29.67
8228,"Março",92.77
8228,"Abril",67.59
8228,"Maio",20.82
8228,"Junho",74.42
8228,"Julho",91.59
8228,"Agosto",31.11
8228,"Setembro",47.95
8228,"Outubro",69.41
8228,"Novembro",42.43
8228,"Dezembro",82.55
4237,"Janeiro",9.92
4237,"Fevereiro",39.9
4237,"Março",35.85
4237,"Abril",37.14
4237,"Maio",75.22
4237,"Junho",23.7
4237,"Julho",84.98
4237,"Agosto",63.21
4237,"Setembro",4.52
4237,"Outubro",98.63
4237,"Novembro",74.8
4237,"Dezembro",53.49
2214,"Janeiro",72.6
2214,"Fevereiro",83.14
2214,"Março",35.1
2214,"Abril",16.2
2214,"Maio",54.92
2214,"Junho",98.18
2214,"Julho",86.28
2214,"Agosto",47.86
2214,"Setembro",44.72
2214,"Outubro",78.15
2214,"Novembro",30.78
2214,"Dezembro",80.23
8113,"Janeiro",86.3
8113,"Fevereiro",65.07
8113,"Março",73.91
8113,"Abril",79.72
8113,"Maio",13.46
8113,"Junho",60.91
8113,"Julho",89.93
8113,"Agosto",29.16
8113,"Setembro",15.52
8113,"Outubro",72.1
8113,"Novembro",69.79
8113,"Dezembro",10.81
8111,"Janeiro",16.14
8111,"Fevereiro",87.87
8111,"Março",7.07
8111,"Abril",10.4
8111,"Maio",79.99
8111,"Junho",69.5
8111,"Julho",78.3
8111,"Agosto",6.85
8111,"Setembro",44.6
8111,"Outubro",94.48
8111,"Novembro",67.84
8111,"Dezembro",62.39
9782,"Janeiro",80.4
9782,"Fevereiro",14.68
9782,"Março",6.35
9782,"Abril",99.78
9782,"Maio",99.56
9782,"Junho",75.51
9782,"Julho",72.79
9782,"Agosto",2.38
9782,"Setembro",34.25
9782,"Outubro",59.62
9782,"Novembro",35.03
9782,"Dezembro",26.02
97,"Janeiro",64.93
97,"Fevereiro",34.19
97,"Março",79.74
97,"Abril",37.21
97,"Maio",15.56
97,"Junho",47.98
97,"Julho",51.21
97,"Agosto",48.35
97,"Setembro",96.41
97,"Outubro",35.13
97,"Novembro",54.3
97,"Dezembro",82.18
4342,"Janeiro",58.84
4342,"Fevereiro",29.13
4342,"Março",88.89
4342,"Abril",37.64
4342,"Maio",7.82
4342,"Junho",85.62
4342,"Julho",84.48
4342,"Agosto",86.39
4342,"Setembro",89.58
4342,"Outubro",36.24
4342,"Novembro",86.49
4342,"Dezembro",60.61
7180,"Janeiro",79.1
7180,"Fevereiro",42.18
7180,"Março",9.92
7180,"Abril",76.7
7180,"Maio",8.86
7180,"Junho",37.18
7180,"Julho",41.86
7180,"Agosto",90.29
7180,"Setembro",67.32
7180,"Outubro",15.85
7180,"Novembro",31.39
7180,"Dezembro",89
5889,"Janeiro",97.51
5889,"Fevereiro",51.06
5889,"Março",19.25
5889,"Abril",76.68
5889,"Maio",57.88
5889,"Junho",60.75
5889,"Julho",44.79
5889,"Agosto",51.61
5889,"Setembro",7.63
5889,"Outubro",24.69
5889,"Novembro",94.98
5889,"Dezembro",80.27
7217,"Janeiro",49.84
7217,"Fevereiro",32.34
7217,"Março",26.9
7217,"Abril",29.66
7217,"Maio",54.06
7217,"Junho",40.15
7217,"Julho",18.61
7217,"Agosto",35.53
7217,"Setembro",90.72
7217,"Outubro",28.11
7217,"Novembro",7.5
7217,"Dezembro",72.65
7884,"Janeiro",62.05
7884,"Fevereiro",62.37
7884,"Março",46.96
7884,"Abril",66.77
7884,"Maio",2.63
7884,"Junho",55.21
7884,"Julho",80.44
7884,"Agosto",6.49
7884,"Setembro",35.59
7884,"Outubro",99.46
7884,"Novembro",52.76
7884,"Dezembro",59.12
3553,"Janeiro",80.93
3553,"Fevereiro",80.64
3553,"Março",63.54
3553,"Abril",45.94
3553,"Maio",18.84
3553,"Junho",13.7
3553,"Julho",44.61
3553,"Agosto",49.95
3553,"Setembro",43.62
3553,"Outubro",78
3553,"Novembro",46.64
3553,"Dezembro",48.11
6379,"Janeiro",64.8
6379,"Fevereiro",48.92
6379,"Março",11.31
6379,"Abril",18.34
6379,"Maio",41.05
6379,"Junho",37.37
6379,"Julho",81.6
6379,"Agosto",51.65
6379,"Setembro",90.16
6379,"Outubro",71.02
6379,"Novembro",35.18
6379,"Dezembro",27.15
1516,"Janeiro",52.37
1516,"Fevereiro",57.91
1516,"Março",65.58
1516,"Abril",40.44
1516,"Maio",41.88
1516,"Junho",99.18
1516,"Julho",8.66
1516,"Agosto",11.89
1516,"Setembro",61.35
1516,"Outubro",43.39
1516,"Novembro",35.57
1516,"Dezembro",85.62
7508,"Janeiro",25.12
7508,"Fevereiro",70.63
7508,"Março",12.73
7508,"Abril",14.87
7508,"Maio",98.23
7508,"Junho",1.79
7508,"Julho",92.25
7508,"Agosto",59.46
7508,"Setembro",0.97
7508,"Outubro",20.52
7508,"Novembro",31.19
7508,"Dezembro",32.81
3437,"Janeiro",66.74
3437,"Fevereiro",30.6
3437,"Março",87.5
3437,"Abril",38.52
3437,"Maio",68.75
3437,"Junho",55.6
3437,"Julho",47.36
3437,"Agosto",89.81
3437,"Setembro",44.97
3437,"Outubro",69.35
3437,"Novembro",52.1
3437,"Dezembro",20.29
53,"Janeiro",7.49
53,"Fevereiro",51.67
53,"Março",2.32
53,"Abril",95.01
53,"Maio",72.72
53,"Junho",34.4
53,"Julho",41.49
53,"Agosto",58.62
53,"Setembro",11.65
53,"Outubro",51.36
53,"Novembro",6.9
53,"Dezembro",97.22
8009,"Janeiro",94.12
8009,"Fevereiro",60.81
8009,"Março",91.75
8009,"Abril",76.91
8009,"Maio",42.66
8009,"Junho",2.4
8009,"Julho",8.15
8009,"Agosto",79.49
8009,"Setembro",78.43
8009,"Outubro",67.68
8009,"Novembro",34.16
8009,"Dezembro",25.15
3325,"Janeiro",12.39
3325,"Fevereiro",50.47
3325,"Março",69.01
3325,"Abril",31.06
3325,"Maio",72.67
3325,"Junho",0.5
3325,"Julho",50.78
3325,"Agosto",67.64
3325,"Setembro",40.78
3325,"Outubro",5.94
3325,"Novembro",58.22
3325,"Dezembro",20.86
6915,"Janeiro",8.65
6915,"Fevereiro",47.83
6915,"Março",1.78
6915,"Abril",15.78
6915,"Maio",24.27
6915,"Junho",52.18
6915,"Julho",20.53
6915,"Agosto",63.79
6915,"Setembro",73.04
6915,"Outubro",27.67
6915,"Novembro",64.39
6915,"Dezembro",50.57
9920,"Janeiro",60.54
9920,"Fevereiro",51.09
9920,"Março",56.72
9920,"Abril",55.62
9920,"Maio",36.87
9920,"Junho",64.39
9920,"Julho",64.41
9920,"Agosto",99.39
9920,"Setembro",69.82
9920,"Outubro",94.55
9920,"Novembro",19.75
9920,"Dezembro",50.79
1625,"Janeiro",97.84
1625,"Fevereiro",38.79
1625,"Março",86.95
1625,"Abril",65.02
1625,"Maio",53.42
1625,"Junho",88.17
1625,"Julho",75.43
1625,"Agosto",23.82
1625,"Setembro",96.84
1625,"Outubro",28.07
1625,"Novembro",48.86
1625,"Dezembro",3.39
6288,"Janeiro",99.88
6288,"Fevereiro",61.01
6288,"Março",45.95
6288,"Abril",54.38
6288,"Maio",90.05
6288,"Junho",82.85
6288,"Julho",93.99
6288,"Agosto",97.97
6288,"Setembro",94.51
6288,"Outubro",49.06
6288,"Novembro",18.83
6288,"Dezembro",66.1
5075,"Janeiro",36.02
5075,"Fevereiro",4.35
5075,"Março",56.28
5075,"Abril",25.28
5075,"Maio",94.16
5075,"Junho",7.77
5075,"Julho",52.53
5075,"Agosto",95.96
5075,"Setembro",86.94
5075,"Outubro",66.72
5075,"Novembro",49.01
5075,"Dezembro",75.88
2325,"Janeiro",63.06
2325,"Fevereiro",46.57
2325,"Março",44.87
2325,"Abril",20.65
2325,"Maio",88.06
2325,"Junho",68.44
2325,"Julho",9.44
2325,"Agosto",89.86
2325,"Setembro",99.61
2325,"Outubro",7.49
2325,"Novembro",95.78
2325,"Dezembro",98.52
5866,"Janeiro",6.27
5866,"Fevereiro",79.19
5866,"Março",88.69
5866,"Abril",57.69
5866,"Maio",65.43
5866,"Junho",87.99
5866,"Julho",68.45
5866,"Agosto",89.93
5866,"Setembro",93.07
5866,"Outubro",10.05
5866,"Novembro",83.44
5866,"Dezembro",42.27
9777,"Janeiro",99.01
9777,"Fevereiro",79.7
9777,"Março",36.81
9777,"Abril",81.52
9777,"Maio",49.96
9777,"Junho",56.89
9777,"Julho",94.62
9777,"Agosto",79.79
9777,"Setembro",59.87
9777,"Outubro",35.8
9777,"Novembro",51.58
9777,"Dezembro",59.04
9286,"Janeiro",73.09
9286,"Fevereiro",2.32
9286,"Março",38.28
9286,"Abril",69.62
9286,"Maio",71.95
9286,"Junho",73.78
9286,"Julho",62.46
9286,"Agosto",86.85
9286,"Setembro",21.69
9286,"Outubro",80.21
9286,"Novembro",35.35
9286,"Dezembro",27.18
1122,"Janeiro",25.04
1122,"Fevereiro",47.42
1122,"Março",88.94
1122,"Abril",52.16
1122,"Maio",49.55
1122,"Junho",39.86
1122,"Julho",36.2
1122,"Agosto",84.7
1122,"Setembro",83.48
1122,"Outubro",51.88
1122,"Novembro",76.45
1122,"Dezembro",22.37
6108,"Janeiro",40.82
6108,"Fevereiro",11.35
6108,"Março",49.95
6108,"Abril",21.64
6108,"Maio",24.65
6108,"Junho",97.18
6108,"Julho",24.29
6108,"Agosto",38.68
6108,"Setembro",75.23
6108,"Outubro",90.4
6108,"Novembro",55.38
6108,"Dezembro",29.2
3179,"Janeiro",39.21
3179,"Fevereiro",69.74
3179,"Março",93.74
3179,"Abril",66.95
3179,"Maio",61.3
3179,"Junho",72.83
3179,"Julho",51.15
3179,"Agosto",21.65
3179,"Setembro",24.16
3179,"Outubro",40.33
3179,"Novembro",50.34
3179,"Dezembro",56.67
3587,"Janeiro",90.7
3587,"Fevereiro",62.17
3587,"Março",32.69
3587,"Abril",54.91
3587,"Maio",74.95
3587,"Junho",39.09
3587,"Julho",20.41
3587,"Agosto",41.41
3587,"Setembro",66.53
3587,"Outubro",83.77
3587,"Novembro",87.78
3587,"Dezembro",62.33
8583,"Janeiro",71.34
8583,"Fevereiro",10.15
8583,"Março",41.99
8583,"Abril",10.67
8583,"Maio",57.53
8583,"Junho",60.73
8583,"Julho",28.91
8583,"Agosto",41.76
8583,"Setembro",48.22
8583,"Outubro",35.39
8583,"Novembro",35.75
8583,"Dezembro",46.19
9539,"Janeiro",86.49
9539,"Fevereiro",64.73
9539,"Março",51.88
9539,"Abril",85.94
9539,"Maio",18.19
9539,"Junho",48.94
9539,"Julho",67.03
9539,"Agosto",98.66
9539,"Setembro",54.95
9539,"Outubro",55.41
9539,"Novembro",47.36
9539,"Dezembro",52.15
5737,"Janeiro",21.04
5737,"Fevereiro",30.72
5737,"Março",72.21
5737,"Abril",64.68
5737,"Maio",89.11
5737,"Junho",22.51
5737,"Julho",10.75
5737,"Agosto",47.16
5737,"Setembro",26.01
5737,"Outubro",22.3
5737,"Novembro",51.65
5737,"Dezembro",46.14
4852,"Janeiro",42.14
4852,"Fevereiro",88.88
4852,"Março",26.01
4852,"Abril",29.44
4852,"Maio",35.45
4852,"Junho",49.5
4852,"Julho",0.56
4852,"Agosto",92.51
4852,"Setembro",12.78
4852,"Outubro",30.53
4852,"Novembro",54.48
4852,"Dezembro",69.57
226,"Janeiro",76.01
226,"Fevereiro",9.8
226,"Março",11.46
226,"Abril",71.05
226,"Maio",0.41
226,"Junho",34.71
226,"Julho",77.8
226,"Agosto",42.62
226,"Setembro",19.64
226,"Outubro",78.08
226,"Novembro",98.78
226,"Dezembro",57.02
2354,"Janeiro",34.33
2354,"Fevereiro",40.88
2354,"Março",35.14
2354,"Abril",80.59
2354,"Maio",14.48
2354,"Junho",66.49
2354,"Julho",87.28
2354,"Agosto",2.55
2354,"Setembro",61.89
2354,"Outubro",44.03
2354,"Novembro",29.36
2354,"Dezembro",9.38
996,"Janeiro",98.17
996,"Fevereiro",83.82
996,"Março",81.97
996,"Abril",95.83
996,"Maio",12.82
996,"Junho",77.26
996,"Julho",27.63
996,"Agosto",5.43
996,"Setembro",64.48
996,"Outubro",66.6
996,"Novembro",63.73
996,"Dezembro",64.08
5262,"Janeiro",29.51
5262,"Fevereiro",14.8
5262,"Março",21.91
5262,"Abril",3.73
5262,"Maio",23.48
5262,"Junho",36.87
5262,"Julho",13.41
5262,"Agosto",49.11
5262,"Setembro",77.42
5262,"Outubro",70.31
5262,"Novembro",23.84
5262,"Dezembro",88.13
2270,"Janeiro",46.87
2270,"Fevereiro",65.32
2270,"Março",94.49
2270,"Abril",17.24
2270,"Maio",83.41
2270,"Junho",92.28
2270,"Julho",37.59
2270,"Agosto",76.71
2270,"Setembro",79.65
2270,"Outubro",66.44
2270,"Novembro",60.31
2270,"Dezembro",10.95
1340,"Janeiro",36.43
1340,"Fevereiro",90.6
1340,"Março",89.35
1340,"Abril",72.57
1340,"Maio",2.08
1340,"Junho",56.42
1340,"Julho",15.51
1340,"Agosto",77.07
1340,"Setembro",78.99
1340,"Outubro",58.85
1340,"Novembro",72.55
1340,"Dezembro",30.13
4076,"Janeiro",38.56
4076,"Fevereiro",35.62
4076,"Março",91.42
4076,"Abril",63.72
4076,"Maio",3.12
4076,"Junho",4.11
4076,"Julho",45.39
4076,"Agosto",48.6
4076,"Setembro",61.75
4076,"Outubro",32.22
4076,"Novembro",30.63
4076,"Dezembro",52.76
8374,"Janeiro",51.07
8374,"Fevereiro",25.18
8374,"Março",53.77
8374,"Abril",93.41
8374,"Maio",97.5
8374,"Junho",39.44
8374,"Julho",41.95
8374,"Agosto",62.27
8374,"Setembro",26.75
8374,"Outubro",92.35
8374,"Novembro",19.94
8374,"Dezembro",79.06
9016,"Janeiro",87.7
9016,"Fevereiro",7.36
9016,"Março",12.26
9016,"Abril",88.96
9016,"Maio",52.23
9016,"Junho",81.94
9016,"Julho",26.97
9016,"Agosto",90.4
9016,"Setembro",21.99
9016,"Outubro",91.05
9016,"Novembro",73.6
9016,"Dezembro",82.9
6332,"Janeiro",76.71
6332,"Fevereiro",67.92
6332,"Março",73.54
6332,"Abril",24.86
6332,"Maio",68.71
6332,"Junho",12.89
6332,"Julho",88.28
6332,"Agosto",5.13
6332,"Setembro",89.36
6332,"Outubro",4.37
6332,"Novembro",15.32
6332,"Dezembro",28.06
2665,"Janeiro",0.44
2665,"Fevereiro",68.74
2665,"Março",67.25
2665,"Abril",24.15
2665,"Maio",16.03
2665,"Junho",64.24
2665,"Julho",82
2665,"Agosto",2.06
2665,"Setembro",12.88
2665,"Outubro",57.45
2665,"Novembro",52.29
2665,"Dezembro",39.48
110,"Janeiro",37.44
110,"Fevereiro",40.84
110,"Março",27.6
110,"Abril",85.29
110,"Maio",16.6
110,"Junho",14.72
110,"Julho",0.2
110,"Agosto",23.96
110,"Setembro",15.86
110,"Outubro",71.36
110,"Novembro",7.79
110,"Dezembro",31.97
2922,"Janeiro",21.12
2922,"Fevereiro",45.71
2922,"Março",53.36
2922,"Abril",59.97
2922,"Maio",70.49
2922,"Junho",61.94
2922,"Julho",10.9
2922,"Agosto",26.2
2922,"Setembro",24.42
2922,"Outubro",52.5
2922,"Novembro",6.9
2922,"Dezembro",54.86
2250,"Janeiro",39.89
2250,"Fevereiro",51.47
2250,"Março",44.99
2250,"Abril",3.56
2250,"Maio",39.78
2250,"Junho",17.16
2250,"Julho",3
2250,"Agosto",11.36
2250,"Setembro",55.9
2250,"Outubro",90.89
2250,"Novembro",62.33
2250,"Dezembro",1.76
6349,"Janeiro",26.66
6349,"Fevereiro",28.03
6349,"Março",38.12
6349,"Abril",38.06
6349,"Maio",27.93
6349,"Junho",90.26
6349,"Julho",6.56
6349,"Agosto",45.53
6349,"Setembro",55.43
6349,"Outubro",10.08
6349,"Novembro",35.14
6349,"Dezembro",0.96
2195,"Janeiro",5.52
2195,"Fevereiro",85.48
2195,"Março",90.96
2195,"Abril",58.6
2195,"Maio",63.25
2195,"Junho",98.95
2195,"Julho",97.39
2195,"Agosto",24.71
2195,"Setembro",49.63
2195,"Outubro",77.68
2195,"Novembro",28.41
2195,"Dezembro",57.59
7817,"Janeiro",64.14
7817,"Fevereiro",25.96
7817,"Março",62.35
7817,"Abril",66.23
7817,"Maio",31.35
7817,"Junho",33.68
7817,"Julho",85.94
7817,"Agosto",46.41
7817,"Setembro",47.41
7817,"Outubro",16.83
7817,"Novembro",55.72
7817,"Dezembro",29.47
951,"Janeiro",75.42
951,"Fevereiro",99.39
951,"Março",77.07
951,"Abril",61.11
951,"Maio",89.62
951,"Junho",72.29
951,"Julho",33.87
951,"Agosto",58.73
951,"Setembro",50.17
951,"Outubro",64.28
951,"Novembro",75.33
951,"Dezembro",67.08
7838,"Janeiro",10.23
7838,"Fevereiro",29.42
7838,"Março",95.16
7838,"Abril",15.95
7838,"Maio",62.83
7838,"Junho",85.67
7838,"Julho",74.82
7838,"Agosto",39.13
7838,"Setembro",66.36
7838,"Outubro",58.04
7838,"Novembro",55.84
7838,"Dezembro",50.52
4619,"Janeiro",77.02
4619,"Fevereiro",17.54
4619,"Março",57.4
4619,"Abril",7.41
4619,"Maio",69.22
4619,"Junho",48.62
4619,"Julho",46.46
4619,"Agosto",45.2
4619,"Setembro",93.27
4619,"Outubro",97.01
4619,"Novembro",87.45
4619,"Dezembro",42.13
1219,"Janeiro",68
1219,"Fevereiro",83.75
1219,"Março",74.2
1219,"Abril",25.36
1219,"Maio",45.05
1219,"Junho",32.96
1219,"Julho",69.3
1219,"Agosto",61.23
1219,"Setembro",60.83
1219,"Outubro",15.52
1219,"Novembro",16.85
1219,"Dezembro",30.48
5283,"Janeiro",57.95
5283,"Fevereiro",5.95
5283,"Março",64.51
5283,"Abril",73.49
5283,"Maio",58.41
5283,"Junho",29.34
5283,"Julho",86.41
5283,"Agosto",77.05
5283,"Setembro",46.39
5283,"Outubro",12.36
5283,"Novembro",96.88
5283,"Dezembro",57.69
217,"Janeiro",11.28
217,"Fevereiro",73.55
217,"Março",41.25
217,"Abril",65.23
217,"Maio",14.45
217,"Junho",20.39
217,"Julho",28.6
217,"Agosto",83.64
217,"Setembro",64.1
217,"Outubro",62.11
217,"Novembro",32.41
217,"Dezembro",88
2215,"Janeiro",10.78
2215,"Fevereiro",36.38
2215,"Março",5.87
2215,"Abril",37.02
2215,"Maio",50.18
2215,"Junho",63.99
2215,"Julho",86.86
2215,"Agosto",38.48
2215,"Setembro",82.79
2215,"Outubro",36.9
2215,"Novembro",85.01
2215,"Dezembro",30.23
5095,"Janeiro",62.34
5095,"Fevereiro",10.54
5095,"Março",38.59
5095,"Abril",28.32
5095,"Maio",14.5
5095,"Junho",59.52
5095,"Julho",52.38
5095,"Agosto",44.42
5095,"Setembro",84.8
5095,"Outubro",19.84
5095,"Novembro",33.97
5095,"Dezembro",73.2
7031,"Janeiro",49.01
7031,"Fevereiro",59.82
7031,"Março",75.17
7031,"Abril",66.92
7031,"Maio",0.2
7031,"Junho",21.86
7031,"Julho",90.8
7031,"Agosto",25.07
7031,"Setembro",3.49
7031,"Outubro",82.02
7031,"Novembro",7.86
7031,"Dezembro",54.82
1803,"Janeiro",16.61
1803,"Fevereiro",79.89
1803,"Março",22.81
1803,"Abril",49.54
1803,"Maio",20.42
1803,"Junho",69.82
1803,"Julho",52.54
1803,"Agosto",5.95
1803,"Setembro",87.44
1803,"Outubro",87.28
1803,"Novembro",95.59
1803,"Dezembro",9.47
3351,"Janeiro",16.04
3351,"Fevereiro",1.59
3351,"Março",2.05
3351,"Abril",87.49
3351,"Maio",98.48
3351,"Junho",61.65
3351,"Julho",95.26
3351,"Agosto",25.83
3351,"Setembro",48.02
3351,"Outubro",49.2
3351,"Novembro",38.99
3351,"Dezembro",66.73
8105,"Janeiro",6.73
8105,"Fevereiro",49.88
8105,"Março",98.45
8105,"Abril",6.7
8105,"Maio",85.09
8105,"Junho",7.46
8105,"Julho",26.23
8105,"Agosto",68.41
8105,"Setembro",44.88
8105,"Outubro",62.24
8105,"Novembro",0.66
8105,"Dezembro",93.36
8545,"Janeiro",34.35
8545,"Fevereiro",95.01
8545,"Março",30.53
8545,"Abril",69.43
8545,"Maio",29.24
8545,"Junho",86.51
8545,"Julho",69.87
8545,"Agosto",29.1
8545,"Setembro",35.1
8545,"Outubro",28.9
8545,"Novembro",17.62
8545,"Dezembro",71.27
2138,"Janeiro",9.26
2138,"Fevereiro",77.92
2138,"Março",93.13
2138,"Abril",35.37
2138,"Maio",33.31
2138,"Junho",94.5
2138,"Julho",41.99
2138,"Agosto",44.09
2138,"Setembro",69.54
2138,"Outubro",83.4
2138,"Novembro",30.26
2138,"Dezembro",79.25
1511,"Janeiro",58.85
1511,"Fevereiro",66.65
1511,"Março",80.64
1511,"Abril",41.65
1511,"Maio",36.24
1511,"Junho",8.73
1511,"Julho",44.27
1511,"Agosto",75.97
1511,"Setembro",78.59
1511,"Outubro",8.51
1511,"Novembro",25.72
1511,"Dezembro",86.33
7421,"Janeiro",18.82
7421,"Fevereiro",45.83
7421,"Março",48.93
7421,"Abril",8.12
7421,"Maio",30.98
7421,"Junho",91.01
7421,"Julho",87.54
7421,"Agosto",31.36
7421,"Setembro",9.57
7421,"Outubro",80.69
7421,"Novembro",55.25
7421,"Dezembro",82.42
591,"Janeiro",0.72
591,"Fevereiro",12.98
591,"Março",59.32
591,"Abril",65.28
591,"Maio",21.83
591,"Junho",86.55
591,"Julho",10.34
591,"Agosto",67.05
591,"Setembro",30.41
591,"Outubro",45.57
591,"Novembro",96.08
591,"Dezembro",99.1
5185,"Janeiro",22.15
5185,"Fevereiro",41.25
5185,"Março",95.93
5185,"Abril",83.49
5185,"Maio",78.41
5185,"Junho",2.05
5185,"Julho",98.03
5185,"Agosto",48.07
5185,"Setembro",39.32
5185,"Outubro",64.38
5185,"Novembro",20.47
5185,"Dezembro",40.39
5192,"Janeiro",15.33
5192,"Fevereiro",33.42
5192,"Março",76.42
5192,"Abril",95.86
5192,"Maio",66.86
5192,"Junho",0.96
5192,"Julho",76.08
5192,"Agosto",68.91
5192,"Setembro",57.98
5192,"Outubro",97.35
5192,"Novembro",9.46
5192,"Dezembro",0.77
3082,"Janeiro",84.28
3082,"Fevereiro",38.28
3082,"Março",27.75
3082,"Abril",32.72
3082,"Maio",41.87
3082,"Junho",77.24
3082,"Julho",88.24
3082,"Agosto",27.38
3082,"Setembro",56.35
3082,"Outubro",63.29
3082,"Novembro",39.61
3082,"Dezembro",56.35
7681,"Janeiro",61.42
7681,"Fevereiro",39.67
7681,"Março",30.51
7681,"Abril",44.11
7681,"Maio",57.8
7681,"Junho",34.03
7681,"Julho",79.76
7681,"Agosto",46.83
7681,"Setembro",11.1
7681,"Outubro",90.39
7681,"Novembro",45.79
7681,"Dezembro",61.63
9480,"Janeiro",81.85
9480,"Fevereiro",2.98
9480,"Março",87.49
9480,"Abril",35.66
9480,"Maio",48.41
9480,"Junho",19.92
9480,"Julho",25.63
9480,"Agosto",54.64
9480,"Setembro",16.92
9480,"Outubro",16.89
9480,"Novembro",46.25
9480,"Dezembro",60.58
6672,"Janeiro",74.28
6672,"Fevereiro",15.19
6672,"Março",77.33
6672,"Abril",19.13
6672,"Maio",48.89
6672,"Junho",84.87
6672,"Julho",65.3
6672,"Agosto",99.13
6672,"Setembro",6.74
6672,"Outubro",12.7
6672,"Novembro",46.85
6672,"Dezembro",85.12
1464,"Janeiro",79.56
1464,"Fevereiro",31.41
1464,"Março",32.52
1464,"Abril",61.89
1464,"Maio",65.87
1464,"Junho",43.03
1464,"Julho",37.88
1464,"Agosto",30.41
1464,"Setembro",21.33
1464,"Outubro",75.82
1464,"Novembro",65.03
1464,"Dezembro",22.47
9983,"Janeiro",51.59
9983,"Fevereiro",44.1
9983,"Março",78.17
9983,"Abril",50.08
9983,"Maio",4.06
9983,"Junho",5.64
9983,"Julho",9.05
9983,"Agosto",25.4
9983,"Setembro",67.33
9983,"Outubro",11.6
9983,"Novembro",12.42
9983,"Dezembro",59.37
8245,"Janeiro",97.74
8245,"Fevereiro",87.02
8245,"Março",65.44
8245,"Abril",17.06
8245,"Maio",57.65
8245,"Junho",45.61
8245,"Julho",11.67
8245,"Agosto",64.92
8245,"Setembro",29.51
8245,"Outubro",8.86
8245,"Novembro",35.07
8245,"Dezembro",82.92
6995,"Janeiro",72.78
6995,"Fevereiro",75
6995,"Março",8.07
6995,"Abril",60.12
6995,"Maio",48.04
6995,"Junho",1.29
6995,"Julho",65.38
6995,"Agosto",78.13
6995,"Setembro",3.57
6995,"Outubro",88.96
6995,"Novembro",94.69
6995,"Dezembro",67.98
6338,"Janeiro",81.63
6338,"Fevereiro",66.15
6338,"Março",49.38
6338,"Abril",88.8
6338,"Maio",10.25
6338,"Junho",20.76
6338,"Julho",18.59
6338,"Agosto",87.84
6338,"Setembro",4.36
6338,"Outubro",67.32
6338,"Novembro",6.71
6338,"Dezembro",29.13
5615,"Janeiro",77.54
5615,"Fevereiro",6.2
5615,"Março",97.1
5615,"Abril",10.57
5615,"Maio",75.81
5615,"Junho",30.28
5615,"Julho",49.97
5615,"Agosto",23.23
5615,"Setembro",97.05
5615,"Outubro",71.35
5615,"Novembro",91.91
5615,"Dezembro",2.18
8012,"Janeiro",74.05
8012,"Fevereiro",33.04
8012,"Março",40.56
8012,"Abril",32.72
8012,"Maio",28.03
8012,"Junho",73.65
8012,"Julho",14.2
8012,"Agosto",19.75
8012,"Setembro",91.74
8012,"Outubro",67.68
8012,"Novembro",50.47
8012,"Dezembro",79.56
194,"Janeiro",95.31
194,"Fevereiro",41.27
194,"Março",52.29
194,"Abril",54.81
194,"Maio",9.29
194,"Junho",9.09
194,"Julho",32.03
194,"Agosto",60.62
194,"Setembro",20.34
194,"Outubro",50.58
194,"Novembro",47.9
194,"Dezembro",47.14
9655,"Janeiro",62.11
9655,"Fevereiro",74.88
9655,"Março",23.14
9655,"Abril",0.49
9655,"Maio",76.62
9655,"Junho",79.94
9655,"Julho",75.68
9655,"Agosto",38.27
9655,"Setembro",28.11
9655,"Outubro",88.26
9655,"Novembro",94.05
9655,"Dezembro",82.96
314,"Janeiro",42.98
314,"Fevereiro",42.71
314,"Março",33.51
314,"Abril",48.57
314,"Maio",1.33
314,"Junho",90.15
314,"Julho",22.3
314,"Agosto",49.31
314,"Setembro",62.83
314,"Outubro",56.45
314,"Novembro",36.27
314,"Dezembro",45.83
4646,"Janeiro",68.13
4646,"Fevereiro",90.96
4646,"Março",76.88
4646,"Abril",67.94
4646,"Maio",80.97
4646,"Junho",66.19
4646,"Julho",63.07
4646,"Agosto",40.61
4646,"Setembro",76.49
4646,"Outubro",83.37
4646,"Novembro",66.61
4646,"Dezembro",25.91
5603,"Janeiro",28.16
5603,"Fevereiro",72.8
5603,"Março",3.83
5603,"Abril",25.17
5603,"Maio",99.27
5603,"Junho",71.2
5603,"Julho",91.39
5603,"Agosto",12.97
5603,"Setembro",20.67
5603,"Outubro",3.21
5603,"Novembro",62.3
5603,"Dezembro",52.35
5999,"Janeiro",85.68
5999,"Fevereiro",83.75
5999,"Março",34.62
5999,"Abril",58.92
5999,"Maio",44.89
5999,"Junho",32.06
5999,"Julho",29.54
5999,"Agosto",76.81
5999,"Setembro",74.76
5999,"Outubro",46.48
5999,"Novembro",9.1
5999,"Dezembro",57
5569,"Janeiro",66.68
5569,"Fevereiro",77.24
5569,"Março",28.51
5569,"Abril",43.27
5569,"Maio",38.04
5569,"Junho",84.31
5569,"Julho",42.44
5569,"Agosto",20.28
5569,"Setembro",25.66
5569,"Outubro",2.46
5569,"Novembro",39.71
5569,"Dezembro",44.45
2414,"Janeiro",57.5
2414,"Fevereiro",53.17
2414,"Março",26.31
2414,"Abril",64.18
2414,"Maio",86.38
2414,"Junho",52.61
2414,"Julho",57.52
2414,"Agosto",71.36
2414,"Setembro",61.01
2414,"Outubro",58.49
2414,"Novembro",41.13
2414,"Dezembro",55.92
2469,"Janeiro",14.29
2469,"Fevereiro",98.17
2469,"Março",60.07
2469,"Abril",12.43
2469,"Maio",35.05
2469,"Junho",60.67
2469,"Julho",40.81
2469,"Agosto",38.43
2469,"Setembro",96.62
2469,"Outubro",4.83
2469,"Novembro",5.85
2469,"Dezembro",53.33
6679,"Janeiro",96.91
6679,"Fevereiro",78.48
6679,"Março",79.7
6679,"Abril",28.84
6679,"Maio",78.08
6679,"Junho",28.19
6679,"Julho",97.31
6679,"Agosto",70.11
6679,"Setembro",54.78
6679,"Outubro",42.66
6679,"Novembro",95.05
6679,"Dezembro",11.08
5303,"Janeiro",94.72
5303,"Fevereiro",89.77
5303,"Março",23.57
5303,"Abril",75.92
5303,"Maio",29.83
5303,"Junho",47.65
5303,"Julho",5.09
5303,"Agosto",51.26
5303,"Setembro",15.19
5303,"Outubro",36.9
5303,"Novembro",65.12
5303,"Dezembro",13.98
8923,"Janeiro",21.38
8923,"Fevereiro",0.71
8923,"Março",55.94
8923,"Abril",20.88
8923,"Maio",37.43
8923,"Junho",6.92
8923,"Julho",37.36
8923,"Agosto",52.86
8923,"Setembro",62.18
8923,"Outubro",11.94
8923,"Novembro",14.99
8923,"Dezembro",26.91
7571,"Janeiro",83.89
7571,"Fevereiro",51.65
7571,"Março",31.7
7571,"Abril",95.94
7571,"Maio",66.33
7571,"Junho",23.61
7571,"Julho",19.48
7571,"Agosto",78.78
7571,"Setembro",64.6
7571,"Outubro",40.46
7571,"Novembro",47.22
7571,"Dezembro",56.25
2099,"Janeiro",84.67
2099,"Fevereiro",40.13
2099,"Março",47.4
2099,"Abril",50.31
2099,"Maio",40.05
2099,"Junho",58.04
2099,"Julho",59.87
2099,"Agosto",3.94
2099,"Setembro",66.82
2099,"Outubro",29.88
2099,"Novembro",97.92
2099,"Dezembro",7.79
9493,"Janeiro",66.62
9493,"Fevereiro",19.42
9493,"Março",51.64
9493,"Abril",82.63
9493,"Maio",83.36
9493,"Junho",5
9493,"Julho",7.74
9493,"Agosto",66.99
9493,"Setembro",55.31
9493,"Outubro",11.05
9493,"Novembro",49.87
9493,"Dezembro",98.74
3666,"Janeiro",84.49
3666,"Fevereiro",22.27
3666,"Março",30.57
3666,"Abril",41.07
3666,"Maio",65.45
3666,"Junho",39.13
3666,"Julho",27.41
3666,"Agosto",67.85
3666,"Setembro",89.69
3666,"Outubro",72.73
3666,"Novembro",2.62
3666,"Dezembro",21.91
9477,"Janeiro",94.68
9477,"Fevereiro",89.06
9477,"Março",50.72
9477,"Abril",21.1
9477,"Maio",56.88
9477,"Junho",94.64
9477,"Julho",3.11
9477,"Agosto",9.64
9477,"Setembro",80.54
9477,"Outubro",53.24
9477,"Novembro",53.91
9477,"Dezembro",43.99
2144,"Janeiro",43.56
2144,"Fevereiro",68.82
2144,"Março",13.77
2144,"Abril",40.05
2144,"Maio",56.61
2144,"Junho",36.87
2144,"Julho",87.3
2144,"Agosto",97.1
2144,"Setembro",26.64
2144,"Outubro",17.35
2144,"Novembro",96.07
2144,"Dezembro",70.3
8480,"Janeiro",45.2
8480,"Fevereiro",25.37
8480,"Março",90.56
8480,"Abril",87.15
8480,"Maio",70.8
8480,"Junho",99.13
8480,"Julho",32.35
8480,"Agosto",53.43
8480,"Setembro",48.53
8480,"Outubro",90.19
8480,"Novembro",77.78
8480,"Dezembro",24.5
3663,"Janeiro",3.23
3663,"Fevereiro",79.24
3663,"Março",81.94
3663,"Abril",42.56
3663,"Maio",15.58
3663,"Junho",78.93
3663,"Julho",59.92
3663,"Agosto",41.45
3663,"Setembro",90.32
3663,"Outubro",42.79
3663,"Novembro",24.02
3663,"Dezembro",26.96
3910,"Janeiro",67.45
3910,"Fevereiro",74.51
3910,"Março",66.36
3910,"Abril",6.46
3910,"Maio",55.27
3910,"Junho",12.48
3910,"Julho",39.07
3910,"Agosto",15.41
3910,"Setembro",45.38
3910,"Outubro",11.14
3910,"Novembro",6.16
3910,"Dezembro",2.63
1900,"Janeiro",74.88
1900,"Fevereiro",62.23
1900,"Março",68.05
1900,"Abril",28.89
1900,"Maio",65.12
1900,"Junho",25.19
1900,"Julho",67.18
1900,"Agosto",22.74
1900,"Setembro",15.1
1900,"Outubro",8.62
1900,"Novembro",4.49
1900,"Dezembro",90.96
7633,"Janeiro",9.91
7633,"Fevereiro",44.3
7633,"Março",68.62
7633,"Abril",39.24
7633,"Maio",0.94
7633,"Junho",36.37
7633,"Julho",57.34
7633,"Agosto",87.29
7633,"Setembro",64.86
7633,"Outubro",11.66
7633,"Novembro",14.3
7633,"Dezembro",12.62
7928,"Janeiro",88.39
7928,"Fevereiro",74.63
7928,"Março",85.75
7928,"Abril",38.57
7928,"Maio",60.45
7928,"Junho",81.15
7928,"Julho",11.62
7928,"Agosto",20.79
7928,"Setembro",91.31
7928,"Outubro",77.44
7928,"Novembro",11.9
7928,"Dezembro",83.68
4109,"Janeiro",74.67
4109,"Fevereiro",53.11
4109,"Março",98.35
4109,"Abril",66.28
4109,"Maio",94.3
4109,"Junho",88.85
4109,"Julho",69.41
4109,"Agosto",67.7
4109,"Setembro",17.88
4109,"Outubro",25.86
4109,"Novembro",80.98
4109,"Dezembro",23.38
4473,"Janeiro",77.15
4473,"Fevereiro",42.13
4473,"Março",79.61
4473,"Abril",55.25
4473,"Maio",98.98
4473,"Junho",85.47
4473,"Julho",86.56
4473,"Agosto",91.66
4473,"Setembro",14.06
4473,"Outubro",13.15
4473,"Novembro",65.32
4473,"Dezembro",52.61
8930,"Janeiro",78.21
8930,"Fevereiro",8.09
8930,"Março",33.61
8930,"Abril",67.01
8930,"Maio",1.06
8930,"Junho",37.96
8930,"Julho",63.63
8930,"Agosto",20.14
8930,"Setembro",96.39
8930,"Outubro",39.19
8930,"Novembro",57.94
8930,"Dezembro",82.47
8483,"Janeiro",45.06
8483,"Fevereiro",0.96
8483,"Março",83.88
8483,"Abril",85.44
8483,"Maio",14.14
8483,"Junho",68.88
8483,"Julho",26.42
8483,"Agosto",37.09
8483,"Setembro",30.54
8483,"Outubro",63.65
8483,"Novembro",7.91
8483,"Dezembro",60.11
9763,"Janeiro",27.78
9763,"Fevereiro",50.36
9763,"Março",89.93
9763,"Abril",73.19
9763,"Maio",82.31
9763,"Junho",51.83
9763,"Julho",12.92
9763,"Agosto",21.3
9763,"Setembro",81.96
9763,"Outubro",79.4
9763,"Novembro",62.88
9763,"Dezembro",56.41
9727,"Janeiro",82.61
9727,"Fevereiro",67.26
9727,"Março",67.96
9727,"Abril",71.32
9727,"Maio",57.83
9727,"Junho",34.66
9727,"Julho",4.69
9727,"Agosto",7.27
9727,"Setembro",55.96
9727,"Outubro",63
9727,"Novembro",2.75
9727,"Dezembro",98.07
8283,"Janeiro",59.66
8283,"Fevereiro",24.05
8283,"Março",1.74
8283,"Abril",42.94
8283,"Maio",36.3
8283,"Junho",12.55
8283,"Julho",75.7
8283,"Agosto",96.72
8283,"Setembro",86.47
8283,"Outubro",12.69
8283,"Novembro",34.54
8283,"Dezembro",14.72
8673,"Janeiro",66.63
8673,"Fevereiro",56.34
8673,"Março",83.32
8673,"Abril",90.18
8673,"Maio",33.36
8673,"Junho",9.27
8673,"Julho",89.19
8673,"Agosto",23.7
8673,"Setembro",60.42
8673,"Outubro",28.67
8673,"Novembro",64.85
8673,"Dezembro",50.61
5852,"Janeiro",84.02
5852,"Fevereiro",58.16
5852,"Março",70.51
5852,"Abril",74.78
5852,"Maio",26.11
5852,"Junho",31.72
5852,"Julho",64.6
5852,"Agosto",97.68
5852,"Setembro",96.94
5852,"Outubro",10.03
5852,"Novembro",56.59
5852,"Dezembro",44.75
7629,"Janeiro",43.53
7629,"Fevereiro",86.22
7629,"Março",38.37
7629,"Abril",22.21
7629,"Maio",1.32
7629,"Junho",21.37
7629,"Julho",29.72
7629,"Agosto",2.64
7629,"Setembro",21.4
7629,"Outubro",71.31
7629,"Novembro",97.29
7629,"Dezembro",22.95
5953,"Janeiro",39.37
5953,"Fevereiro",4.19
5953,"Março",80.86
5953,"Abril",97.03
5953,"Maio",4.02
5953,"Junho",85.98
5953,"Julho",47.78
5953,"Agosto",84.69
5953,"Setembro",3.62
5953,"Outubro",86.31
5953,"Novembro",85.22
5953,"Dezembro",8.38
2745,"Janeiro",80.75
2745,"Fevereiro",35.99
2745,"Março",70.31
2745,"Abril",52.75
2745,"Maio",11.09
2745,"Junho",87.94
2745,"Julho",33.87
2745,"Agosto",46.25
2745,"Setembro",66.2
2745,"Outubro",51.35
2745,"Novembro",60.54
2745,"Dezembro",52.46
8757,"Janeiro",2.41
8757,"Fevereiro",17.22
8757,"Março",30.08
8757,"Abril",41.03
8757,"Maio",82.84
8757,"Junho",45.19
8757,"Julho",78.14
8757,"Agosto",94.18
8757,"Setembro",75.99
8757,"Outubro",95.55
8757,"Novembro",10.4
8757,"Dezembro",71.12
1411,"Janeiro",73.97
1411,"Fevereiro",94.36
1411,"Março",68.32
1411,"Abril",45.79
1411,"Maio",44.88
1411,"Junho",41.54
1411,"Julho",0.71
1411,"Agosto",3.77
1411,"Setembro",21.05
1411,"Outubro",26.44
1411,"Novembro",28.51
1411,"Dezembro",19.64
462,"Janeiro",71.72
462,"Fevereiro",15.99
462,"Março",83.07
462,"Abril",5.68
462,"Maio",16.24
462,"Junho",68.5
462,"Julho",68.81
462,"Agosto",48.68
462,"Setembro",65.01
462,"Outubro",74.41
462,"Novembro",63.92
462,"Dezembro",40.32
499,"Janeiro",95.54
499,"Fevereiro",53.66
499,"Março",62.15
499,"Abril",82.74
499,"Maio",21.53
499,"Junho",78.7
499,"Julho",28.2
499,"Agosto",84.14
499,"Setembro",78.63
499,"Outubro",59.94
499,"Novembro",40.33
499,"Dezembro",95.4
7380,"Janeiro",97.66
7380,"Fevereiro",40
7380,"Março",6.16
7380,"Abril",32.05
7380,"Maio",62.55
7380,"Junho",40.01
7380,"Julho",83.11
7380,"Agosto",97.91
7380,"Setembro",57.85
7380,"Outubro",53.18
7380,"Novembro",10.7
7380,"Dezembro",5.59
2931,"Janeiro",91.63
2931,"Fevereiro",80.3
2931,"Março",79.73
2931,"Abril",78.49
2931,"Maio",42.52
2931,"Junho",49.36
2931,"Julho",56.31
2931,"Agosto",66.74
2931,"Setembro",81.69
2931,"Outubro",87.99
2931,"Novembro",12.06
2931,"Dezembro",87.13
2545,"Janeiro",97.58
2545,"Fevereiro",14.36
2545,"Março",91.19
2545,"Abril",58.8
2545,"Maio",59.95
2545,"Junho",32.88
2545,"Julho",90.92
2545,"Agosto",74.02
2545,"Setembro",86.41
2545,"Outubro",10.08
2545,"Novembro",30.46
2545,"Dezembro",45.88
2764,"Janeiro",6.95
2764,"Fevereiro",52.07
2764,"Março",83.71
2764,"Abril",69.04
2764,"Maio",16.66
2764,"Junho",92.24
2764,"Julho",84.65
2764,"Agosto",27.46
2764,"Setembro",81.08
2764,"Outubro",61.18
2764,"Novembro",94.8
2764,"Dezembro",24.26
6312,"Janeiro",22.56
6312,"Fevereiro",46.32
6312,"Março",28.32
6312,"Abril",49.42
6312,"Maio",33.59
6312,"Junho",16.35
6312,"Julho",13.12
6312,"Agosto",29.43
6312,"Setembro",90.39
6312,"Outubro",16.93
6312,"Novembro",8.44
6312,"Dezembro",88.74
2671,"Janeiro",28.14
2671,"Fevereiro",19.88
2671,"Março",89.26
2671,"Abril",57.72
2671,"Maio",28.07
2671,"Junho",30.23
2671,"Julho",8.21
2671,"Agosto",86.81
2671,"Setembro",58.51
2671,"Outubro",22.43
2671,"Novembro",28.48
2671,"Dezembro",62.48
5546,"Janeiro",52.85
5546,"Fevereiro",80.38
5546,"Março",93.66
5546,"Abril",54.94
5546,"Maio",2.11
5546,"Junho",12.25
5546,"Julho",46.62
5546,"Agosto",55.38
5546,"Setembro",20.34
5546,"Outubro",15.39
5546,"Novembro",83.36
5546,"Dezembro",53.41
166,"Janeiro",84.48
166,"Fevereiro",26.92
166,"Março",58.53
166,"Abril",99.25
166,"Maio",18.31
166,"Junho",89.72
166,"Julho",56.92
166,"Agosto",21.64
166,"Setembro",39.72
166,"Outubro",16.79
166,"Novembro",27.08
166,"Dezembro",31.99
7568,"Janeiro",6.22
7568,"Fevereiro",90.92
7568,"Março",93.31
7568,"Abril",93.84
7568,"Maio",20.98
7568,"Junho",14.8
7568,"Julho",1.48
7568,"Agosto",1.62
7568,"Setembro",98.12
7568,"Outubro",96.68
7568,"Novembro",35.96
7568,"Dezembro",46.99
718,"Janeiro",56.6
718,"Fevereiro",91.73
718,"Março",80.63
718,"Abril",29.69
718,"Maio",16.07
718,"Junho",30.78
718,"Julho",29.68
718,"Agosto",48.36
718,"Setembro",11.58
718,"Outubro",52.74
718,"Novembro",91.95
718,"Dezembro",61.94
5608,"Janeiro",93.13
5608,"Fevereiro",66.58
5608,"Março",15.92
5608,"Abril",4.92
5608,"Maio",69.94
5608,"Junho",90.08
5608,"Julho",90.98
5608,"Agosto",65.81
5608,"Setembro",73.17
5608,"Outubro",65.75
5608,"Novembro",60.01
5608,"Dezembro",49.1
9098,"Janeiro",12.43
9098,"Fevereiro",10.13
9098,"Março",20.02
9098,"Abril",17.33
9098,"Maio",48.79
9098,"Junho",1.19
9098,"Julho",99.1
9098,"Agosto",13.43
9098,"Setembro",32.32
9098,"Outubro",68.33
9098,"Novembro",39.13
9098,"Dezembro",89.36
4660,"Janeiro",41.39
4660,"Fevereiro",57.85
4660,"Março",13.25
4660,"Abril",92.72
4660,"Maio",23.88
4660,"Junho",54.75
4660,"Julho",18.85
4660,"Agosto",30.74
4660,"Setembro",50.81
4660,"Outubro",78.23
4660,"Novembro",61.74
4660,"Dezembro",28.74
163,"Janeiro",45.16
163,"Fevereiro",20.67
163,"Março",54.2
163,"Abril",94.55
163,"Maio",48.76
163,"Junho",10.05
163,"Julho",51.65
163,"Agosto",38.98
163,"Setembro",18.62
163,"Outubro",6.35
163,"Novembro",71.12
163,"Dezembro",23.17
105,"Janeiro",19.98
105,"Fevereiro",45.99
105,"Março",1.24
105,"Abril",20.77
105,"Maio",37.82
105,"Junho",2.61
105,"Julho",83.48
105,"Agosto",0.4
105,"Setembro",46.41
105,"Outubro",87.97
105,"Novembro",99.14
105,"Dezembro",85.22
9078,"Janeiro",95.25
9078,"Fevereiro",4.58
9078,"Março",86.36
9078,"Abril",11.11
9078,"Maio",97.54
9078,"Junho",30.6
9078,"Julho",55.74
9078,"Agosto",74.79
9078,"Setembro",90.05
9078,"Outubro",50.95
9078,"Novembro",53.2
9078,"Dezembro",63.82
4761,"Janeiro",38.39
4761,"Fevereiro",59.8
4761,"Março",28.17
4761,"Abril",85.16
4761,"Maio",76.21
4761,"Junho",72.59
4761,"Julho",94.38
4761,"Agosto",34.59
4761,"Setembro",82.01
4761,"Outubro",13.9
4761,"Novembro",11.17
4761,"Dezembro",31.16
1138,"Janeiro",10.82
1138,"Fevereiro",59.99
1138,"Março",44.55
1138,"Abril",68.67
1138,"Maio",42.03
1138,"Junho",22.29
1138,"Julho",14.84
1138,"Agosto",4.93
1138,"Setembro",30.52
1138,"Outubro",15.8
1138,"Novembro",12.26
1138,"Dezembro",79.29
8014,"Janeiro",7.55
8014,"Fevereiro",45.94
8014,"Março",18.82
8014,"Abril",11.91
8014,"Maio",34.67
8014,"Junho",51.41
8014,"Julho",43.91
8014,"Agosto",62.35
8014,"Setembro",92.14
8014,"Outubro",84.68
8014,"Novembro",58.87
8014,"Dezembro",31.21
4380,"Janeiro",73.25
4380,"Fevereiro",38.1
4380,"Março",82.42
4380,"Abril",21.1
4380,"Maio",27.91
4380,"Junho",58.57
4380,"Julho",7.1
4380,"Agosto",34.25
4380,"Setembro",56.47
4380,"Outubro",54.79
4380,"Novembro",53.41
4380,"Dezembro",50.05
2751,"Janeiro",47.85
2751,"Fevereiro",98.63
2751,"Março",44.83
2751,"Abril",22.12
2751,"Maio",3.93
2751,"Junho",17.91
2751,"Julho",69.01
2751,"Agosto",29.28
2751,"Setembro",74.24
2751,"Outubro",92
2751,"Novembro",33.25
2751,"Dezembro",68.26
8826,"Janeiro",57.15
8826,"Fevereiro",9.78
8826,"Março",68.58
8826,"Abril",70.16
8826,"Maio",85.24
8826,"Junho",83.32
8826,"Julho",38.82
8826,"Agosto",63.81
8826,"Setembro",23.03
8826,"Outubro",14.29
8826,"Novembro",3.48
8826,"Dezembro",66.21
1378,"Janeiro",50.41
1378,"Fevereiro",7.06
1378,"Março",40.29
1378,"Abril",39.27
1378,"Maio",16.64
1378,"Junho",36.34
1378,"Julho",97.49
1378,"Agosto",33.42
1378,"Setembro",40.34
1378,"Outubro",16.38
1378,"Novembro",98.13
1378,"Dezembro",38.46
928,"Janeiro",16.03
928,"Fevereiro",86.58
928,"Março",32.62
928,"Abril",58.65
928,"Maio",23.63
928,"Junho",92.04
928,"Julho",10.84
928,"Agosto",51.18
928,"Setembro",71.32
928,"Outubro",9.82
928,"Novembro",75.38
928,"Dezembro",22.51
7692,"Janeiro",98.46
7692,"Fevereiro",62.52
7692,"Março",42.74
7692,"Abril",70.25
7692,"Maio",52.06
7692,"Junho",19.27
7692,"Julho",19.86
7692,"Agosto",22.26
7692,"Setembro",2.06
7692,"Outubro",16.41
7692,"Novembro",68.07
7692,"Dezembro",51.71
8127,"Janeiro",30.44
8127,"Fevereiro",15.26
8127,"Março",9.26
8127,"Abril",27.33
8127,"Maio",46.72
8127,"Junho",85.03
8127,"Julho",94.18
8127,"Agosto",62.84
8127,"Setembro",49.73
8127,"Outubro",96.02
8127,"Novembro",76.36
8127,"Dezembro",45.4
2010,"Janeiro",45.22
2010,"Fevereiro",11.38
2010,"Março",71.27
2010,"Abril",20.61
2010,"Maio",67.37
2010,"Junho",60.28
2010,"Julho",14.56
2010,"Agosto",88.2
2010,"Setembro",37.52
2010,"Outubro",80.82
2010,"Novembro",10.89
2010,"Dezembro",65.06
5009,"Janeiro",53.73
5009,"Fevereiro",53.65
5009,"Março",50.24
5009,"Abril",19.43
5009,"Maio",87.56
5009,"Junho",83.61
5009,"Julho",75.05
5009,"Agosto",86.67
5009,"Setembro",49.18
5009,"Outubro",75.85
5009,"Novembro",15.32
5009,"Dezembro",62.52
6929,"Janeiro",72.7
6929,"Fevereiro",96.35
6929,"Março",92.05
6929,"Abril",6.18
6929,"Maio",58.75
6929,"Junho",2.66
6929,"Julho",39.68
6929,"Agosto",94.73
6929,"Setembro",99.77
6929,"Outubro",35.06
6929,"Novembro",81.55
6929,"Dezembro",48.33
57,"Janeiro",2.53
57,"Fevereiro",59.19
57,"Março",40.06
57,"Abril",59.38
57,"Maio",21.96
57,"Junho",48.5
57,"Julho",76.28
57,"Agosto",51.87
57,"Setembro",47.12
57,"Outubro",62.14
57,"Novembro",12.35
57,"Dezembro",3.5
7313,"Janeiro",3.59
7313,"Fevereiro",75.47
7313,"Março",13.18
7313,"Abril",3.74
7313,"Maio",34.36
7313,"Junho",98.89
7313,"Julho",7.85
7313,"Agosto",43.22
7313,"Setembro",12.09
7313,"Outubro",23.13
7313,"Novembro",52.5
7313,"Dezembro",56.67
967,"Janeiro",75.5
967,"Fevereiro",95.88
967,"Março",90.88
967,"Abril",39.17
967,"Maio",5.76
967,"Junho",38.39
967,"Julho",97.35
967,"Agosto",46.32
967,"Setembro",55.73
967,"Outubro",79.18
967,"Novembro",70.16
967,"Dezembro",27.41
3283,"Janeiro",96.15
3283,"Fevereiro",54.41
3283,"Março",57.67
3283,"Abril",68.9
3283,"Maio",45.08
3283,"Junho",23.88
3283,"Julho",92.47
3283,"Agosto",97.13
3283,"Setembro",21.02
3283,"Outubro",71.16
3283,"Novembro",34.48
3283,"Dezembro",65.89
7836,"Janeiro",56.45
7836,"Fevereiro",69.51
7836,"Março",32.99
7836,"Abril",54.65
7836,"Maio",44
7836,"Junho",66.28
7836,"Julho",32.14
7836,"Agosto",30.68
7836,"Setembro",62.17
7836,"Outubro",59.78
7836,"Novembro",11.16
7836,"Dezembro",93.12
7358,"Janeiro",11.85
7358,"Fevereiro",52.6
7358,"Março",85.46
7358,"Abril",24.31
7358,"Maio",93.45
7358,"Junho",43.15
7358,"Julho",23.93
7358,"Agosto",50.1
7358,"Setembro",15.77
7358,"Outubro",24.9
7358,"Novembro",9.79
7358,"Dezembro",21.47
9406,"Janeiro",47.82
9406,"Fevereiro",18.28
9406,"Março",13.31
9406,"Abril",98.05
9406,"Maio",33.96
9406,"Junho",80.82
9406,"Julho",46.72
9406,"Agosto",33.53
9406,"Setembro",3.63
9406,"Outubro",79.94
9406,"Novembro",83.13
9406,"Dezembro",63.17
2765,"Janeiro",42.55
2765,"Fevereiro",11.6
2765,"Março",46.56
2765,"Abril",70.06
2765,"Maio",15.23
2765,"Junho",19
2765,"Julho",93.17
2765,"Agosto",17.56
2765,"Setembro",85.95
2765,"Outubro",28.28
2765,"Novembro",90.46
2765,"Dezembro",54.17
5224,"Janeiro",56.45
5224,"Fevereiro",8.87
5224,"Março",46.8
5224,"Abril",48.98
5224,"Maio",14.74
5224,"Junho",87.01
5224,"Julho",15.84
5224,"Agosto",56.42
5224,"Setembro",7.35
5224,"Outubro",32.8
5224,"Novembro",1.67
5224,"Dezembro",9.53
2527,"Janeiro",28.15
2527,"Fevereiro",44.13
2527,"Março",43.09
2527,"Abril",47.61
2527,"Maio",97.2
2527,"Junho",23.19
2527,"Julho",37.41
2527,"Agosto",77.5
2527,"Setembro",68.17
2527,"Outubro",72.36
2527,"Novembro",94.54
2527,"Dezembro",38.16
9439,"Janeiro",40.35
9439,"Fevereiro",19.39
9439,"Março",73.76
9439,"Abril",66.18
9439,"Maio",85.55
9439,"Junho",78.82
9439,"Julho",80.83
9439,"Agosto",26.4
9439,"Setembro",18.55
9439,"Outubro",29.42
9439,"Novembro",74.36
9439,"Dezembro",8.63
6463,"Janeiro",85.23
6463,"Fevereiro",2.11
6463,"Março",31.46
6463,"Abril",55.97
6463,"Maio",95.37
6463,"Junho",29.58
6463,"Julho",33.26
6463,"Agosto",63.3
6463,"Setembro",94.07
6463,"Outubro",98.24
6463,"Novembro",94.27
6463,"Dezembro",94.86
3854,"Janeiro",46.32
3854,"Fevereiro",19.05
3854,"Março",22.5
3854,"Abril",50.94
3854,"Maio",42.94
3854,"Junho",70.05
3854,"Julho",20.26
3854,"Agosto",59.1
3854,"Setembro",6.45
3854,"Outubro",90.47
3854,"Novembro",67.83
3854,"Dezembro",97.39
1220,"Janeiro",64.26
1220,"Fevereiro",95.56
1220,"Março",78.65
1220,"Abril",79.76
1220,"Maio",75.08
1220,"Junho",34.61
1220,"Julho",54.82
1220,"Agosto",67.11
1220,"Setembro",57.93
1220,"Outubro",96.77
1220,"Novembro",91.97
1220,"Dezembro",53.35
766,"Janeiro",80.24
766,"Fevereiro",66.74
766,"Março",3.21
766,"Abril",28.79
766,"Maio",81.75
766,"Junho",73.03
766,"Julho",21.01
766,"Agosto",84.38
766,"Setembro",73.64
766,"Outubro",99.16
766,"Novembro",29.91
766,"Dezembro",75.04
2965,"Janeiro",1.81
2965,"Fevereiro",96
2965,"Março",50.73
2965,"Abril",2.54
2965,"Maio",73.72
2965,"Junho",20.76
2965,"Julho",34.01
2965,"Agosto",1.95
2965,"Setembro",3.71
2965,"Outubro",33.81
2965,"Novembro",26.69
2965,"Dezembro",77.55
1146,"Janeiro",1.3
1146,"Fevereiro",89.06
1146,"Março",95.36
1146,"Abril",36.16
1146,"Maio",74.46
1146,"Junho",37.25
1146,"Julho",18.99
1146,"Agosto",85.83
1146,"Setembro",94.91
1146,"Outubro",36.37
1146,"Novembro",97.57
1146,"Dezembro",9.3
9840,"Janeiro",43.27
9840,"Fevereiro",76.57
9840,"Março",21.35
9840,"Abril",86.68
9840,"Maio",41.76
9840,"Junho",5.65
9840,"Julho",25.44
9840,"Agosto",71.72
9840,"Setembro",64.07
9840,"Outubro",45.68
9840,"Novembro",73.85
9840,"Dezembro",72.74
1980,"Janeiro",85.12
1980,"Fevereiro",28.08
1980,"Março",54.76
1980,"Abril",83.23
1980,"Maio",62.74
1980,"Junho",72.94
1980,"Julho",72.82
1980,"Agosto",44.61
1980,"Setembro",12.39
1980,"Outubro",59.21
1980,"Novembro",78.27
1980,"Dezembro",96.79
662,"Janeiro",71.43
662,"Fevereiro",66.18
662,"Março",10.7
662,"Abril",14.61
662,"Maio",92
662,"Junho",3.53
662,"Julho",83.18
662,"Agosto",85.15
662,"Setembro",75.33
662,"Outubro",10.31
662,"Novembro",87.66
662,"Dezembro",41.14
2688,"Janeiro",29.21
2688,"Fevereiro",22.57
2688,"Março",77.21
2688,"Abril",44.79
2688,"Maio",78.25
2688,"Junho",24.45
2688,"Julho",32.88
2688,"Agosto",80.91
2688,"Setembro",49.67
2688,"Outubro",32.52
2688,"Novembro",97.84
2688,"Dezembro",63.04
8835,"Janeiro",18.73
8835,"Fevereiro",82.03
8835,"Março",10.66
8835,"Abril",81.98
8835,"Maio",44.49
8835,"Junho",39.62
8835,"Julho",17.97
8835,"Agosto",15.8
8835,"Setembro",91.12
8835,"Outubro",14.95
8835,"Novembro",25.18
8835,"Dezembro",60.13
5397,"Janeiro",71.49
5397,"Fevereiro",19.15
5397,"Março",72.75
5397,"Abril",12.74
5397,"Maio",24.13
5397,"Junho",11.15
5397,"Julho",47.08
5397,"Agosto",80.31
5397,"Setembro",10.89
5397,"Outubro",48.2
5397,"Novembro",42.44
5397,"Dezembro",46.43
9841,"Janeiro",41.84
9841,"Fevereiro",33.62
9841,"Março",59.86
9841,"Abril",53.36
9841,"Maio",98.24
9841,"Junho",15.63
9841,"Julho",73.66
9841,"Agosto",29.01
9841,"Setembro",85.42
9841,"Outubro",82.85
9841,"Novembro",75.22
9841,"Dezembro",85.35
6328,"Janeiro",22.8
6328,"Fevereiro",52.6
6328,"Março",56.24
6328,"Abril",93.35
6328,"Maio",97.42
6328,"Junho",36.39
6328,"Julho",75.57
6328,"Agosto",97.07
6328,"Setembro",1.54
6328,"Outubro",75.63
6328,"Novembro",72.75
6328,"Dezembro",61.87
4942,"Janeiro",4.1
4942,"Fevereiro",87.11
4942,"Março",69
4942,"Abril",74.78
4942,"Maio",75.98
4942,"Junho",53.29
4942,"Julho",99.86
4942,"Agosto",64.99
4942,"Setembro",38.23
4942,"Outubro",55.56
4942,"Novembro",99.2
4942,"Dezembro",1.18
9722,"Janeiro",45.2
9722,"Fevereiro",87.93
9722,"Março",98.91
9722,"Abril",76.93
9722,"Maio",69.41
9722,"Junho",44.42
9722,"Julho",55.94
9722,"Agosto",89
9722,"Setembro",12.24
9722,"Outubro",82.13
9722,"Novembro",73.88
9722,"Dezembro",54.91
9166,"Janeiro",47.92
9166,"Fevereiro",26.7
9166,"Março",65.77
9166,"Abril",22.5
9166,"Maio",70.25
9166,"Junho",60.73
9166,"Julho",93.75
9166,"Agosto",53.79
9166,"Setembro",71.68
9166,"Outubro",99.91
9166,"Novembro",23.44
9166,"Dezembro",6.75
2201,"Janeiro",63.71
2201,"Fevereiro",11.86
2201,"Março",95.78
2201,"Abril",59.76
2201,"Maio",1.81
2201,"Junho",12.97
2201,"Julho",56.6
2201,"Agosto",92.06
2201,"Setembro",98.15
2201,"Outubro",90.83
2201,"Novembro",5.85
2201,"Dezembro",82.36
6724,"Janeiro",23.71
6724,"Fevereiro",67.83
6724,"Março",16.72
6724,"Abril",24.78
6724,"Maio",46.47
6724,"Junho",21.74
6724,"Julho",13.57
6724,"Agosto",66.09
6724,"Setembro",15.56
6724,"Outubro",87.72
6724,"Novembro",83.97
6724,"Dezembro",50.35
3510,"Janeiro",61.08
3510,"Fevereiro",4.33
3510,"Março",56.33
3510,"Abril",15.53
3510,"Maio",60.24
3510,"Junho",87.62
3510,"Julho",46.8
3510,"Agosto",42.86
3510,"Setembro",91.71
3510,"Outubro",57.39
3510,"Novembro",87.49
3510,"Dezembro",20.53
5540,"Janeiro",20.99
5540,"Fevereiro",27.31
5540,"Março",59.64
5540,"Abril",21.5
5540,"Maio",84.43
5540,"Junho",61.04
5540,"Julho",86.97
5540,"Agosto",71.48
5540,"Setembro",73.23
5540,"Outubro",95.88
5540,"Novembro",25.58
5540,"Dezembro",56.85
7799,"Janeiro",1.51
7799,"Fevereiro",27.12
7799,"Março",70.58
7799,"Abril",42.01
7799,"Maio",97.9
7799,"Junho",35.84
7799,"Julho",61.27
7799,"Agosto",97.48
7799,"Setembro",96.07
7799,"Outubro",20.88
7799,"Novembro",42.91
7799,"Dezembro",82.89
4893,"Janeiro",31.24
4893,"Fevereiro",79.55
4893,"Março",20.83
4893,"Abril",24.09
4893,"Maio",97.38
4893,"Junho",81.73
4893,"Julho",37.77
4893,"Agosto",30.92
4893,"Setembro",12.9
4893,"Outubro",33.14
4893,"Novembro",90.93
4893,"Dezembro",45.65
6248,"Janeiro",70.29
6248,"Fevereiro",78.26
6248,"Março",43.24
6248,"Abril",69.03
6248,"Maio",89.19
6248,"Junho",29.25
6248,"Julho",46.82
6248,"Agosto",47.72
6248,"Setembro",40.77
6248,"Outubro",97.62
6248,"Novembro",63.05
6248,"Dezembro",8.17
1909,"Janeiro",33.33
1909,"Fevereiro",82.78
1909,"Março",59.35
1909,"Abril",37.49
1909,"Maio",18.71
1909,"Junho",81.54
1909,"Julho",6.63
1909,"Agosto",98.47
1909,"Setembro",61.34
1909,"Outubro",8.22
1909,"Novembro",17.92
1909,"Dezembro",19.5
3581,"Janeiro",77.8
3581,"Fevereiro",71.89
3581,"Março",35.59
3581,"Abril",92.1
3581,"Maio",45.34
3581,"Junho",46.89
3581,"Julho",6.94
3581,"Agosto",84.89
3581,"Setembro",71.14
3581,"Outubro",72.86
3581,"Novembro",65.47
3581,"Dezembro",15.51
9031,"Janeiro",59.94
9031,"Fevereiro",39.96
9031,"Março",74.37
9031,"Abril",74.29
9031,"Maio",86.7
9031,"Junho",60.37
9031,"Julho",32.6
9031,"Agosto",18.13
9031,"Setembro",15.12
9031,"Outubro",31.02
9031,"Novembro",62.9
9031,"Dezembro",68.78
2276,"Janeiro",30.78
2276,"Fevereiro",85.29
2276,"Março",40.55
2276,"Abril",52.21
2276,"Maio",64.58
2276,"Junho",73.14
2276,"Julho",21.29
2276,"Agosto",30.85
2276,"Setembro",79.52
2276,"Outubro",30.25
2276,"Novembro",54.13
2276,"Dezembro",88.36
2241,"Janeiro",63.2
2241,"Fevereiro",83.92
2241,"Março",34.32
2241,"Abril",44.08
2241,"Maio",98.35
2241,"Junho",62.15
2241,"Julho",40.62
2241,"Agosto",78.04
2241,"Setembro",88.21
2241,"Outubro",3.05
2241,"Novembro",91.48
2241,"Dezembro",88.97
9206,"Janeiro",64.42
9206,"Fevereiro",55.43
9206,"Março",60.77
9206,"Abril",13.38
9206,"Maio",34.18
9206,"Junho",25.55
9206,"Julho",4.45
9206,"Agosto",66.14
9206,"Setembro",56.25
9206,"Outubro",43.78
9206,"Novembro",42.43
9206,"Dezembro",56.94
3340,"Janeiro",53.02
3340,"Fevereiro",87.57
3340,"Março",56.33
3340,"Abril",52.11
3340,"Maio",51.63
3340,"Junho",76.9
3340,"Julho",59.82
3340,"Agosto",11.31
3340,"Setembro",32.84
3340,"Outubro",28.21
3340,"Novembro",48.09
3340,"Dezembro",92.41
9476,"Janeiro",82.11
9476,"Fevereiro",58.7
9476,"Março",7.24
9476,"Abril",29.15
9476,"Maio",43
9476,"Junho",68.35
9476,"Julho",66.77
9476,"Agosto",34.15
9476,"Setembro",71.67
9476,"Outubro",99.07
9476,"Novembro",48.05
9476,"Dezembro",79.46
7674,"Janeiro",30.2
7674,"Fevereiro",43.85
7674,"Março",51.11
7674,"Abril",67.77
7674,"Maio",15.54
7674,"Junho",16.35
7674,"Julho",49.18
7674,"Agosto",11.51
7674,"Setembro",52.42
7674,"Outubro",59.41
7674,"Novembro",47.83
7674,"Dezembro",76.09
6833,"Janeiro",57.65
6833,"Fevereiro",59.59
6833,"Março",54.77
6833,"Abril",45.08
6833,"Maio",3.46
6833,"Junho",17.39
6833,"Julho",70.46
6833,"Agosto",50.2
6833,"Setembro",52.52
6833,"Outubro",20.72
6833,"Novembro",3.42
6833,"Dezembro",18.37
7556,"Janeiro",74.33
7556,"Fevereiro",79.72
7556,"Março",4.76
7556,"Abril",33
7556,"Maio",54.4
7556,"Junho",82.46
7556,"Julho",70.23
7556,"Agosto",28.95
7556,"Setembro",27.16
7556,"Outubro",78.29
7556,"Novembro",86.69
7556,"Dezembro",16.31
1463,"Janeiro",70.13
1463,"Fevereiro",81.74
1463,"Março",20.27
1463,"Abril",86.71
1463,"Maio",50.39
1463,"Junho",53.14
1463,"Julho",85.7
1463,"Agosto",59.38
1463,"Setembro",22.63
1463,"Outubro",1.89
1463,"Novembro",28.42
1463,"Dezembro",18.23
8660,"Janeiro",68.95
8660,"Fevereiro",74.86
8660,"Março",5.47
8660,"Abril",82.53
8660,"Maio",29.85
8660,"Junho",86.82
8660,"Julho",0.67
8660,"Agosto",17.7
8660,"Setembro",42.89
8660,"Outubro",14.71
8660,"Novembro",92.14
8660,"Dezembro",77.84
9000,"Janeiro",3.38
9000,"Fevereiro",49.95
9000,"Março",24.73
9000,"Abril",82.32
9000,"Maio",70.69
9000,"Junho",14.96
9000,"Julho",86.61
9000,"Agosto",81.59
9000,"Setembro",22.74
9000,"Outubro",23.66
9000,"Novembro",17.67
9000,"Dezembro",83.89
2689,"Janeiro",99.28
2689,"Fevereiro",99.14
2689,"Março",56.78
2689,"Abril",80.58
2689,"Maio",10.33
2689,"Junho",6.65
2689,"Julho",97.73
2689,"Agosto",71.38
2689,"Setembro",76.71
2689,"Outubro",19.28
2689,"Novembro",33.58
2689,"Dezembro",41.51
9607,"Janeiro",6.89
9607,"Fevereiro",40.43
9607,"Março",80.74
9607,"Abril",1.93
9607,"Maio",80.23
9607,"Junho",29.35
9607,"Julho",18.06
9607,"Agosto",14.37
9607,"Setembro",88.67
9607,"Outubro",33.02
9607,"Novembro",51.42
9607,"Dezembro",41.51
6674,"Janeiro",42.64
6674,"Fevereiro",69.19
6674,"Março",14.05
6674,"Abril",52.64
6674,"Maio",49.68
6674,"Junho",74.93
6674,"Julho",19.43
6674,"Agosto",62.01
6674,"Setembro",97
6674,"Outubro",66.61
6674,"Novembro",69.73
6674,"Dezembro",18.65
1801,"Janeiro",46.05
1801,"Fevereiro",81.88
1801,"Março",42.97
1801,"Abril",33.17
1801,"Maio",58.89
1801,"Junho",99.28
1801,"Julho",48.66
1801,"Agosto",8.09
1801,"Setembro",2.28
1801,"Outubro",93.98
1801,"Novembro",61.39
1801,"Dezembro",94.13
2084,"Janeiro",86.16
2084,"Fevereiro",88.1
2084,"Março",86.85
2084,"Abril",89.98
2084,"Maio",6.3
2084,"Junho",86.47
2084,"Julho",26.04
2084,"Agosto",13.36
2084,"Setembro",31.22
2084,"Outubro",6.04
2084,"Novembro",79.19
2084,"Dezembro",96.99
8854,"Janeiro",76.74
8854,"Fevereiro",56.6
8854,"Março",42.91
8854,"Abril",90.37
8854,"Maio",43.96
8854,"Junho",33.8
8854,"Julho",42.43
8854,"Agosto",8.03
8854,"Setembro",7.08
8854,"Outubro",8.52
8854,"Novembro",23.96
8854,"Dezembro",1.02
4064,"Janeiro",44.49
4064,"Fevereiro",88.84
4064,"Março",44.67
4064,"Abril",16.81
4064,"Maio",82.61
4064,"Junho",9.37
4064,"Julho",15.32
4064,"Agosto",38.14
4064,"Setembro",17.06
4064,"Outubro",52.69
4064,"Novembro",99.48
4064,"Dezembro",32.28
7292,"Janeiro",38.04
7292,"Fevereiro",52.16
7292,"Março",15.98
7292,"Abril",41.51
7292,"Maio",54.29
7292,"Junho",97.52
7292,"Julho",34.78
7292,"Agosto",87.17
7292,"Setembro",0.2
7292,"Outubro",88.4
7292,"Novembro",0.45
7292,"Dezembro",24.9
9951,"Janeiro",82.46
9951,"Fevereiro",40.05
9951,"Março",34.92
9951,"Abril",86.51
9951,"Maio",75.12
9951,"Junho",50.19
9951,"Julho",4.62
9951,"Agosto",38.46
9951,"Setembro",50.7
9951,"Outubro",68.77
9951,"Novembro",21.36
9951,"Dezembro",64.98
6305,"Janeiro",63.81
6305,"Fevereiro",73.84
6305,"Março",92.82
6305,"Abril",34.7
6305,"Maio",17.12
6305,"Junho",21.34
6305,"Julho",38.82
6305,"Agosto",99
6305,"Setembro",14.2
6305,"Outubro",22.84
6305,"Novembro",62.7
6305,"Dezembro",36.27
1230,"Janeiro",91.36
1230,"Fevereiro",24.64
1230,"Março",34.13
1230,"Abril",40.32
1230,"Maio",39.99
1230,"Junho",9.96
1230,"Julho",51.32
1230,"Agosto",34.95
1230,"Setembro",40.09
1230,"Outubro",73.8
1230,"Novembro",51
1230,"Dezembro",69.88
1128,"Janeiro",65.74
1128,"Fevereiro",94.21
1128,"Março",53.29
1128,"Abril",65.84
1128,"Maio",18.48
1128,"Junho",90.53
1128,"Julho",81.48
1128,"Agosto",71.12
1128,"Setembro",81.15
1128,"Outubro",98.8
1128,"Novembro",87.76
1128,"Dezembro",69.57
3027,"Janeiro",20.19
3027,"Fevereiro",39.47
3027,"Março",40.61
3027,"Abril",61.53
3027,"Maio",5.58
3027,"Junho",97.27
3027,"Julho",62.36
3027,"Agosto",97.14
3027,"Setembro",94.53
3027,"Outubro",11.6
3027,"Novembro",65.87
3027,"Dezembro",86.2
5539,"Janeiro",19.65
5539,"Fevereiro",79.42
5539,"Março",13.96
5539,"Abril",80.48
5539,"Maio",83.55
5539,"Junho",2.48
5539,"Julho",45.29
5539,"Agosto",97.2
5539,"Setembro",5.65
5539,"Outubro",27.8
5539,"Novembro",52.88
5539,"Dezembro",93.12
5214,"Janeiro",71.95
5214,"Fevereiro",14.32
5214,"Março",64.88
5214,"Abril",2.22
5214,"Maio",42.57
5214,"Junho",61.25
5214,"Julho",88.07
5214,"Agosto",63.59
5214,"Setembro",92.03
5214,"Outubro",74.75
5214,"Novembro",63.29
5214,"Dezembro",64.63
4781,"Janeiro",67.55
4781,"Fevereiro",30.77
4781,"Março",25.6
4781,"Abril",83.97
4781,"Maio",21.85
4781,"Junho",97.23
4781,"Julho",53.1
4781,"Agosto",84.25
4781,"Setembro",98.61
4781,"Outubro",50.27
4781,"Novembro",7.2
4781,"Dezembro",19.67
827,"Janeiro",35.75
827,"Fevereiro",34.43
827,"Março",64.31
827,"Abril",14.43
827,"Maio",55.92
827,"Junho",60
827,"Julho",4.13
827,"Agosto",37.48
827,"Setembro",49.81
827,"Outubro",62.47
827,"Novembro",55.48
827,"Dezembro",77.82
4208,"Janeiro",66.97
4208,"Fevereiro",71.49
4208,"Março",7.26
4208,"Abril",25.56
4208,"Maio",76.75
4208,"Junho",35.32
4208,"Julho",40.81
4208,"Agosto",85.16
4208,"Setembro",78.47
4208,"Outubro",31.59
4208,"Novembro",60.57
4208,"Dezembro",15.1
3538,"Janeiro",78.96
3538,"Fevereiro",0.13
3538,"Março",14.14
3538,"Abril",40.76
3538,"Maio",26.07
3538,"Junho",41.95
3538,"Julho",25.76
3538,"Agosto",74.21
3538,"Setembro",80.46
3538,"Outubro",46.33
3538,"Novembro",72.33
3538,"Dezembro",95.16
8636,"Janeiro",91.08
8636,"Fevereiro",94.85
8636,"Março",11.39
8636,"Abril",8.83
8636,"Maio",68.64
8636,"Junho",5.25
8636,"Julho",19.91
8636,"Agosto",44.63
8636,"Setembro",21.68
8636,"Outubro",44.35
8636,"Novembro",97.48
8636,"Dezembro",92.85
9209,"Janeiro",96.77
9209,"Fevereiro",33.63
9209,"Março",15.67
9209,"Abril",82.92
9209,"Maio",69.72
9209,"Junho",39.25
9209,"Julho",72.24
9209,"Agosto",69.66
9209,"Setembro",99.02
9209,"Outubro",15.61
9209,"Novembro",95.29
9209,"Dezembro",62.85
5696,"Janeiro",90.69
5696,"Fevereiro",65.59
5696,"Março",32.13
5696,"Abril",35.9
5696,"Maio",98.67
5696,"Junho",62.27
5696,"Julho",22.47
5696,"Agosto",19.35
5696,"Setembro",99.38
5696,"Outubro",0.04
5696,"Novembro",85.48
5696,"Dezembro",48.15
3764,"Janeiro",4.47
3764,"Fevereiro",26.16
3764,"Março",83.72
3764,"Abril",63.05
3764,"Maio",69.53
3764,"Junho",26.2
3764,"Julho",64.09
3764,"Agosto",29.19
3764,"Setembro",69.24
3764,"Outubro",4.67
3764,"Novembro",29.29
3764,"Dezembro",81.9
5472,"Janeiro",31.17
5472,"Fevereiro",85.86
5472,"Março",61.99
5472,"Abril",51.97
5472,"Maio",75.76
5472,"Junho",37.88
5472,"Julho",95.3
5472,"Agosto",4.51
5472,"Setembro",66.97
5472,"Outubro",74.3
5472,"Novembro",62.24
5472,"Dezembro",30.3
6129,"Janeiro",10.06
6129,"Fevereiro",89.39
6129,"Março",54.54
6129,"Abril",36.64
6129,"Maio",41.81
6129,"Junho",16.39
6129,"Julho",82.33
6129,"Agosto",7.93
6129,"Setembro",7.02
6129,"Outubro",53.53
6129,"Novembro",97.48
6129,"Dezembro",49.81
8955,"Janeiro",7.46
8955,"Fevereiro",20.83
8955,"Março",1.07
8955,"Abril",64.41
8955,"Maio",83.03
8955,"Junho",90.79
8955,"Julho",5.18
8955,"Agosto",78.42
8955,"Setembro",45.52
8955,"Outubro",4.36
8955,"Novembro",95.23
8955,"Dezembro",83.07
5127,"Janeiro",99.02
5127,"Fevereiro",42.77
5127,"Março",84.44
5127,"Abril",91.78
5127,"Maio",66.62
5127,"Junho",93.5
5127,"Julho",86.58
5127,"Agosto",2.98
5127,"Setembro",14.65
5127,"Outubro",59.63
5127,"Novembro",0.21
5127,"Dezembro",96.16
7766,"Janeiro",49.63
7766,"Fevereiro",33.3
7766,"Março",64.7
7766,"Abril",35.38
7766,"Maio",89.57
7766,"Junho",68.53
7766,"Julho",57.4
7766,"Agosto",69.12
7766,"Setembro",84.78
7766,"Outubro",56.22
7766,"Novembro",90.73
7766,"Dezembro",23.39
84,"Janeiro",20.86
84,"Fevereiro",62.38
84,"Março",27.58
84,"Abril",73.65
84,"Maio",98.04
84,"Junho",60.45
84,"Julho",8.81
84,"Agosto",33.4
84,"Setembro",59.65
84,"Outubro",56.96
84,"Novembro",24.14
84,"Dezembro",35.82
7589,"Janeiro",15.14
7589,"Fevereiro",6.67
7589,"Março",16.31
7589,"Abril",24.79
7589,"Maio",12.78
7589,"Junho",53.03
7589,"Julho",93.35
7589,"Agosto",5.11
7589,"Setembro",16.51
7589,"Outubro",38.3
7589,"Novembro",27.47
7589,"Dezembro",27.43
8116,"Janeiro",90.73
8116,"Fevereiro",56.08
8116,"Março",16.93
8116,"Abril",53.55
8116,"Maio",92.61
8116,"Junho",94.28
8116,"Julho",38.81
8116,"Agosto",17.59
8116,"Setembro",27.09
8116,"Outubro",2.09
8116,"Novembro",50.4
8116,"Dezembro",85.02
5980,"Janeiro",89.38
5980,"Fevereiro",13.41
5980,"Março",54.91
5980,"Abril",32.79
5980,"Maio",73.8
5980,"Junho",76.17
5980,"Julho",97.95
5980,"Agosto",53.05
5980,"Setembro",87.05
5980,"Outubro",97.45
5980,"Novembro",98.81
5980,"Dezembro",12.95
4665,"Janeiro",97.03
4665,"Fevereiro",26.22
4665,"Março",97.45
4665,"Abril",22.47
4665,"Maio",31.28
4665,"Junho",12.04
4665,"Julho",82.89
4665,"Agosto",66.71
4665,"Setembro",69.09
4665,"Outubro",90.11
4665,"Novembro",75.26
4665,"Dezembro",0.57
6262,"Janeiro",74.87
6262,"Fevereiro",46.8
6262,"Março",77.09
6262,"Abril",99.08
6262,"Maio",85.09
6262,"Junho",66.06
6262,"Julho",65.05
6262,"Agosto",60.56
6262,"Setembro",93.36
6262,"Outubro",71.51
6262,"Novembro",45.5
6262,"Dezembro",22.8
3106,"Janeiro",78.75
3106,"Fevereiro",2.86
3106,"Março",11.99
3106,"Abril",66.87
3106,"Maio",95.37
3106,"Junho",33.34
3106,"Julho",53.46
3106,"Agosto",83.31
3106,"Setembro",9.2
3106,"Outubro",8.67
3106,"Novembro",29.19
3106,"Dezembro",32.65
7327,"Janeiro",72.43
7327,"Fevereiro",34.8
7327,"Março",84.42
7327,"Abril",25.61
7327,"Maio",6.4
7327,"Junho",53.49
7327,"Julho",69.05
7327,"Agosto",67.15
7327,"Setembro",63.17
7327,"Outubro",82.17
7327,"Novembro",60.15
7327,"Dezembro",98.64
4337,"Janeiro",2.22
4337,"Fevereiro",75.57
4337,"Março",7.03
4337,"Abril",76.74
4337,"Maio",93.39
4337,"Junho",60.43
4337,"Julho",42.13
4337,"Agosto",52.4
4337,"Setembro",62.53
4337,"Outubro",91.85
4337,"Novembro",67.25
4337,"Dezembro",86.93
1665,"Janeiro",41.45
1665,"Fevereiro",12.99
1665,"Março",22.57
1665,"Abril",45
1665,"Maio",91.04
1665,"Junho",69.79
1665,"Julho",94.57
1665,"Agosto",58.12
1665,"Setembro",56.16
1665,"Outubro",46.47
1665,"Novembro",50.35
1665,"Dezembro",57.05
514,"Janeiro",93.95
514,"Fevereiro",28.8
514,"Março",62.1
514,"Abril",60.65
514,"Maio",32.08
514,"Junho",22.76
514,"Julho",57.82
514,"Agosto",47.01
514,"Setembro",72.08
514,"Outubro",65.58
514,"Novembro",63.03
514,"Dezembro",8.14
4546,"Janeiro",52.09
4546,"Fevereiro",43.88
4546,"Março",54.29
4546,"Abril",82.58
4546,"Maio",73.7
4546,"Junho",49.54
4546,"Julho",10.3
4546,"Agosto",24.15
4546,"Setembro",19.36
4546,"Outubro",88.87
4546,"Novembro",25.63
4546,"Dezembro",28.77
9994,"Janeiro",99.01
9994,"Fevereiro",54.91
9994,"Março",69.6
9994,"Abril",50.91
9994,"Maio",13.78
9994,"Junho",99.74
9994,"Julho",0.13
9994,"Agosto",45.31
9994,"Setembro",73.76
9994,"Outubro",41.62
9994,"Novembro",44.78
9994,"Dezembro",75.71
8448,"Janeiro",7.26
8448,"Fevereiro",45.93
8448,"Março",56.93
8448,"Abril",66.15
8448,"Maio",48.94
8448,"Junho",0.7
8448,"Julho",59.42
8448,"Agosto",85.9
8448,"Setembro",0.32
8448,"Outubro",86.12
8448,"Novembro",5.65
8448,"Dezembro",47.1
3991,"Janeiro",28.91
3991,"Fevereiro",64.76
3991,"Março",53.15
3991,"Abril",94.37
3991,"Maio",0.86
3991,"Junho",20.51
3991,"Julho",92.22
3991,"Agosto",12.85
3991,"Setembro",15.35
3991,"Outubro",62.51
3991,"Novembro",40.49
3991,"Dezembro",30.29
9453,"Janeiro",4.02
9453,"Fevereiro",5.46
9453,"Março",31.92
9453,"Abril",41.71
9453,"Maio",92.76
9453,"Junho",73.81
9453,"Julho",39.95
9453,"Agosto",8.03
9453,"Setembro",24.07
9453,"Outubro",18.38
9453,"Novembro",31.88
9453,"Dezembro",34.91
9619,"Janeiro",19.41
9619,"Fevereiro",73.94
9619,"Março",94.61
9619,"Abril",10.24
9619,"Maio",15.37
9619,"Junho",59.7
9619,"Julho",94.03
9619,"Agosto",71.49
9619,"Setembro",62.97
9619,"Outubro",46.17
9619,"Novembro",23.64
9619,"Dezembro",80.5
3354,"Janeiro",68.8
3354,"Fevereiro",59.89
3354,"Março",38.79
3354,"Abril",24.7
3354,"Maio",66.49
3354,"Junho",64.39
3354,"Julho",6.16
3354,"Agosto",3.06
3354,"Setembro",39.09
3354,"Outubro",57.97
3354,"Novembro",35.83
3354,"Dezembro",11
72,"Janeiro",22.66
72,"Fevereiro",6.37
72,"Março",39.87
72,"Abril",20.97
72,"Maio",83.65
72,"Junho",22.7
72,"Julho",39.62
72,"Agosto",58.35
72,"Setembro",85.96
72,"Outubro",5.47
72,"Novembro",24.11
72,"Dezembro",52.61
2755,"Janeiro",64.52
2755,"Fevereiro",15.81
2755,"Março",31.65
2755,"Abril",95.3
2755,"Maio",68.81
2755,"Junho",93.07
2755,"Julho",41.84
2755,"Agosto",81.36
2755,"Setembro",71.43
2755,"Outubro",47.4
2755,"Novembro",43.39
2755,"Dezembro",98.81
3985,"Janeiro",36.67
3985,"Fevereiro",28.78
3985,"Março",64.14
3985,"Abril",34.76
3985,"Maio",6.65
3985,"Junho",99.07
3985,"Julho",66.45
3985,"Agosto",3.49
3985,"Setembro",6.47
3985,"Outubro",50.6
3985,"Novembro",63.54
3985,"Dezembro",67.73
990,"Janeiro",18.68
990,"Fevereiro",67.25
990,"Março",11.11
990,"Abril",45
990,"Maio",98.02
990,"Junho",55.58
990,"Julho",37.09
990,"Agosto",63.36
990,"Setembro",61.02
990,"Outubro",42.7
990,"Novembro",43.13
990,"Dezembro",57.97
1776,"Janeiro",21.51
1776,"Fevereiro",66.88
1776,"Março",72.86
1776,"Abril",10.64
1776,"Maio",27.8
1776,"Junho",7.56
1776,"Julho",25.71
1776,"Agosto",81.42
1776,"Setembro",22.46
1776,"Outubro",94.8
1776,"Novembro",11.66
1776,"Dezembro",85.83
6617,"Janeiro",6.54
6617,"Fevereiro",91.51
6617,"Março",27.74
6617,"Abril",59.83
6617,"Maio",5.62
6617,"Junho",1.01
6617,"Julho",20.56
6617,"Agosto",21.43
6617,"Setembro",0.63
6617,"Outubro",33.99
6617,"Novembro",50.86
6617,"Dezembro",49.9
316,"Janeiro",48.86
316,"Fevereiro",39.42
316,"Março",9.82
316,"Abril",76.76
316,"Maio",33.5
316,"Junho",16.33
316,"Julho",64.19
316,"Agosto",72.09
316,"Setembro",69.49
316,"Outubro",10.59
316,"Novembro",37.59
316,"Dezembro",7.94
8487,"Janeiro",48.24
8487,"Fevereiro",53.59
8487,"Março",86.22
8487,"Abril",2.84
8487,"Maio",43.1
8487,"Junho",96.93
8487,"Julho",37.81
8487,"Agosto",2.84
8487,"Setembro",74.49
8487,"Outubro",66.12
8487,"Novembro",46.38
8487,"Dezembro",6.57
8375,"Janeiro",33.74
8375,"Fevereiro",61.76
8375,"Março",85.46
8375,"Abril",42.09
8375,"Maio",46.08
8375,"Junho",29.99
8375,"Julho",60.05
8375,"Agosto",36.46
8375,"Setembro",43.4
8375,"Outubro",10.72
8375,"Novembro",41.16
8375,"Dezembro",73.1
8010,"Janeiro",43.63
8010,"Fevereiro",44.25
8010,"Março",17.22
8010,"Abril",26.27
8010,"Maio",81.03
8010,"Junho",94.13
8010,"Julho",33.61
8010,"Agosto",94.11
8010,"Setembro",74.75
8010,"Outubro",10.37
8010,"Novembro",47.95
8010,"Dezembro",80.24
1897,"Janeiro",20.95
1897,"Fevereiro",79.96
1897,"Março",13.97
1897,"Abril",0.19
1897,"Maio",28.57
1897,"Junho",69.17
1897,"Julho",36.44
1897,"Agosto",18.49
1897,"Setembro",55.92
1897,"Outubro",40.96
1897,"Novembro",59.05
1897,"Dezembro",23.98
3842,"Janeiro",66.72
3842,"Fevereiro",98.65
3842,"Março",60.85
3842,"Abril",29.54
3842,"Maio",57.03
3842,"Junho",23.54
3842,"Julho",75.35
3842,"Agosto",24.29
3842,"Setembro",7.69
3842,"Outubro",15.2
3842,"Novembro",44.68
3842,"Dezembro",77.72
3479,"Janeiro",9.53
3479,"Fevereiro",93.22
3479,"Março",68.95
3479,"Abril",52.86
3479,"Maio",33.38
3479,"Junho",2.63
3479,"Julho",98.89
3479,"Agosto",96.16
3479,"Setembro",40.94
3479,"Outubro",89.99
3479,"Novembro",55.36
3479,"Dezembro",88.88
4285,"Janeiro",32.31
4285,"Fevereiro",68.24
4285,"Março",78.81
4285,"Abril",19.15
4285,"Maio",55.4
4285,"Junho",56.5
4285,"Julho",45.76
4285,"Agosto",5.25
4285,"Setembro",0.66
4285,"Outubro",66.19
4285,"Novembro",91.94
4285,"Dezembro",32.29
8571,"Janeiro",90.18
8571,"Fevereiro",78.65
8571,"Março",77.99
8571,"Abril",18.45
8571,"Maio",99.13
8571,"Junho",11.41
8571,"Julho",6.4
8571,"Agosto",87.82
8571,"Setembro",0.14
8571,"Outubro",74.79
8571,"Novembro",2.42
8571,"Dezembro",71.12
4333,"Janeiro",47.91
4333,"Fevereiro",78.64
4333,"Março",86.95
4333,"Abril",8.08
4333,"Maio",18.56
4333,"Junho",17.86
4333,"Julho",98.43
4333,"Agosto",88.96
4333,"Setembro",92.06
4333,"Outubro",85.54
4333,"Novembro",31.15
4333,"Dezembro",77.74
4101,"Janeiro",62.09
4101,"Fevereiro",18.15
4101,"Março",28.36
4101,"Abril",89
4101,"Maio",50.32
4101,"Junho",98.9
4101,"Julho",6.45
4101,"Agosto",64.29
4101,"Setembro",96.55
4101,"Outubro",19.28
4101,"Novembro",91.47
4101,"Dezembro",21.68
3793,"Janeiro",38.31
3793,"Fevereiro",13.76
3793,"Março",68.71
3793,"Abril",60.67
3793,"Maio",94.93
3793,"Junho",57.15
3793,"Julho",80.1
3793,"Agosto",67.35
3793,"Setembro",23.73
3793,"Outubro",62.49
3793,"Novembro",83.06
3793,"Dezembro",64.79
5655,"Janeiro",53.06
5655,"Fevereiro",72.39
5655,"Março",9.69
5655,"Abril",4.32
5655,"Maio",24.05
5655,"Junho",0.34
5655,"Julho",0.58
5655,"Agosto",0.49
5655,"Setembro",19.14
5655,"Outubro",52.46
5655,"Novembro",59.04
5655,"Dezembro",91.33
3564,"Janeiro",86.68
3564,"Fevereiro",6.66
3564,"Março",67.39
3564,"Abril",16.42
3564,"Maio",82.75
3564,"Junho",67.88
3564,"Julho",57.7
3564,"Agosto",73.94
3564,"Setembro",91.63
3564,"Outubro",26.14
3564,"Novembro",75.25
3564,"Dezembro",8.67
5517,"Janeiro",18.99
5517,"Fevereiro",36.11
5517,"Março",12.3
5517,"Abril",77.6
5517,"Maio",6.63
5517,"Junho",86.01
5517,"Julho",17.28
5517,"Agosto",59.11
5517,"Setembro",26.1
5517,"Outubro",41.79
5517,"Novembro",64.78
5517,"Dezembro",27.3
1855,"Janeiro",28
1855,"Fevereiro",98.13
1855,"Março",81.78
1855,"Abril",61.47
1855,"Maio",60.8
1855,"Junho",1.26
1855,"Julho",89.38
1855,"Agosto",3.98
1855,"Setembro",25.65
1855,"Outubro",45.46
1855,"Novembro",56.26
1855,"Dezembro",77.13
909,"Janeiro",88.51
909,"Fevereiro",11.72
909,"Março",9.34
909,"Abril",60.61
909,"Maio",52.37
909,"Junho",26.78
909,"Julho",24.33
909,"Agosto",25.98
909,"Setembro",86.89
909,"Outubro",11.19
909,"Novembro",41.68
909,"Dezembro",10.87
5047,"Janeiro",59.46
5047,"Fevereiro",18.9
5047,"Março",11.88
5047,"Abril",49.71
5047,"Maio",99.52
5047,"Junho",21.39
5047,"Julho",25.82
5047,"Agosto",29.93
5047,"Setembro",8.47
5047,"Outubro",8.26
5047,"Novembro",63.79
5047,"Dezembro",39.39
5254,"Janeiro",92.53
5254,"Fevereiro",32.12
5254,"Março",35.92
5254,"Abril",9.44
5254,"Maio",94.22
5254,"Junho",32.88
5254,"Julho",30.54
5254,"Agosto",86.33
5254,"Setembro",58.6
5254,"Outubro",26.43
5254,"Novembro",38.16
5254,"Dezembro",68.23
8220,"Janeiro",21.51
8220,"Fevereiro",79.94
8220,"Março",47.73
8220,"Abril",7.46
8220,"Maio",42.67
8220,"Junho",78.38
8220,"Julho",54.97
8220,"Agosto",57.34
8220,"Setembro",5.13
8220,"Outubro",61.27
8220,"Novembro",57.46
8220,"Dezembro",74.33
8508,"Janeiro",43.02
8508,"Fevereiro",11.65
8508,"Março",74.9
8508,"Abril",90.71
8508,"Maio",72.11
8508,"Junho",51.31
8508,"Julho",7.84
8508,"Agosto",10.54
8508,"Setembro",32.02
8508,"Outubro",40.52
8508,"Novembro",99.66
8508,"Dezembro",28.34
6181,"Janeiro",26.13
6181,"Fevereiro",50.68
6181,"Março",64.14
6181,"Abril",72.05
6181,"Maio",53
6181,"Junho",25.82
6181,"Julho",65.83
6181,"Agosto",62.16
6181,"Setembro",51.84
6181,"Outubro",23.65
6181,"Novembro",61.46
6181,"Dezembro",46.44
5881,"Janeiro",96.37
5881,"Fevereiro",57.52
5881,"Março",48.99
5881,"Abril",28.69
5881,"Maio",65.86
5881,"Junho",62.61
5881,"Julho",90.84
5881,"Agosto",86.5
5881,"Setembro",86.75
5881,"Outubro",60.79
5881,"Novembro",27.88
5881,"Dezembro",73.26
4460,"Janeiro",47.63
4460,"Fevereiro",91.68
4460,"Março",45.83
4460,"Abril",61.01
4460,"Maio",86.55
4460,"Junho",20.65
4460,"Julho",84.57
4460,"Agosto",80.55
4460,"Setembro",70.77
4460,"Outubro",77.97
4460,"Novembro",93.73
4460,"Dezembro",81.8
6337,"Janeiro",86.99
6337,"Fevereiro",70.2
6337,"Março",47.44
6337,"Abril",40.91
6337,"Maio",86.07
6337,"Junho",11.74
6337,"Julho",41.84
6337,"Agosto",49.88
6337,"Setembro",66
6337,"Outubro",58.18
6337,"Novembro",80.71
6337,"Dezembro",41.74
1572,"Janeiro",34.34
1572,"Fevereiro",3.86
1572,"Março",15.49
1572,"Abril",83.18
1572,"Maio",72.08
1572,"Junho",32.44
1572,"Julho",60.24
1572,"Agosto",86.73
1572,"Setembro",87.65
1572,"Outubro",81.76
1572,"Novembro",82.14
1572,"Dezembro",42.28
6046,"Janeiro",10.74
6046,"Fevereiro",77.84
6046,"Março",35.98
6046,"Abril",92.41
6046,"Maio",10.65
6046,"Junho",62.21
6046,"Julho",86.59
6046,"Agosto",13.69
6046,"Setembro",41.34
6046,"Outubro",23.54
6046,"Novembro",89.9
6046,"Dezembro",53.89
2380,"Janeiro",54.8
2380,"Fevereiro",99.05
2380,"Março",51.44
2380,"Abril",41.39
2380,"Maio",0.39
2380,"Junho",66.24
2380,"Julho",70.73
2380,"Agosto",50.5
2380,"Setembro",27
2380,"Outubro",22.95
2380,"Novembro",94.46
2380,"Dezembro",97.09
4036,"Janeiro",7.24
4036,"Fevereiro",28.65
4036,"Março",76.11
4036,"Abril",8.77
4036,"Maio",93.08
4036,"Junho",45.98
4036,"Julho",76.32
4036,"Agosto",93.65
4036,"Setembro",17.58
4036,"Outubro",37.94
4036,"Novembro",88.25
4036,"Dezembro",28.88
7607,"Janeiro",57.35
7607,"Fevereiro",93.75
7607,"Março",5.4
7607,"Abril",21.02
7607,"Maio",73.24
7607,"Junho",31.38
7607,"Julho",59.45
7607,"Agosto",45.05
7607,"Setembro",41.56
7607,"Outubro",8.86
7607,"Novembro",17.11
7607,"Dezembro",47.75
5969,"Janeiro",50.43
5969,"Fevereiro",50.3
5969,"Março",99.66
5969,"Abril",98.72
5969,"Maio",38.52
5969,"Junho",27.46
5969,"Julho",95.28
5969,"Agosto",43.1
5969,"Setembro",55.66
5969,"Outubro",23.7
5969,"Novembro",27.74
5969,"Dezembro",97.03
9631,"Janeiro",82.27
9631,"Fevereiro",97.22
9631,"Março",12.59
9631,"Abril",78
9631,"Maio",62.54
9631,"Junho",52.63
9631,"Julho",73.98
9631,"Agosto",38.27
9631,"Setembro",4.82
9631,"Outubro",35.52
9631,"Novembro",7.27
9631,"Dezembro",0.31
1834,"Janeiro",2.39
1834,"Fevereiro",14
1834,"Março",99.16
1834,"Abril",87.02
1834,"Maio",55.99
1834,"Junho",77.98
1834,"Julho",23.77
1834,"Agosto",71.75
1834,"Setembro",31.61
1834,"Outubro",94.42
1834,"Novembro",36.82
1834,"Dezembro",43.45
1131,"Janeiro",86.9
1131,"Fevereiro",89.74
1131,"Março",2.03
1131,"Abril",71.71
1131,"Maio",62.59
1131,"Junho",56.69
1131,"Julho",91.55
1131,"Agosto",19.44
1131,"Setembro",15.61
1131,"Outubro",26.66
1131,"Novembro",30.52
1131,"Dezembro",67.54
8334,"Janeiro",25.6
8334,"Fevereiro",64.67
8334,"Março",73.93
8334,"Abril",84.63
8334,"Maio",90.86
8334,"Junho",99.64
8334,"Julho",64.99
8334,"Agosto",69.72
8334,"Setembro",95.14
8334,"Outubro",78.43
8334,"Novembro",81.64
8334,"Dezembro",66.35
7281,"Janeiro",27.01
7281,"Fevereiro",66.64
7281,"Março",83.96
7281,"Abril",8.88
7281,"Maio",78.6
7281,"Junho",38.16
7281,"Julho",95.65
7281,"Agosto",2.5
7281,"Setembro",92.68
7281,"Outubro",38.44
7281,"Novembro",50.32
7281,"Dezembro",49.16
7329,"Janeiro",5.36
7329,"Fevereiro",78.3
7329,"Março",73.13
7329,"Abril",4.69
7329,"Maio",45.07
7329,"Junho",69.16
7329,"Julho",5.73
7329,"Agosto",44.72
7329,"Setembro",30.23
7329,"Outubro",10.22
7329,"Novembro",72.73
7329,"Dezembro",59.26
1932,"Janeiro",38.42
1932,"Fevereiro",19.64
1932,"Março",80.51
1932,"Abril",54.1
1932,"Maio",26.5
1932,"Junho",32.32
1932,"Julho",92.22
1932,"Agosto",95.2
1932,"Setembro",9.73
1932,"Outubro",74.44
1932,"Novembro",36.52
1932,"Dezembro",20.47
3681,"Janeiro",67.03
3681,"Fevereiro",57.43
3681,"Março",78.52
3681,"Abril",38.35
3681,"Maio",55.02
3681,"Junho",53.92
3681,"Julho",94.04
3681,"Agosto",42.12
3681,"Setembro",75.35
3681,"Outubro",26.98
3681,"Novembro",2.18
3681,"Dezembro",18.74
7338,"Janeiro",77.98
7338,"Fevereiro",58.92
7338,"Março",29.55
7338,"Abril",79.64
7338,"Maio",42.14
7338,"Junho",45.5
7338,"Julho",93.61
7338,"Agosto",79.04
7338,"Setembro",74.25
7338,"Outubro",99.02
7338,"Novembro",17.15
7338,"Dezembro",33.23
4952,"Janeiro",50.03
4952,"Fevereiro",89.43
4952,"Março",77.32
4952,"Abril",14.05
4952,"Maio",44.8
4952,"Junho",54.7
4952,"Julho",93.61
4952,"Agosto",63.66
4952,"Setembro",99.79
4952,"Outubro",34
4952,"Novembro",33.6
4952,"Dezembro",81.91
7779,"Janeiro",2.79
7779,"Fevereiro",66.14
7779,"Março",42.33
7779,"Abril",28.21
7779,"Maio",48.56
7779,"Junho",30.41
7779,"Julho",22.1
7779,"Agosto",41.92
7779,"Setembro",93.34
7779,"Outubro",27.92
7779,"Novembro",74
7779,"Dezembro",98.15
3943,"Janeiro",47.37
3943,"Fevereiro",47.44
3943,"Março",29.07
3943,"Abril",12.68
3943,"Maio",51.41
3943,"Junho",15.78
3943,"Julho",93.27
3943,"Agosto",69.4
3943,"Setembro",88.04
3943,"Outubro",70.33
3943,"Novembro",99.76
3943,"Dezembro",69.89
7127,"Janeiro",61.45
7127,"Fevereiro",43.63
7127,"Março",22.74
7127,"Abril",72.14
7127,"Maio",54.3
7127,"Junho",2.18
7127,"Julho",25.3
7127,"Agosto",24.69
7127,"Setembro",71.43
7127,"Outubro",62.38
7127,"Novembro",71.08
7127,"Dezembro",38.13
533,"Janeiro",15.2
533,"Fevereiro",34.92
533,"Março",85.42
533,"Abril",47.62
533,"Maio",82.85
533,"Junho",90.34
533,"Julho",62.39
533,"Agosto",31.64
533,"Setembro",47.78
533,"Outubro",89.53
533,"Novembro",44.36
533,"Dezembro",77.15
6283,"Janeiro",79.38
6283,"Fevereiro",5.26
6283,"Março",10.54
6283,"Abril",45.74
6283,"Maio",90.47
6283,"Junho",34
6283,"Julho",84.39
6283,"Agosto",67.14
6283,"Setembro",27.28
6283,"Outubro",31.1
6283,"Novembro",9.29
6283,"Dezembro",3.4
5892,"Janeiro",26.11
5892,"Fevereiro",73.23
5892,"Março",25.37
5892,"Abril",58.12
5892,"Maio",72.18
5892,"Junho",89.08
5892,"Julho",39.94
5892,"Agosto",32.56
5892,"Setembro",35.53
5892,"Outubro",66.42
5892,"Novembro",82.05
5892,"Dezembro",64.26
4737,"Janeiro",8.53
4737,"Fevereiro",10.44
4737,"Março",96.67
4737,"Abril",21.82
4737,"Maio",15.77
4737,"Junho",27.43
4737,"Julho",60.83
4737,"Agosto",44.27
4737,"Setembro",32.48
4737,"Outubro",25.83
4737,"Novembro",77.64
4737,"Dezembro",22.24
4301,"Janeiro",92.3
4301,"Fevereiro",29.78
4301,"Março",13.23
4301,"Abril",5.05
4301,"Maio",40.64
4301,"Junho",68.64
4301,"Julho",65.89
4301,"Agosto",84.44
4301,"Setembro",32.74
4301,"Outubro",79.43
4301,"Novembro",34.33
4301,"Dezembro",99.77
788,"Janeiro",8.91
788,"Fevereiro",90.26
788,"Março",84.18
788,"Abril",37.71
788,"Maio",68.8
788,"Junho",54.52
788,"Julho",39.44
788,"Agosto",50.25
788,"Setembro",68.1
788,"Outubro",17.57
788,"Novembro",59.37
788,"Dezembro",20.07
8821,"Janeiro",80.91
8821,"Fevereiro",61.7
8821,"Março",45.97
8821,"Abril",23.57
8821,"Maio",20.94
8821,"Junho",13.63
8821,"Julho",58.01
8821,"Agosto",30.08
8821,"Setembro",65.13
8821,"Outubro",6.3
8821,"Novembro",23.86
8821,"Dezembro",46.06
3037,"Janeiro",89.96
3037,"Fevereiro",50.7
3037,"Março",99.48
3037,"Abril",6.05
3037,"Maio",69.5
3037,"Junho",40.5
3037,"Julho",49.25
3037,"Agosto",47.26
3037,"Setembro",30.75
3037,"Outubro",96.62
3037,"Novembro",59.49
3037,"Dezembro",26.78
2605,"Janeiro",14.8
2605,"Fevereiro",56.31
2605,"Março",97.82
2605,"Abril",9.15
2605,"Maio",23.1
2605,"Junho",74.52
2605,"Julho",16.46
2605,"Agosto",38.96
2605,"Setembro",18.52
2605,"Outubro",36.38
2605,"Novembro",42.87
2605,"Dezembro",68.67
1346,"Janeiro",86.83
1346,"Fevereiro",23.4
1346,"Março",52.96
1346,"Abril",30.88
1346,"Maio",34.86
1346,"Junho",59.74
1346,"Julho",22.94
1346,"Agosto",10.82
1346,"Setembro",3.42
1346,"Outubro",31.65
1346,"Novembro",10.54
1346,"Dezembro",59.76
8813,"Janeiro",2.79
8813,"Fevereiro",78.47
8813,"Março",28.44
8813,"Abril",43.07
8813,"Maio",9.77
8813,"Junho",92.23
8813,"Julho",40.1
8813,"Agosto",99.79
8813,"Setembro",59.57
8813,"Outubro",10.63
8813,"Novembro",20.79
8813,"Dezembro",82.69
685,"Janeiro",45.09
685,"Fevereiro",61.65
685,"Março",63.02
685,"Abril",1.68
685,"Maio",72.36
685,"Junho",62.33
685,"Julho",0.21
685,"Agosto",83.59
685,"Setembro",45.32
685,"Outubro",57.75
685,"Novembro",65.62
685,"Dezembro",87.72
8418,"Janeiro",76.87
8418,"Fevereiro",49.04
8418,"Março",73.62
8418,"Abril",83.62
8418,"Maio",90.15
8418,"Junho",0.12
8418,"Julho",92.64
8418,"Agosto",26.18
8418,"Setembro",95.62
8418,"Outubro",81.72
8418,"Novembro",28.32
8418,"Dezembro",7.33
5950,"Janeiro",46.26
5950,"Fevereiro",85.82
5950,"Março",46.84
5950,"Abril",57.62
5950,"Maio",66.44
5950,"Junho",57.62
5950,"Julho",58.27
5950,"Agosto",18.04
5950,"Setembro",69.85
5950,"Outubro",97.98
5950,"Novembro",83.64
5950,"Dezembro",21
2322,"Janeiro",16.3
2322,"Fevereiro",24.4
2322,"Março",70.57
2322,"Abril",98.05
2322,"Maio",36.08
2322,"Junho",30.88
2322,"Julho",82.69
2322,"Agosto",36.26
2322,"Setembro",29.82
2322,"Outubro",12.1
2322,"Novembro",93.07
2322,"Dezembro",55.82
8993,"Janeiro",95.22
8993,"Fevereiro",74.63
8993,"Março",28.83
8993,"Abril",51.05
8993,"Maio",52.4
8993,"Junho",44.34
8993,"Julho",77.14
8993,"Agosto",72.11
8993,"Setembro",20.23
8993,"Outubro",22.02
8993,"Novembro",72.71
8993,"Dezembro",46.89
7297,"Janeiro",21.25
7297,"Fevereiro",62.4
7297,"Março",70.94
7297,"Abril",85.37
7297,"Maio",21.09
7297,"Junho",99.7
7297,"Julho",86.71
7297,"Agosto",81.25
7297,"Setembro",14.95
7297,"Outubro",54.71
7297,"Novembro",55.44
7297,"Dezembro",95.46
9288,"Janeiro",15.53
9288,"Fevereiro",3.36
9288,"Março",54.65
9288,"Abril",14.97
9288,"Maio",42.66
9288,"Junho",48.63
9288,"Julho",35.9
9288,"Agosto",14.19
9288,"Setembro",47.71
9288,"Outubro",54.34
9288,"Novembro",76.28
9288,"Dezembro",28.49
2675,"Janeiro",9.9
2675,"Fevereiro",74.8
2675,"Março",13.89
2675,"Abril",24.34
2675,"Maio",3.2
2675,"Junho",71.16
2675,"Julho",58.63
2675,"Agosto",56.9
2675,"Setembro",28.55
2675,"Outubro",62.55
2675,"Novembro",92.27
2675,"Dezembro",85.14
5161,"Janeiro",63.77
5161,"Fevereiro",63.86
5161,"Março",62.57
5161,"Abril",22.18
5161,"Maio",51.68
5161,"Junho",81.22
5161,"Julho",2
5161,"Agosto",58.1
5161,"Setembro",96.62
5161,"Outubro",10.83
5161,"Novembro",36.09
5161,"Dezembro",76.55
3178,"Janeiro",32.9
3178,"Fevereiro",44.1
3178,"Março",68.83
3178,"Abril",86.34
3178,"Maio",24.3
3178,"Junho",0.15
3178,"Julho",73.86
3178,"Agosto",99.09
3178,"Setembro",69.17
3178,"Outubro",10.1
3178,"Novembro",68.29
3178,"Dezembro",27.74
1920,"Janeiro",69.14
1920,"Fevereiro",62.15
1920,"Março",1.96
1920,"Abril",42.75
1920,"Maio",67.83
1920,"Junho",74.02
1920,"Julho",39.41
1920,"Agosto",88.9
1920,"Setembro",20.37
1920,"Outubro",78.24
1920,"Novembro",60.51
1920,"Dezembro",37.91
1421,"Janeiro",1.54
1421,"Fevereiro",97.2
1421,"Março",94.12
1421,"Abril",93.86
1421,"Maio",43.41
1421,"Junho",60.7
1421,"Julho",60.39
1421,"Agosto",77.35
1421,"Setembro",42.87
1421,"Outubro",17.44
1421,"Novembro",78.2
1421,"Dezembro",77.93
9610,"Janeiro",93.95
9610,"Fevereiro",37.89
9610,"Março",58.83
9610,"Abril",7.78
9610,"Maio",65.67
9610,"Junho",94.42
9610,"Julho",5.71
9610,"Agosto",20.8
9610,"Setembro",64.19
9610,"Outubro",89.33
9610,"Novembro",45.98
9610,"Dezembro",31.36
189,"Janeiro",70.78
189,"Fevereiro",54.3
189,"Março",75.48
189,"Abril",44.71
189,"Maio",98.55
189,"Junho",71.64
189,"Julho",79.02
189,"Agosto",36.05
189,"Setembro",1.39
189,"Outubro",44.74
189,"Novembro",31.96
189,"Dezembro",33.93
8031,"Janeiro",24.4
8031,"Fevereiro",21.64
8031,"Março",28.18
8031,"Abril",18.11
8031,"Maio",97.67
8031,"Junho",32.15
8031,"Julho",75.19
8031,"Agosto",31.28
8031,"Setembro",9.37
8031,"Outubro",85.54
8031,"Novembro",42.95
8031,"Dezembro",3.69
4919,"Janeiro",42.76
4919,"Fevereiro",83.8
4919,"Março",90.82
4919,"Abril",99.65
4919,"Maio",13.13
4919,"Junho",14.91
4919,"Julho",85.47
4919,"Agosto",23.15
4919,"Setembro",52.11
4919,"Outubro",51.17
4919,"Novembro",2.83
4919,"Dezembro",93.98
2404,"Janeiro",50.08
2404,"Fevereiro",79.56
2404,"Março",26.55
2404,"Abril",44.44
2404,"Maio",70.84
2404,"Junho",88.74
2404,"Julho",45.48
2404,"Agosto",8.92
2404,"Setembro",63.75
2404,"Outubro",6.72
2404,"Novembro",67.72
2404,"Dezembro",6.5
7441,"Janeiro",2.65
7441,"Fevereiro",35.34
7441,"Março",44.06
7441,"Abril",27.77
7441,"Maio",78.76
7441,"Junho",54.6
7441,"Julho",56.11
7441,"Agosto",26.21
7441,"Setembro",94.41
7441,"Outubro",14.83
7441,"Novembro",38.06
7441,"Dezembro",41.56
7321,"Janeiro",61.9
7321,"Fevereiro",57.4
7321,"Março",68.31
7321,"Abril",90.32
7321,"Maio",7.93
7321,"Junho",19.15
7321,"Julho",75.92
7321,"Agosto",49.38
7321,"Setembro",80.01
7321,"Outubro",20.35
7321,"Novembro",22.2
7321,"Dezembro",88.05
2652,"Janeiro",53.21
2652,"Fevereiro",59.85
2652,"Março",49.51
2652,"Abril",80.88
2652,"Maio",61.1
2652,"Junho",62.39
2652,"Julho",85.92
2652,"Agosto",22.48
2652,"Setembro",31.72
2652,"Outubro",44.22
2652,"Novembro",17.13
2652,"Dezembro",75.35
7927,"Janeiro",50.27
7927,"Fevereiro",12.22
7927,"Março",81.12
7927,"Abril",42.05
7927,"Maio",21.96
7927,"Junho",56.25
7927,"Julho",31.84
7927,"Agosto",53.25
7927,"Setembro",8.94
7927,"Outubro",32.42
7927,"Novembro",67.24
7927,"Dezembro",63.16
5246,"Janeiro",86.61
5246,"Fevereiro",60.51
5246,"Março",2.98
5246,"Abril",99.44
5246,"Maio",96
5246,"Junho",55.39
5246,"Julho",49.08
5246,"Agosto",77.87
5246,"Setembro",90.21
5246,"Outubro",51.47
5246,"Novembro",29.35
5246,"Dezembro",53.16
7014,"Janeiro",58.09
7014,"Fevereiro",58.5
7014,"Março",58.54
7014,"Abril",6.07
7014,"Maio",17.78
7014,"Junho",26.5
7014,"Julho",90.3
7014,"Agosto",37.31
7014,"Setembro",0.37
7014,"Outubro",49.82
7014,"Novembro",99.59
7014,"Dezembro",98
1435,"Janeiro",55.39
1435,"Fevereiro",77.14
1435,"Março",33.45
1435,"Abril",15.51
1435,"Maio",47.22
1435,"Junho",76.78
1435,"Julho",64.03
1435,"Agosto",81.59
1435,"Setembro",53.14
1435,"Outubro",55.51
1435,"Novembro",58.65
1435,"Dezembro",93.05
89,"Janeiro",21.88
89,"Fevereiro",15.65
89,"Março",39.73
89,"Abril",62.45
89,"Maio",14.23
89,"Junho",54.46
89,"Julho",81.73
89,"Agosto",6.96
89,"Setembro",58.8
89,"Outubro",51.45
89,"Novembro",22.67
89,"Dezembro",84.61
602,"Janeiro",10.87
602,"Fevereiro",30.58
602,"Março",26.24
602,"Abril",48.56
602,"Maio",98.27
602,"Junho",83.18
602,"Julho",63.62
602,"Agosto",91.67
602,"Setembro",64.43
602,"Outubro",99.33
602,"Novembro",34.14
602,"Dezembro",26.43
16,"Janeiro",32.13
16,"Fevereiro",68.08
16,"Março",60.69
16,"Abril",86.26
16,"Maio",60.53
16,"Junho",27.27
16,"Julho",37.93
16,"Agosto",94.5
16,"Setembro",81.81
16,"Outubro",82.6
16,"Novembro",14.86
16,"Dezembro",93.13
6759,"Janeiro",37.68
6759,"Fevereiro",40.04
6759,"Março",83
6759,"Abril",80.18
6759,"Maio",70.98
6759,"Junho",2.32
6759,"Julho",35.04
6759,"Agosto",14.72
6759,"Setembro",50.55
6759,"Outubro",0.8
6759,"Novembro",62.64
6759,"Dezembro",10.95
3899,"Janeiro",68
3899,"Fevereiro",86.32
3899,"Março",51.45
3899,"Abril",89.81
3899,"Maio",58.23
3899,"Junho",99.59
3899,"Julho",73.02
3899,"Agosto",94.99
3899,"Setembro",90.53
3899,"Outubro",70.99
3899,"Novembro",34.83
3899,"Dezembro",89.62
2132,"Janeiro",96.58
2132,"Fevereiro",55.3
2132,"Março",1.63
2132,"Abril",51.16
2132,"Maio",85.71
2132,"Junho",84.49
2132,"Julho",48.18
2132,"Agosto",42.68
2132,"Setembro",40.14
2132,"Outubro",22.54
2132,"Novembro",91.62
2132,"Dezembro",98.97
1755,"Janeiro",68.4
1755,"Fevereiro",84.81
1755,"Março",13.49
1755,"Abril",17.06
1755,"Maio",53.08
1755,"Junho",16.62
1755,"Julho",55.84
1755,"Agosto",82.11
1755,"Setembro",8.14
1755,"Outubro",13.16
1755,"Novembro",26.57
1755,"Dezembro",62.74
6993,"Janeiro",19.02
6993,"Fevereiro",82.14
6993,"Março",53.46
6993,"Abril",21.16
6993,"Maio",2.02
6993,"Junho",79.72
6993,"Julho",15.86
6993,"Agosto",17.75
6993,"Setembro",12.57
6993,"Outubro",20.48
6993,"Novembro",28.16
6993,"Dezembro",64.91
8848,"Janeiro",11.34
8848,"Fevereiro",61.7
8848,"Março",83.37
8848,"Abril",27.25
8848,"Maio",70.35
8848,"Junho",88.83
8848,"Julho",51.32
8848,"Agosto",3.96
8848,"Setembro",57.27
8848,"Outubro",6.89
8848,"Novembro",34.44
8848,"Dezembro",30.66
2658,"Janeiro",90.51
2658,"Fevereiro",33.24
2658,"Março",73.08
2658,"Abril",24.49
2658,"Maio",37.39
2658,"Junho",86.46
2658,"Julho",63.71
2658,"Agosto",57.02
2658,"Setembro",4.9
2658,"Outubro",63.26
2658,"Novembro",58.57
2658,"Dezembro",20.11
4107,"Janeiro",52.66
4107,"Fevereiro",52.65
4107,"Março",18.97
4107,"Abril",22.89
4107,"Maio",54.07
4107,"Junho",88.47
4107,"Julho",70.65
4107,"Agosto",51.27
4107,"Setembro",34.09
4107,"Outubro",79.7
4107,"Novembro",79.34
4107,"Dezembro",89.69
517,"Janeiro",25.99
517,"Fevereiro",82.66
517,"Março",0.58
517,"Abril",58.01
517,"Maio",99.06
517,"Junho",18.88
517,"Julho",81.97
517,"Agosto",50.64
517,"Setembro",97.89
517,"Outubro",53.6
517,"Novembro",70.35
517,"Dezembro",22.55
4689,"Janeiro",4.86
4689,"Fevereiro",73.17
4689,"Março",39.87
4689,"Abril",75.63
4689,"Maio",44.85
4689,"Junho",41.35
4689,"Julho",53
4689,"Agosto",12.17
4689,"Setembro",54.05
4689,"Outubro",38.1
4689,"Novembro",80.07
4689,"Dezembro",52.1
9463,"Janeiro",37.21
9463,"Fevereiro",98.96
9463,"Março",93.82
9463,"Abril",80.91
9463,"Maio",85.59
9463,"Junho",74.31
9463,"Julho",87.02
9463,"Agosto",21.91
9463,"Setembro",79.8
9463,"Outubro",28.19
9463,"Novembro",61.86
9463,"Dezembro",55.46
4311,"Janeiro",78.14
4311,"Fevereiro",56.66
4311,"Março",84.27
4311,"Abril",49.97
4311,"Maio",72.04
4311,"Junho",90.35
4311,"Julho",4.86
4311,"Agosto",24.3
4311,"Setembro",92.83
4311,"Outubro",93.88
4311,"Novembro",76.59
4311,"Dezembro",11.09
9978,"Janeiro",46.07
9978,"Fevereiro",61.18
9978,"Março",25.88
9978,"Abril",19.91
9978,"Maio",94.71
9978,"Junho",52.43
9978,"Julho",89.4
9978,"Agosto",72.5
9978,"Setembro",50.96
9978,"Outubro",61.92
9978,"Novembro",89.66
9978,"Dezembro",56.54
6701,"Janeiro",10.97
6701,"Fevereiro",74.21
6701,"Março",69.34
6701,"Abril",51.53
6701,"Maio",99.58
6701,"Junho",66.28
6701,"Julho",13.25
6701,"Agosto",47.19
6701,"Setembro",86.1
6701,"Outubro",0.78
6701,"Novembro",76.59
6701,"Dezembro",16.57
5375,"Janeiro",94.22
5375,"Fevereiro",30.46
5375,"Março",55.38
5375,"Abril",30.81
5375,"Maio",22.47
5375,"Junho",34.85
5375,"Julho",48.51
5375,"Agosto",18.37
5375,"Setembro",38.66
5375,"Outubro",9.59
5375,"Novembro",88.01
5375,"Dezembro",66.66
7545,"Janeiro",26.15
7545,"Fevereiro",47.81
7545,"Março",42.1
7545,"Abril",38.86
7545,"Maio",24.54
7545,"Junho",51.14
7545,"Julho",62.02
7545,"Agosto",62.33
7545,"Setembro",80.52
7545,"Outubro",61.64
7545,"Novembro",64.03
7545,"Dezembro",43.34
6912,"Janeiro",63.52
6912,"Fevereiro",13.61
6912,"Março",72.67
6912,"Abril",67.46
6912,"Maio",97.32
6912,"Junho",31.9
6912,"Julho",62
6912,"Agosto",25.59
6912,"Setembro",26.5
6912,"Outubro",77.82
6912,"Novembro",62.7
6912,"Dezembro",11.46
1020,"Janeiro",68.25
1020,"Fevereiro",41.72
1020,"Março",61.68
1020,"Abril",82.28
1020,"Maio",64.52
1020,"Junho",49.68
1020,"Julho",1.32
1020,"Agosto",28.7
1020,"Setembro",31.39
1020,"Outubro",12.55
1020,"Novembro",46.39
1020,"Dezembro",47.58
8440,"Janeiro",37.69
8440,"Fevereiro",38.63
8440,"Março",40.57
8440,"Abril",92.85
8440,"Maio",97.08
8440,"Junho",42.55
8440,"Julho",50.61
8440,"Agosto",87.72
8440,"Setembro",93.61
8440,"Outubro",88.39
8440,"Novembro",61.72
8440,"Dezembro",59.99
8253,"Janeiro",46.73
8253,"Fevereiro",66.94
8253,"Março",99.33
8253,"Abril",62.06
8253,"Maio",2.93
8253,"Junho",91.33
8253,"Julho",51.17
8253,"Agosto",1.84
8253,"Setembro",64.33
8253,"Outubro",87.91
8253,"Novembro",17.69
8253,"Dezembro",26.71
3521,"Janeiro",42.32
3521,"Fevereiro",55.14
3521,"Março",18.08
3521,"Abril",54.93
3521,"Maio",88.89
3521,"Junho",50.21
3521,"Julho",77.24
3521,"Agosto",61.79
3521,"Setembro",28.4
3521,"Outubro",17.54
3521,"Novembro",35.7
3521,"Dezembro",5.43
6815,"Janeiro",56.08
6815,"Fevereiro",88.19
6815,"Março",21.78
6815,"Abril",88.13
6815,"Maio",54.46
6815,"Junho",69.07
6815,"Julho",86.28
6815,"Agosto",22.7
6815,"Setembro",61.26
6815,"Outubro",22.27
6815,"Novembro",87.71
6815,"Dezembro",88.24
2871,"Janeiro",20.38
2871,"Fevereiro",7.11
2871,"Março",45.19
2871,"Abril",50.06
2871,"Maio",68.63
2871,"Junho",23.63
2871,"Julho",69.48
2871,"Agosto",0.27
2871,"Setembro",34.42
2871,"Outubro",9.56
2871,"Novembro",13.2
2871,"Dezembro",51.34
180,"Janeiro",17.15
180,"Fevereiro",70.81
180,"Março",99.6
180,"Abril",8.15
180,"Maio",60.85
180,"Junho",15.05
180,"Julho",44.45
180,"Agosto",63.73
180,"Setembro",8.24
180,"Outubro",52.26
180,"Novembro",73.67
180,"Dezembro",37.66
2135,"Janeiro",13.27
2135,"Fevereiro",9.8
2135,"Março",16.25
2135,"Abril",25.17
2135,"Maio",48.4
2135,"Junho",17.91
2135,"Julho",31.98
2135,"Agosto",3.8
2135,"Setembro",98.15
2135,"Outubro",38.6
2135,"Novembro",94.95
2135,"Dezembro",17.96
5845,"Janeiro",9.84
5845,"Fevereiro",63.42
5845,"Março",92.55
5845,"Abril",99.18
5845,"Maio",47.79
5845,"Junho",41.89
5845,"Julho",26.08
5845,"Agosto",52.49
5845,"Setembro",64.37
5845,"Outubro",16.15
5845,"Novembro",23.96
5845,"Dezembro",92.57
6171,"Janeiro",99.43
6171,"Fevereiro",76.46
6171,"Março",84.62
6171,"Abril",98.55
6171,"Maio",64.44
6171,"Junho",96.99
6171,"Julho",15.54
6171,"Agosto",68.92
6171,"Setembro",92.72
6171,"Outubro",34.79
6171,"Novembro",41.11
6171,"Dezembro",30.37
4995,"Janeiro",77.69
4995,"Fevereiro",30.53
4995,"Março",40.53
4995,"Abril",18.73
4995,"Maio",78.97
4995,"Junho",18.77
4995,"Julho",96.89
4995,"Agosto",25.19
4995,"Setembro",55.94
4995,"Outubro",54.77
4995,"Novembro",64.59
4995,"Dezembro",82.73
7433,"Janeiro",82.93
7433,"Fevereiro",53.29
7433,"Março",89.58
7433,"Abril",37.44
7433,"Maio",35.78
7433,"Junho",26.37
7433,"Julho",73.22
7433,"Agosto",93.47
7433,"Setembro",31.23
7433,"Outubro",59.33
7433,"Novembro",6.25
7433,"Dezembro",97.22
5531,"Janeiro",25.41
5531,"Fevereiro",54.31
5531,"Março",73.67
5531,"Abril",34.14
5531,"Maio",20.57
5531,"Junho",69.93
5531,"Julho",49.31
5531,"Agosto",92.97
5531,"Setembro",44.48
5531,"Outubro",87.59
5531,"Novembro",6.23
5531,"Dezembro",91.22
4465,"Janeiro",99.68
4465,"Fevereiro",63.65
4465,"Março",40.81
4465,"Abril",14.8
4465,"Maio",4.41
4465,"Junho",48.69
4465,"Julho",37.05
4465,"Agosto",41.2
4465,"Setembro",58.91
4465,"Outubro",34.73
4465,"Novembro",33.66
4465,"Dezembro",93.98
9838,"Janeiro",33.18
9838,"Fevereiro",18.81
9838,"Março",14.95
9838,"Abril",15.96
9838,"Maio",99.84
9838,"Junho",37.56
9838,"Julho",61.73
9838,"Agosto",37.29
9838,"Setembro",19.37
9838,"Outubro",54.12
9838,"Novembro",88.54
9838,"Dezembro",89.88
9099,"Janeiro",39.62
9099,"Fevereiro",84.41
9099,"Março",43.62
9099,"Abril",47.57
9099,"Maio",12.68
9099,"Junho",80.71
9099,"Julho",9.09
9099,"Agosto",13.47
9099,"Setembro",59.24
9099,"Outubro",9.24
9099,"Novembro",96.92
9099,"Dezembro",94.81
3480,"Janeiro",11.41
3480,"Fevereiro",68.95
3480,"Março",79.77
3480,"Abril",63.17
3480,"Maio",92.04
3480,"Junho",21.91
3480,"Julho",94.66
3480,"Agosto",46.1
3480,"Setembro",27.64
3480,"Outubro",68.42
3480,"Novembro",13.91
3480,"Dezembro",84.08
854,"Janeiro",48.47
854,"Fevereiro",67.44
854,"Março",73.77
854,"Abril",25.05
854,"Maio",35.16
854,"Junho",85.19
854,"Julho",0.37
854,"Agosto",38.33
854,"Setembro",7.98
854,"Outubro",16.25
854,"Novembro",22.83
854,"Dezembro",39.48
2095,"Janeiro",65.27
2095,"Fevereiro",1.63
2095,"Março",60.45
2095,"Abril",89.68
2095,"Maio",52.99
2095,"Junho",37.13
2095,"Julho",72.82
2095,"Agosto",87.96
2095,"Setembro",51.65
2095,"Outubro",80.19
2095,"Novembro",91.05
2095,"Dezembro",35.29
3110,"Janeiro",50.07
3110,"Fevereiro",26.34
3110,"Março",46.59
3110,"Abril",83.36
3110,"Maio",29.48
3110,"Junho",42.61
3110,"Julho",19.03
3110,"Agosto",56.61
3110,"Setembro",8.2
3110,"Outubro",77.21
3110,"Novembro",24.21
3110,"Dezembro",26.37
3405,"Janeiro",18.31
3405,"Fevereiro",87.59
3405,"Março",87.61
3405,"Abril",75.77
3405,"Maio",6.92
3405,"Junho",30.5
3405,"Julho",81.02
3405,"Agosto",71.89
3405,"Setembro",81.14
3405,"Outubro",41.15
3405,"Novembro",86.2
3405,"Dezembro",65.41
4967,"Janeiro",92.52
4967,"Fevereiro",56.07
4967,"Março",39.9
4967,"Abril",22.17
4967,"Maio",45.64
4967,"Junho",37.09
4967,"Julho",12.16
4967,"Agosto",76.97
4967,"Setembro",62.84
4967,"Outubro",63.8
4967,"Novembro",29.75
4967,"Dezembro",65.23
2899,"Janeiro",35.43
2899,"Fevereiro",62.55
2899,"Março",28.15
2899,"Abril",70.8
2899,"Maio",39.03
2899,"Junho",85.09
2899,"Julho",60.22
2899,"Agosto",76.62
2899,"Setembro",89.12
2899,"Outubro",39.51
2899,"Novembro",81.53
2899,"Dezembro",51.51
2231,"Janeiro",27.59
2231,"Fevereiro",83.61
2231,"Março",96.65
2231,"Abril",0.4
2231,"Maio",44.72
2231,"Junho",94.65
2231,"Julho",64.39
2231,"Agosto",40.83
2231,"Setembro",4.31
2231,"Outubro",99.29
2231,"Novembro",17.56
2231,"Dezembro",91.63
4980,"Janeiro",71.75
4980,"Fevereiro",10.58
4980,"Março",55.13
4980,"Abril",79.91
4980,"Maio",42.41
4980,"Junho",81.44
4980,"Julho",89.47
4980,"Agosto",2.7
4980,"Setembro",69.37
4980,"Outubro",5.84
4980,"Novembro",16.65
4980,"Dezembro",33.41
775,"Janeiro",12.29
775,"Fevereiro",70.65
775,"Março",8.2
775,"Abril",55.82
775,"Maio",41.14
775,"Junho",74.01
775,"Julho",6.67
775,"Agosto",80.81
775,"Setembro",42.19
775,"Outubro",3.09
775,"Novembro",16.45
775,"Dezembro",0.82
6086,"Janeiro",61.06
6086,"Fevereiro",63.89
6086,"Março",62.15
6086,"Abril",3.66
6086,"Maio",96.34
6086,"Junho",71.21
6086,"Julho",9.65
6086,"Agosto",73.19
6086,"Setembro",77.82
6086,"Outubro",69.52
6086,"Novembro",60.6
6086,"Dezembro",88.05
9955,"Janeiro",55.61
9955,"Fevereiro",49.95
9955,"Março",96.38
9955,"Abril",81.31
9955,"Maio",55.3
9955,"Junho",33.88
9955,"Julho",48.59
9955,"Agosto",2.45
9955,"Setembro",77.84
9955,"Outubro",12.57
9955,"Novembro",58.9
9955,"Dezembro",90.14
1491,"Janeiro",72.58
1491,"Fevereiro",55.75
1491,"Março",21.42
1491,"Abril",85.86
1491,"Maio",89.3
1491,"Junho",11.44
1491,"Julho",59.42
1491,"Agosto",24.43
1491,"Setembro",37.09
1491,"Outubro",13.26
1491,"Novembro",81.88
1491,"Dezembro",13.98
3551,"Janeiro",94.18
3551,"Fevereiro",14.67
3551,"Março",68.8
3551,"Abril",24.22
3551,"Maio",71.39
3551,"Junho",17.92
3551,"Julho",50.95
3551,"Agosto",81.38
3551,"Setembro",62.05
3551,"Outubro",72.73
3551,"Novembro",99.57
3551,"Dezembro",79.95
7436,"Janeiro",15.31
7436,"Fevereiro",69.27
7436,"Março",16.55
7436,"Abril",15.68
7436,"Maio",40.94
7436,"Junho",50.82
7436,"Julho",40.61
7436,"Agosto",85.79
7436,"Setembro",45.1
7436,"Outubro",6.58
7436,"Novembro",38.71
7436,"Dezembro",37.74
9938,"Janeiro",72.4
9938,"Fevereiro",30.43
9938,"Março",96.48
9938,"Abril",50.58
9938,"Maio",9.02
9938,"Junho",26.99
9938,"Julho",53.11
9938,"Agosto",41.57
9938,"Setembro",48.54
9938,"Outubro",19.37
9938,"Novembro",36.33
9938,"Dezembro",45.61
4815,"Janeiro",53.22
4815,"Fevereiro",98.98
4815,"Março",44.87
4815,"Abril",60.04
4815,"Maio",64.76
4815,"Junho",58.48
4815,"Julho",36.28
4815,"Agosto",32.61
4815,"Setembro",11.84
4815,"Outubro",44.39
4815,"Novembro",19.8
4815,"Dezembro",10.22
1703,"Janeiro",18.97
1703,"Fevereiro",10.2
1703,"Março",42
1703,"Abril",43.66
1703,"Maio",83.56
1703,"Junho",95.95
1703,"Julho",63.27
1703,"Agosto",45.94
1703,"Setembro",42.12
1703,"Outubro",12.64
1703,"Novembro",42.38
1703,"Dezembro",3.84
1408,"Janeiro",43.4
1408,"Fevereiro",85.47
1408,"Março",42.2
1408,"Abril",63.84
1408,"Maio",2.16
1408,"Junho",26.3
1408,"Julho",37.96
1408,"Agosto",62.02
1408,"Setembro",83.65
1408,"Outubro",49.18
1408,"Novembro",52.2
1408,"Dezembro",78.69
5263,"Janeiro",79.58
5263,"Fevereiro",91.23
5263,"Março",17.75
5263,"Abril",78.92
5263,"Maio",28.72
5263,"Junho",68.97
5263,"Julho",82.52
5263,"Agosto",90.53
5263,"Setembro",10.18
5263,"Outubro",43.88
5263,"Novembro",17.02
5263,"Dezembro",80.42
4898,"Janeiro",56.09
4898,"Fevereiro",26
4898,"Março",8.55
4898,"Abril",89.84
4898,"Maio",60.28
4898,"Junho",49.31
4898,"Julho",88.67
4898,"Agosto",78
4898,"Setembro",3.59
4898,"Outubro",16.09
4898,"Novembro",82.16
4898,"Dezembro",12.83
5101,"Janeiro",16.21
5101,"Fevereiro",46.76
5101,"Março",97.16
5101,"Abril",58.54
5101,"Maio",83.12
5101,"Junho",96.73
5101,"Julho",61.31
5101,"Agosto",18.65
5101,"Setembro",47.64
5101,"Outubro",91.25
5101,"Novembro",90.92
5101,"Dezembro",75.03
8079,"Janeiro",1.18
8079,"Fevereiro",50.31
8079,"Março",51.46
8079,"Abril",4.54
8079,"Maio",5.85
8079,"Junho",21.66
8079,"Julho",4.81
8079,"Agosto",42.33
8079,"Setembro",3.08
8079,"Outubro",10.79
8079,"Novembro",2
8079,"Dezembro",3.18
4620,"Janeiro",22.12
4620,"Fevereiro",28.83
4620,"Março",92.02
4620,"Abril",43.31
4620,"Maio",19.67
4620,"Junho",42.53
4620,"Julho",27.97
4620,"Agosto",36.57
4620,"Setembro",88.31
4620,"Outubro",80.44
4620,"Novembro",58.02
4620,"Dezembro",56.9
8776,"Janeiro",30.05
8776,"Fevereiro",4.99
8776,"Março",48.56
8776,"Abril",13.44
8776,"Maio",83.45
8776,"Junho",25.27
8776,"Julho",34.49
8776,"Agosto",3.46
8776,"Setembro",33.91
8776,"Outubro",25.19
8776,"Novembro",61.8
8776,"Dezembro",50.89
2894,"Janeiro",48.93
2894,"Fevereiro",27.67
2894,"Março",98.74
2894,"Abril",66
2894,"Maio",35.95
2894,"Junho",66.94
2894,"Julho",65.46
2894,"Agosto",4.54
2894,"Setembro",96.52
2894,"Outubro",30.13
2894,"Novembro",49.14
2894,"Dezembro",82.4
4439,"Janeiro",65.39
4439,"Fevereiro",74.43
4439,"Março",42.18
4439,"Abril",29.68
4439,"Maio",11.59
4439,"Junho",85.09
4439,"Julho",72.64
4439,"Agosto",42.69
4439,"Setembro",63.26
4439,"Outubro",32.03
4439,"Novembro",27.5
4439,"Dezembro",49.8
4527,"Janeiro",51.48
4527,"Fevereiro",16
4527,"Março",27.3
4527,"Abril",11.22
4527,"Maio",15.63
4527,"Junho",79.16
4527,"Julho",3.26
4527,"Agosto",82.21
4527,"Setembro",94.23
4527,"Outubro",5.78
4527,"Novembro",98.54
4527,"Dezembro",75.22
6625,"Janeiro",89.35
6625,"Fevereiro",51.09
6625,"Março",21.85
6625,"Abril",66.59
6625,"Maio",66.57
6625,"Junho",40.87
6625,"Julho",95.86
6625,"Agosto",50.15
6625,"Setembro",70.79
6625,"Outubro",76.59
6625,"Novembro",46.85
6625,"Dezembro",12.73
7079,"Janeiro",11.48
7079,"Fevereiro",23.04
7079,"Março",85.38
7079,"Abril",40.14
7079,"Maio",97.12
7079,"Junho",98.29
7079,"Julho",65.97
7079,"Agosto",88.85
7079,"Setembro",90.29
7079,"Outubro",70.45
7079,"Novembro",9.89
7079,"Dezembro",6.93
1486,"Janeiro",45.43
1486,"Fevereiro",47.91
1486,"Março",82.79
1486,"Abril",16.78
1486,"Maio",23.49
1486,"Junho",2.76
1486,"Julho",36.1
1486,"Agosto",79.25
1486,"Setembro",1.29
1486,"Outubro",62.26
1486,"Novembro",52.41
1486,"Dezembro",42.71
4366,"Janeiro",53.39
4366,"Fevereiro",88.06
4366,"Março",23.31
4366,"Abril",34.3
4366,"Maio",45.69
4366,"Junho",24.91
4366,"Julho",38.88
4366,"Agosto",0.25
4366,"Setembro",33.62
4366,"Outubro",40.1
4366,"Novembro",95.38
4366,"Dezembro",94.6
4889,"Janeiro",88.9
4889,"Fevereiro",8.05
4889,"Março",76.3
4889,"Abril",95.92
4889,"Maio",9.19
4889,"Junho",23.71
4889,"Julho",37.79
4889,"Agosto",84.32
4889,"Setembro",12.84
4889,"Outubro",73.55
4889,"Novembro",18.32
4889,"Dezembro",4.98
113,"Janeiro",43.98
113,"Fevereiro",24.54
113,"Março",17.58
113,"Abril",14.43
113,"Maio",32.24
113,"Junho",67.59
113,"Julho",25.49
113,"Agosto",68.51
113,"Setembro",15.8
113,"Outubro",92.85
113,"Novembro",46.99
113,"Dezembro",51.38
7640,"Janeiro",99.72
7640,"Fevereiro",93.73
7640,"Março",63.97
7640,"Abril",17.56
7640,"Maio",25.6
7640,"Junho",66.26
7640,"Julho",51.3
7640,"Agosto",50.21
7640,"Setembro",41.32
7640,"Outubro",52.12
7640,"Novembro",45.01
7640,"Dezembro",63.49
9426,"Janeiro",63.38
9426,"Fevereiro",7.63
9426,"Março",96.54
9426,"Abril",33.98
9426,"Maio",47.97
9426,"Junho",47.21
9426,"Julho",43.56
9426,"Agosto",6.5
9426,"Setembro",89
9426,"Outubro",97.93
9426,"Novembro",41.18
9426,"Dezembro",27.58
9301,"Janeiro",40.2
9301,"Fevereiro",99.68
9301,"Março",74.94
9301,"Abril",66.36
9301,"Maio",79.89
9301,"Junho",20.17
9301,"Julho",54.73
9301,"Agosto",21.89
9301,"Setembro",55.63
9301,"Outubro",43.25
9301,"Novembro",69.19
9301,"Dezembro",51.82
5807,"Janeiro",96.43
5807,"Fevereiro",83.75
5807,"Março",35.12
5807,"Abril",30.92
5807,"Maio",33.56
5807,"Junho",3.8
5807,"Julho",60.71
5807,"Agosto",21.79
5807,"Setembro",12.55
5807,"Outubro",13.56
5807,"Novembro",10.25
5807,"Dezembro",78.24
6115,"Janeiro",86.48
6115,"Fevereiro",28.51
6115,"Março",78.82
6115,"Abril",99.94
6115,"Maio",47.79
6115,"Junho",66.84
6115,"Julho",68.12
6115,"Agosto",6.74
6115,"Setembro",78.01
6115,"Outubro",21.67
6115,"Novembro",56.42
6115,"Dezembro",70.42
7261,"Janeiro",60.95
7261,"Fevereiro",34.39
7261,"Março",52.4
7261,"Abril",42.05
7261,"Maio",50.5
7261,"Junho",30.36
7261,"Julho",34.96
7261,"Agosto",18.94
7261,"Setembro",10.82
7261,"Outubro",4.58
7261,"Novembro",76
7261,"Dezembro",28.61
9909,"Janeiro",31.96
9909,"Fevereiro",66.46
9909,"Março",14.34
9909,"Abril",11.84
9909,"Maio",72.66
9909,"Junho",81.31
9909,"Julho",82.66
9909,"Agosto",22.23
9909,"Setembro",19.36
9909,"Outubro",21.92
9909,"Novembro",71.63
9909,"Dezembro",11.13
8528,"Janeiro",68.56
8528,"Fevereiro",3.96
8528,"Março",81.49
8528,"Abril",13.79
8528,"Maio",31.27
8528,"Junho",73.16
8528,"Julho",72.36
8528,"Agosto",22.36
8528,"Setembro",26.79
8528,"Outubro",36.21
8528,"Novembro",6.56
8528,"Dezembro",28.55
7475,"Janeiro",91.25
7475,"Fevereiro",72.53
7475,"Março",91.33
7475,"Abril",37.27
7475,"Maio",75.93
7475,"Junho",82.84
7475,"Julho",41.76
7475,"Agosto",4.71
7475,"Setembro",78.24
7475,"Outubro",17.4
7475,"Novembro",58.12
7475,"Dezembro",70.17
5492,"Janeiro",46.54
5492,"Fevereiro",3.07
5492,"Março",53.77
5492,"Abril",77.08
5492,"Maio",21.5
5492,"Junho",22.01
5492,"Julho",97.2
5492,"Agosto",74.72
5492,"Setembro",55.26
5492,"Outubro",47.88
5492,"Novembro",11.25
5492,"Dezembro",70.63
6381,"Janeiro",13.12
6381,"Fevereiro",48.73
6381,"Março",78.18
6381,"Abril",17.84
6381,"Maio",70.69
6381,"Junho",13.35
6381,"Julho",4.36
6381,"Agosto",92.57
6381,"Setembro",12.17
6381,"Outubro",33.89
6381,"Novembro",10.2
6381,"Dezembro",35.57
7243,"Janeiro",64.12
7243,"Fevereiro",46.02
7243,"Março",42.32
7243,"Abril",25.6
7243,"Maio",31.63
7243,"Junho",90
7243,"Julho",31.27
7243,"Agosto",17.54
7243,"Setembro",24.88
7243,"Outubro",55.7
7243,"Novembro",65.98
7243,"Dezembro",98.26
5264,"Janeiro",36.38
5264,"Fevereiro",42.35
5264,"Março",59.1
5264,"Abril",80.93
5264,"Maio",74.31
5264,"Junho",5.35
5264,"Julho",95.6
5264,"Agosto",21.72
5264,"Setembro",48.23
5264,"Outubro",74.03
5264,"Novembro",0.81
5264,"Dezembro",10.17
4104,"Janeiro",51.45
4104,"Fevereiro",14.49
4104,"Março",39.46
4104,"Abril",22.68
4104,"Maio",83.74
4104,"Junho",17.34
4104,"Julho",73.81
4104,"Agosto",76.27
4104,"Setembro",90.57
4104,"Outubro",93.67
4104,"Novembro",45.71
4104,"Dezembro",68.49
4782,"Janeiro",99.96
4782,"Fevereiro",18.83
4782,"Março",77.92
4782,"Abril",7.08
4782,"Maio",49.26
4782,"Junho",10.87
4782,"Julho",92.87
4782,"Agosto",40.59
4782,"Setembro",97.95
4782,"Outubro",84.8
4782,"Novembro",94.24
4782,"Dezembro",14
6410,"Janeiro",85.66
6410,"Fevereiro",85.47
6410,"Março",34.76
6410,"Abril",29.39
6410,"Maio",38.43
6410,"Junho",41.55
6410,"Julho",83.19
6410,"Agosto",83.43
6410,"Setembro",64.2
6410,"Outubro",94.11
6410,"Novembro",76.86
6410,"Dezembro",17.31
4836,"Janeiro",39.67
4836,"Fevereiro",36.87
4836,"Março",72.09
4836,"Abril",81.51
4836,"Maio",16.94
4836,"Junho",49.37
4836,"Julho",10.91
4836,"Agosto",59.23
4836,"Setembro",50.47
4836,"Outubro",26.96
4836,"Novembro",83.56
4836,"Dezembro",77.8
9653,"Janeiro",4.7
9653,"Fevereiro",53.43
9653,"Março",76.95
9653,"Abril",25.55
9653,"Maio",44.3
9653,"Junho",39.53
9653,"Julho",88.25
9653,"Agosto",24.51
9653,"Setembro",12.89
9653,"Outubro",39.99
9653,"Novembro",33.72
9653,"Dezembro",1.62
1968,"Janeiro",19.38
1968,"Fevereiro",98.65
1968,"Março",88.54
1968,"Abril",73.48
1968,"Maio",71.16
1968,"Junho",77.16
1968,"Julho",94.43
1968,"Agosto",0.76
1968,"Setembro",85.08
1968,"Outubro",4
1968,"Novembro",84.62
1968,"Dezembro",14.21
8475,"Janeiro",56.87
8475,"Fevereiro",72.67
8475,"Março",51.91
8475,"Abril",51.76
8475,"Maio",62.77
8475,"Junho",80.79
8475,"Julho",36.54
8475,"Agosto",19.13
8475,"Setembro",77.06
8475,"Outubro",27.34
8475,"Novembro",88.19
8475,"Dezembro",41.94
8721,"Janeiro",45.73
8721,"Fevereiro",97.2
8721,"Março",5.32
8721,"Abril",59.18
8721,"Maio",35.89
8721,"Junho",52.68
8721,"Julho",43.53
8721,"Agosto",16.38
8721,"Setembro",40.31
8721,"Outubro",1.96
8721,"Novembro",52.91
8721,"Dezembro",43.35
9303,"Janeiro",99.02
9303,"Fevereiro",47.07
9303,"Março",62.59
9303,"Abril",48.23
9303,"Maio",88.4
9303,"Junho",84.39
9303,"Julho",51.26
9303,"Agosto",96.7
9303,"Setembro",87.04
9303,"Outubro",58.72
9303,"Novembro",10.73
9303,"Dezembro",65.65
3680,"Janeiro",77.67
3680,"Fevereiro",40.73
3680,"Março",90.4
3680,"Abril",12.74
3680,"Maio",86.67
3680,"Junho",0.49
3680,"Julho",11.16
3680,"Agosto",82.98
3680,"Setembro",24.55
3680,"Outubro",2.64
3680,"Novembro",46.11
3680,"Dezembro",89.27
5413,"Janeiro",15.61
5413,"Fevereiro",96.88
5413,"Março",41.44
5413,"Abril",20.26
5413,"Maio",50.35
5413,"Junho",55.79
5413,"Julho",5.56
5413,"Agosto",88.56
5413,"Setembro",73.37
5413,"Outubro",86.43
5413,"Novembro",36.43
5413,"Dezembro",72.07
803,"Janeiro",67.26
803,"Fevereiro",6.26
803,"Março",72.12
803,"Abril",60.95
803,"Maio",9.87
803,"Junho",82.36
803,"Julho",18.31
803,"Agosto",94.72
803,"Setembro",39.23
803,"Outubro",58.28
803,"Novembro",19.16
803,"Dezembro",67.68
1556,"Janeiro",93.27
1556,"Fevereiro",61.39
1556,"Março",35.45
1556,"Abril",54.93
1556,"Maio",73.85
1556,"Junho",82.56
1556,"Julho",37.76
1556,"Agosto",93.53
1556,"Setembro",69.07
1556,"Outubro",46.49
1556,"Novembro",46.41
1556,"Dezembro",95.32
2378,"Janeiro",58.33
2378,"Fevereiro",26.68
2378,"Março",71.54
2378,"Abril",33.02
2378,"Maio",70.69
2378,"Junho",34.81
2378,"Julho",44.66
2378,"Agosto",77.11
2378,"Setembro",41.99
2378,"Outubro",56
2378,"Novembro",79.38
2378,"Dezembro",58.08
7373,"Janeiro",11.61
7373,"Fevereiro",1.24
7373,"Março",99.19
7373,"Abril",44.68
7373,"Maio",39.12
7373,"Junho",46.77
7373,"Julho",94.57
7373,"Agosto",11.6
7373,"Setembro",22.79
7373,"Outubro",79.42
7373,"Novembro",66.57
7373,"Dezembro",47.95
1619,"Janeiro",0.29
1619,"Fevereiro",62.54
1619,"Março",5.75
1619,"Abril",34.67
1619,"Maio",1.87
1619,"Junho",52.51
1619,"Julho",75.46
1619,"Agosto",32.71
1619,"Setembro",64.63
1619,"Outubro",72.05
1619,"Novembro",12.94
1619,"Dezembro",62.53
8527,"Janeiro",72.74
8527,"Fevereiro",83.39
8527,"Março",25.61
8527,"Abril",43.54
8527,"Maio",53.8
8527,"Junho",60.23
8527,"Julho",88.66
8527,"Agosto",43.92
8527,"Setembro",21.55
8527,"Outubro",90.11
8527,"Novembro",99.78
8527,"Dezembro",31.26
700,"Janeiro",16.71
700,"Fevereiro",80.81
700,"Março",84.96
700,"Abril",93.39
700,"Maio",42.08
700,"Junho",52.04
700,"Julho",97.47
700,"Agosto",31.74
700,"Setembro",27.31
700,"Outubro",42.72
700,"Novembro",72.52
700,"Dezembro",36.49
4622,"Janeiro",4.46
4622,"Fevereiro",73.11
4622,"Março",33.21
4622,"Abril",80.41
4622,"Maio",39.52
4622,"Junho",30.92
4622,"Julho",58.89
4622,"Agosto",33.15
4622,"Setembro",1.1
4622,"Outubro",40.82
4622,"Novembro",17.9
4622,"Dezembro",82.67
2481,"Janeiro",16.04
2481,"Fevereiro",72.34
2481,"Março",90.71
2481,"Abril",8.34
2481,"Maio",82.19
2481,"Junho",56.16
2481,"Julho",7.67
2481,"Agosto",58.69
2481,"Setembro",10.87
2481,"Outubro",58.52
2481,"Novembro",81.98
2481,"Dezembro",3.94
4283,"Janeiro",6.02
4283,"Fevereiro",22.56
4283,"Março",11.35
4283,"Abril",28.79
4283,"Maio",87.77
4283,"Junho",2.15
4283,"Julho",29.15
4283,"Agosto",89.74
4283,"Setembro",72.81
4283,"Outubro",52.73
4283,"Novembro",93.96
4283,"Dezembro",88.11
6769,"Janeiro",51.72
6769,"Fevereiro",89.08
6769,"Março",26.74
6769,"Abril",91.93
6769,"Maio",87.66
6769,"Junho",97.6
6769,"Julho",74.46
6769,"Agosto",22.86
6769,"Setembro",11.91
6769,"Outubro",73.5
6769,"Novembro",34.37
6769,"Dezembro",12.93
3703,"Janeiro",19.55
3703,"Fevereiro",63.39
3703,"Março",38.39
3703,"Abril",61.26
3703,"Maio",46.32
3703,"Junho",1.4
3703,"Julho",21.1
3703,"Agosto",82.41
3703,"Setembro",68.32
3703,"Outubro",6
3703,"Novembro",21.26
3703,"Dezembro",14.61
9688,"Janeiro",44.38
9688,"Fevereiro",29.79
9688,"Março",24.99
9688,"Abril",88.45
9688,"Maio",18.46
9688,"Junho",8.57
9688,"Julho",99.83
9688,"Agosto",58.89
9688,"Setembro",27.97
9688,"Outubro",45.75
9688,"Novembro",57.83
9688,"Dezembro",57.97
7849,"Janeiro",41.48
7849,"Fevereiro",78.24
7849,"Março",90.74
7849,"Abril",87.75
7849,"Maio",20.1
7849,"Junho",71.98
7849,"Julho",65.22
7849,"Agosto",72.38
7849,"Setembro",28.8
7849,"Outubro",63.64
7849,"Novembro",18.05
7849,"Dezembro",79.87
2056,"Janeiro",1.27
2056,"Fevereiro",47.17
2056,"Março",78.18
2056,"Abril",78.16
2056,"Maio",4.99
2056,"Junho",0.23
2056,"Julho",8.24
2056,"Agosto",52.22
2056,"Setembro",49.5
2056,"Outubro",24.23
2056,"Novembro",65.46
2056,"Dezembro",22.88
431,"Janeiro",39.34
431,"Fevereiro",35.37
431,"Março",64.66
431,"Abril",89.88
431,"Maio",6.25
431,"Junho",72.78
431,"Julho",94.44
431,"Agosto",9
431,"Setembro",0.69
431,"Outubro",48.33
431,"Novembro",24.39
431,"Dezembro",79.46
9732,"Janeiro",71.46
9732,"Fevereiro",84.04
9732,"Março",25.18
9732,"Abril",47.49
9732,"Maio",53.4
9732,"Junho",73.24
9732,"Julho",4.13
9732,"Agosto",37.19
9732,"Setembro",81.35
9732,"Outubro",74.98
9732,"Novembro",23.17
9732,"Dezembro",25.2
1832,"Janeiro",97.61
1832,"Fevereiro",50.33
1832,"Março",37.48
1832,"Abril",77.3
1832,"Maio",15.48
1832,"Junho",20.11
1832,"Julho",24.14
1832,"Agosto",28.03
1832,"Setembro",93.52
1832,"Outubro",83.44
1832,"Novembro",91.52
1832,"Dezembro",92.43
262,"Janeiro",71.82
262,"Fevereiro",26.72
262,"Março",36.43
262,"Abril",54.76
262,"Maio",17.36
262,"Junho",47.46
262,"Julho",33.36
262,"Agosto",4
262,"Setembro",14.07
262,"Outubro",36.04
262,"Novembro",2.34
262,"Dezembro",33.83
3753,"Janeiro",2.62
3753,"Fevereiro",9.25
3753,"Março",15.56
3753,"Abril",57.9
3753,"Maio",51.51
3753,"Junho",37.53
3753,"Julho",17.4
3753,"Agosto",44.05
3753,"Setembro",62.66
3753,"Outubro",1.88
3753,"Novembro",92.62
3753,"Dezembro",53.48
8328,"Janeiro",44.96
8328,"Fevereiro",92.65
8328,"Março",83.03
8328,"Abril",29.2
8328,"Maio",55.49
8328,"Junho",61.58
8328,"Julho",41.09
8328,"Agosto",7.35
8328,"Setembro",47.87
8328,"Outubro",89.7
8328,"Novembro",71.25
8328,"Dezembro",65.93
1446,"Janeiro",17.39
1446,"Fevereiro",0.25
1446,"Março",3.21
1446,"Abril",42.04
1446,"Maio",20.05
1446,"Junho",95.01
1446,"Julho",35.99
1446,"Agosto",68.31
1446,"Setembro",73.63
1446,"Outubro",10.87
1446,"Novembro",43.97
1446,"Dezembro",11.12
9148,"Janeiro",28.69
9148,"Fevereiro",69.75
9148,"Março",54.97
9148,"Abril",70.06
9148,"Maio",95.87
9148,"Junho",61.19
9148,"Julho",92.22
9148,"Agosto",40.02
9148,"Setembro",33.26
9148,"Outubro",82.11
9148,"Novembro",95.37
9148,"Dezembro",35
6414,"Janeiro",2.28
6414,"Fevereiro",43.48
6414,"Março",5.04
6414,"Abril",32.32
6414,"Maio",85.5
6414,"Junho",47.71
6414,"Julho",54.59
6414,"Agosto",41.62
6414,"Setembro",88.06
6414,"Outubro",90.56
6414,"Novembro",67.04
6414,"Dezembro",11.09
2252,"Janeiro",23.84
2252,"Fevereiro",17.75
2252,"Março",63.74
2252,"Abril",91.2
2252,"Maio",19.02
2252,"Junho",63.74
2252,"Julho",39.18
2252,"Agosto",66.52
2252,"Setembro",31.57
2252,"Outubro",51.09
2252,"Novembro",6.08
2252,"Dezembro",26.06
9155,"Janeiro",34.21
9155,"Fevereiro",26.01
9155,"Março",27.7
9155,"Abril",51.12
9155,"Maio",56.77
9155,"Junho",61.04
9155,"Julho",1.79
9155,"Agosto",63.76
9155,"Setembro",8.14
9155,"Outubro",64.28
9155,"Novembro",52.73
9155,"Dezembro",18.49
6581,"Janeiro",93.13
6581,"Fevereiro",17.81
6581,"Março",3.87
6581,"Abril",58.03
6581,"Maio",72.86
6581,"Junho",2.61
6581,"Julho",51.15
6581,"Agosto",81.69
6581,"Setembro",82.31
6581,"Outubro",76.67
6581,"Novembro",87.33
6581,"Dezembro",46.75
4388,"Janeiro",51.58
4388,"Fevereiro",0.29
4388,"Março",80.9
4388,"Abril",18.57
4388,"Maio",36.44
4388,"Junho",6.76
4388,"Julho",12.23
4388,"Agosto",3.21
4388,"Setembro",71.09
4388,"Outubro",65.07
4388,"Novembro",25.31
4388,"Dezembro",98.48
8963,"Janeiro",70
8963,"Fevereiro",4.05
8963,"Março",58.21
8963,"Abril",19.8
8963,"Maio",83.88
8963,"Junho",52.06
8963,"Julho",91.07
8963,"Agosto",9.62
8963,"Setembro",42.18
8963,"Outubro",3.61
8963,"Novembro",96.85
8963,"Dezembro",71.28
4593,"Janeiro",44.91
4593,"Fevereiro",99.78
4593,"Março",37.81
4593,"Abril",37.8
4593,"Maio",19.21
4593,"Junho",28.36
4593,"Julho",0.88
4593,"Agosto",83.08
4593,"Setembro",87.53
4593,"Outubro",98.36
4593,"Novembro",73.23
4593,"Dezembro",89.31
1930,"Janeiro",8.58
1930,"Fevereiro",81.49
1930,"Março",13.16
1930,"Abril",78.86
1930,"Maio",39.01
1930,"Junho",17.57
1930,"Julho",92.64
1930,"Agosto",6.07
1930,"Setembro",56.99
1930,"Outubro",48.04
1930,"Novembro",41.06
1930,"Dezembro",13.45
2866,"Janeiro",68.26
2866,"Fevereiro",11.41
2866,"Março",38.71
2866,"Abril",16.61
2866,"Maio",28.54
2866,"Junho",39.31
2866,"Julho",31.07
2866,"Agosto",51.66
2866,"Setembro",86.17
2866,"Outubro",92.4
2866,"Novembro",89.96
2866,"Dezembro",47.94
8975,"Janeiro",57.97
8975,"Fevereiro",4.3
8975,"Março",15.53
8975,"Abril",22.17
8975,"Maio",17.44
8975,"Junho",74.14
8975,"Julho",79.69
8975,"Agosto",84.44
8975,"Setembro",41.68
8975,"Outubro",37.09
8975,"Novembro",92.64
8975,"Dezembro",24.86
6765,"Janeiro",95.6
6765,"Fevereiro",8
6765,"Março",24.41
6765,"Abril",1.22
6765,"Maio",93.47
6765,"Junho",82.92
6765,"Julho",34.31
6765,"Agosto",95.26
6765,"Setembro",82.92
6765,"Outubro",26.32
6765,"Novembro",79.8
6765,"Dezembro",4.75
8518,"Janeiro",4.38
8518,"Fevereiro",44.35
8518,"Março",32.77
8518,"Abril",53.03
8518,"Maio",77.32
8518,"Junho",27.41
8518,"Julho",92.61
8518,"Agosto",92.41
8518,"Setembro",44.48
8518,"Outubro",9.99
8518,"Novembro",75.77
8518,"Dezembro",18.64
7021,"Janeiro",16.32
7021,"Fevereiro",61.99
7021,"Março",46.85
7021,"Abril",89.04
7021,"Maio",12.31
7021,"Junho",22.34
7021,"Julho",83.35
7021,"Agosto",92.04
7021,"Setembro",24.45
7021,"Outubro",38.95
7021,"Novembro",5.48
7021,"Dezembro",59.88
667,"Janeiro",5.47
667,"Fevereiro",80.09
667,"Março",22.18
667,"Abril",24.06
667,"Maio",54.29
667,"Junho",30.2
667,"Julho",40.42
667,"Agosto",81.01
667,"Setembro",21.69
667,"Outubro",82.79
667,"Novembro",92.85
667,"Dezembro",67.34
3635,"Janeiro",6.73
3635,"Fevereiro",27.95
3635,"Março",14.98
3635,"Abril",32.58
3635,"Maio",7.9
3635,"Junho",99.25
3635,"Julho",94.99
3635,"Agosto",44.88
3635,"Setembro",38.94
3635,"Outubro",55.87
3635,"Novembro",18.55
3635,"Dezembro",85.92
4744,"Janeiro",41.21
4744,"Fevereiro",24.45
4744,"Março",41.35
4744,"Abril",84.72
4744,"Maio",92.86
4744,"Junho",17.16
4744,"Julho",27.14
4744,"Agosto",52.04
4744,"Setembro",90.87
4744,"Outubro",30.47
4744,"Novembro",21.83
4744,"Dezembro",11.03
5444,"Janeiro",86.1
5444,"Fevereiro",44.85
5444,"Março",90.59
5444,"Abril",55.85
5444,"Maio",88.09
5444,"Junho",9.6
5444,"Julho",73.24
5444,"Agosto",85.44
5444,"Setembro",40.13
5444,"Outubro",99.03
5444,"Novembro",95.24
5444,"Dezembro",60.77
8896,"Janeiro",40.27
8896,"Fevereiro",78.13
8896,"Março",95.06
8896,"Abril",11.56
8896,"Maio",23.31
8896,"Junho",96.27
8896,"Julho",75.07
8896,"Agosto",31.45
8896,"Setembro",67.06
8896,"Outubro",77.34
8896,"Novembro",68.04
8896,"Dezembro",82.15
856,"Janeiro",7.27
856,"Fevereiro",15.4
856,"Março",4.79
856,"Abril",56.95
856,"Maio",65.58
856,"Junho",92.3
856,"Julho",80.24
856,"Agosto",17.92
856,"Setembro",12.06
856,"Outubro",44.38
856,"Novembro",65.92
856,"Dezembro",67.6
3102,"Janeiro",12.82
3102,"Fevereiro",59.87
3102,"Março",57.8
3102,"Abril",27.69
3102,"Maio",52.64
3102,"Junho",59.28
3102,"Julho",49.72
3102,"Agosto",3.1
3102,"Setembro",27.3
3102,"Outubro",97.14
3102,"Novembro",5.57
3102,"Dezembro",36.46
2531,"Janeiro",82.9
2531,"Fevereiro",77.88
2531,"Março",33.56
2531,"Abril",92.37
2531,"Maio",80.98
2531,"Junho",4.05
2531,"Julho",22.28
2531,"Agosto",85.14
2531,"Setembro",0.02
2531,"Outubro",59.75
2531,"Novembro",12.17
2531,"Dezembro",90.3
307,"Janeiro",40.71
307,"Fevereiro",55.42
307,"Março",16.47
307,"Abril",74.15
307,"Maio",88.99
307,"Junho",2.36
307,"Julho",61.25
307,"Agosto",31.72
307,"Setembro",55.86
307,"Outubro",43.28
307,"Novembro",28.39
307,"Dezembro",84.26
2228,"Janeiro",35.46
2228,"Fevereiro",72.55
2228,"Março",0.12
2228,"Abril",92.71
2228,"Maio",76.42
2228,"Junho",45.91
2228,"Julho",46.45
2228,"Agosto",55.61
2228,"Setembro",74.64
2228,"Outubro",52.57
2228,"Novembro",36.57
2228,"Dezembro",6.43
2777,"Janeiro",24.89
2777,"Fevereiro",41.28
2777,"Março",39.03
2777,"Abril",24.7
2777,"Maio",28.94
2777,"Junho",21.82
2777,"Julho",2.87
2777,"Agosto",86.43
2777,"Setembro",37.49
2777,"Outubro",23.56
2777,"Novembro",93.28
2777,"Dezembro",51.57
8822,"Janeiro",86.79
8822,"Fevereiro",52.06
8822,"Março",55.19
8822,"Abril",12.25
8822,"Maio",81.02
8822,"Junho",46.84
8822,"Julho",69.79
8822,"Agosto",33.51
8822,"Setembro",73.39
8822,"Outubro",14.5
8822,"Novembro",29.26
8822,"Dezembro",7
2995,"Janeiro",33.1
2995,"Fevereiro",14.49
2995,"Março",62.98
2995,"Abril",69.51
2995,"Maio",60.87
2995,"Junho",14.83
2995,"Julho",46.48
2995,"Agosto",4.12
2995,"Setembro",62.84
2995,"Outubro",35.84
2995,"Novembro",65.44
2995,"Dezembro",55.27
5555,"Janeiro",1.17
5555,"Fevereiro",65.64
5555,"Março",41.08
5555,"Abril",65.96
5555,"Maio",10.28
5555,"Junho",76.62
5555,"Julho",80.38
5555,"Agosto",17.07
5555,"Setembro",54.77
5555,"Outubro",29.12
5555,"Novembro",27.33
5555,"Dezembro",46.39
6497,"Janeiro",54.92
6497,"Fevereiro",67.17
6497,"Março",30.68
6497,"Abril",90.99
6497,"Maio",47.43
6497,"Junho",63.28
6497,"Julho",44.97
6497,"Agosto",43.78
6497,"Setembro",2.02
6497,"Outubro",64.74
6497,"Novembro",46.65
6497,"Dezembro",49.42
3686,"Janeiro",48.75
3686,"Fevereiro",96.89
3686,"Março",6.5
3686,"Abril",67.3
3686,"Maio",32.46
3686,"Junho",11.45
3686,"Julho",94.83
3686,"Agosto",39.05
3686,"Setembro",46.71
3686,"Outubro",62.34
3686,"Novembro",0.27
3686,"Dezembro",62.61
156,"Janeiro",13.74
156,"Fevereiro",17
156,"Março",20.81
156,"Abril",80.6
156,"Maio",58.99
156,"Junho",99.47
156,"Julho",25.24
156,"Agosto",68.7
156,"Setembro",67.51
156,"Outubro",6.07
156,"Novembro",90.76
156,"Dezembro",47.3
9919,"Janeiro",29.44
9919,"Fevereiro",54.94
9919,"Março",53.55
9919,"Abril",26.97
9919,"Maio",60.08
9919,"Junho",68.66
9919,"Julho",4.55
9919,"Agosto",92.9
9919,"Setembro",85.3
9919,"Outubro",58.09
9919,"Novembro",85.19
9919,"Dezembro",15.23
6365,"Janeiro",87.96
6365,"Fevereiro",70.81
6365,"Março",91.78
6365,"Abril",55.38
6365,"Maio",52.3
6365,"Junho",64.02
6365,"Julho",22.02
6365,"Agosto",75.64
6365,"Setembro",7.42
6365,"Outubro",61.86
6365,"Novembro",53.54
6365,"Dezembro",95.96
9008,"Janeiro",33.7
9008,"Fevereiro",52.25
9008,"Março",7.79
9008,"Abril",40.68
9008,"Maio",61.83
9008,"Junho",65.16
9008,"Julho",67.8
9008,"Agosto",48.05
9008,"Setembro",71.81
9008,"Outubro",66.75
9008,"Novembro",35.48
9008,"Dezembro",24.61
6239,"Janeiro",54.81
6239,"Fevereiro",38.01
6239,"Março",68.26
6239,"Abril",33.3
6239,"Maio",65.64
6239,"Junho",11.83
6239,"Julho",14.08
6239,"Agosto",26.45
6239,"Setembro",81.7
6239,"Outubro",19.94
6239,"Novembro",8.13
6239,"Dezembro",44.91
2036,"Janeiro",54.49
2036,"Fevereiro",52.48
2036,"Março",66.55
2036,"Abril",88.32
2036,"Maio",97.11
2036,"Junho",66.65
2036,"Julho",86.76
2036,"Agosto",5.95
2036,"Setembro",83.8
2036,"Outubro",88.33
2036,"Novembro",27.65
2036,"Dezembro",57.66
7755,"Janeiro",41.4
7755,"Fevereiro",10.66
7755,"Março",60.24
7755,"Abril",54
7755,"Maio",14.77
7755,"Junho",21.09
7755,"Julho",81.53
7755,"Agosto",18.14
7755,"Setembro",98.84
7755,"Outubro",57.74
7755,"Novembro",67.97
7755,"Dezembro",91.39
7354,"Janeiro",11.59
7354,"Fevereiro",51.13
7354,"Março",66.77
7354,"Abril",76.64
7354,"Maio",2.28
7354,"Junho",50.92
7354,"Julho",71.63
7354,"Agosto",99.19
7354,"Setembro",42.04
7354,"Outubro",34.54
7354,"Novembro",90.2
7354,"Dezembro",52.38
981,"Janeiro",4.56
981,"Fevereiro",43.69
981,"Março",45.22
981,"Abril",10.65
981,"Maio",1.63
981,"Junho",14.45
981,"Julho",29.26
981,"Agosto",59.3
981,"Setembro",99.58
981,"Outubro",37.39
981,"Novembro",2.48
981,"Dezembro",6.94
1093,"Janeiro",44.84
1093,"Fevereiro",38.69
1093,"Março",16.74
1093,"Abril",31.48
1093,"Maio",21.22
1093,"Junho",1.3
1093,"Julho",36.73
1093,"Agosto",25.7
1093,"Setembro",95.77
1093,"Outubro",71.32
1093,"Novembro",80.73
1093,"Dezembro",7.33
346,"Janeiro",89.47
346,"Fevereiro",25.69
346,"Março",30.06
346,"Abril",91
346,"Maio",24.79
346,"Junho",89.8
346,"Julho",16.26
346,"Agosto",5.18
346,"Setembro",48.44
346,"Outubro",40.2
346,"Novembro",6.25
346,"Dezembro",57.5
2247,"Janeiro",1.77
2247,"Fevereiro",18.99
2247,"Março",44.15
2247,"Abril",78.21
2247,"Maio",40.78
2247,"Junho",70.9
2247,"Julho",39.15
2247,"Agosto",71.01
2247,"Setembro",34.07
2247,"Outubro",20.75
2247,"Novembro",10.82
2247,"Dezembro",88.94
2009,"Janeiro",28.1
2009,"Fevereiro",46.9
2009,"Março",90.93
2009,"Abril",40.27
2009,"Maio",80.87
2009,"Junho",49.85
2009,"Julho",96.75
2009,"Agosto",4.78
2009,"Setembro",48.11
2009,"Outubro",55.24
2009,"Novembro",37.26
2009,"Dezembro",79.08
1150,"Janeiro",82.83
1150,"Fevereiro",23.3
1150,"Março",95.29
1150,"Abril",89.68
1150,"Maio",18.26
1150,"Junho",58.45
1150,"Julho",80.01
1150,"Agosto",9.75
1150,"Setembro",83.21
1150,"Outubro",89.82
1150,"Novembro",87.3
1150,"Dezembro",62.73
2664,"Janeiro",88.21
2664,"Fevereiro",9.09
2664,"Março",82.8
2664,"Abril",18.24
2664,"Maio",57.96
2664,"Junho",36.41
2664,"Julho",23.88
2664,"Agosto",65.81
2664,"Setembro",76.49
2664,"Outubro",18.33
2664,"Novembro",89.41
2664,"Dezembro",33.04
5836,"Janeiro",91.4
5836,"Fevereiro",14.55
5836,"Março",18
5836,"Abril",87.95
5836,"Maio",25.43
5836,"Junho",5.84
5836,"Julho",79.27
5836,"Agosto",78.76
5836,"Setembro",21.5
5836,"Outubro",67.05
5836,"Novembro",71.83
5836,"Dezembro",69.45
3706,"Janeiro",37.08
3706,"Fevereiro",37.66
3706,"Março",1.92
3706,"Abril",9.73
3706,"Maio",61.14
3706,"Junho",56.73
3706,"Julho",95.59
3706,"Agosto",65.13
3706,"Setembro",43.82
3706,"Outubro",32.59
3706,"Novembro",20.07
3706,"Dezembro",22.96
7246,"Janeiro",21.47
7246,"Fevereiro",18.19
7246,"Março",55.55
7246,"Abril",67.82
7246,"Maio",12.8
7246,"Junho",82.91
7246,"Julho",75.26
7246,"Agosto",74.18
7246,"Setembro",80.97
7246,"Outubro",29.95
7246,"Novembro",89.75
7246,"Dezembro",71.73
5318,"Janeiro",62.66
5318,"Fevereiro",73.32
5318,"Março",39.24
5318,"Abril",97.35
5318,"Maio",58.34
5318,"Junho",64.55
5318,"Julho",7.11
5318,"Agosto",25.81
5318,"Setembro",17.74
5318,"Outubro",65.86
5318,"Novembro",77.56
5318,"Dezembro",5.78
7677,"Janeiro",88.33
7677,"Fevereiro",23.64
7677,"Março",60.82
7677,"Abril",2.08
7677,"Maio",36.18
7677,"Junho",85.03
7677,"Julho",43.54
7677,"Agosto",14.87
7677,"Setembro",96.1
7677,"Outubro",16.19
7677,"Novembro",52.01
7677,"Dezembro",49.75
5351,"Janeiro",88.26
5351,"Fevereiro",56.31
5351,"Março",65.59
5351,"Abril",46.81
5351,"Maio",26.29
5351,"Junho",7.7
5351,"Julho",72.55
5351,"Agosto",88.19
5351,"Setembro",98.4
5351,"Outubro",60.01
5351,"Novembro",17.22
5351,"Dezembro",76.81
3429,"Janeiro",52.29
3429,"Fevereiro",5.05
3429,"Março",56.52
3429,"Abril",25.79
3429,"Maio",10.08
3429,"Junho",71.99
3429,"Julho",95.47
3429,"Agosto",63.58
3429,"Setembro",11.23
3429,"Outubro",81.68
3429,"Novembro",47.04
3429,"Dezembro",82.1
7682,"Janeiro",30.02
7682,"Fevereiro",20.23
7682,"Março",39.72
7682,"Abril",9.1
7682,"Maio",11.44
7682,"Junho",77.57
7682,"Julho",18.32
7682,"Agosto",76.53
7682,"Setembro",86.02
7682,"Outubro",86.9
7682,"Novembro",17.75
7682,"Dezembro",26.5
730,"Janeiro",7.61
730,"Fevereiro",67.17
730,"Março",27.08
730,"Abril",57.13
730,"Maio",22.67
730,"Junho",39.75
730,"Julho",53.36
730,"Agosto",82.28
730,"Setembro",79.72
730,"Outubro",98.61
730,"Novembro",28.82
730,"Dezembro",28.34
332,"Janeiro",14.95
332,"Fevereiro",56.8
332,"Março",83.78
332,"Abril",83.67
332,"Maio",14.11
332,"Junho",52.31
332,"Julho",67.28
332,"Agosto",70.83
332,"Setembro",84.12
332,"Outubro",91.87
332,"Novembro",23.91
332,"Dezembro",67.18
6422,"Janeiro",48.61
6422,"Fevereiro",46.54
6422,"Março",0.9
6422,"Abril",42.6
6422,"Maio",32.71
6422,"Junho",4.42
6422,"Julho",75.34
6422,"Agosto",50.09
6422,"Setembro",96.99
6422,"Outubro",37.01
6422,"Novembro",97.79
6422,"Dezembro",36.42
8198,"Janeiro",44.6
8198,"Fevereiro",55.27
8198,"Março",84.1
8198,"Abril",77.43
8198,"Maio",78.98
8198,"Junho",69.76
8198,"Julho",36.05
8198,"Agosto",55.85
8198,"Setembro",91.15
8198,"Outubro",0.37
8198,"Novembro",89.66
8198,"Dezembro",13.07
8200,"Janeiro",22.71
8200,"Fevereiro",19.09
8200,"Março",74.37
8200,"Abril",76.51
8200,"Maio",68.83
8200,"Junho",91.24
8200,"Julho",60.49
8200,"Agosto",76.97
8200,"Setembro",19.85
8200,"Outubro",43.61
8200,"Novembro",45.92
8200,"Dezembro",17.73
7213,"Janeiro",90.92
7213,"Fevereiro",1.5
7213,"Março",42.02
7213,"Abril",4.53
7213,"Maio",44.53
7213,"Junho",3.87
7213,"Julho",49.83
7213,"Agosto",54.62
7213,"Setembro",9.18
7213,"Outubro",63.72
7213,"Novembro",36.69
7213,"Dezembro",78.03
9714,"Janeiro",26.59
9714,"Fevereiro",6.54
9714,"Março",25.69
9714,"Abril",24.1
9714,"Maio",16.47
9714,"Junho",68.8
9714,"Julho",8.9
9714,"Agosto",58.74
9714,"Setembro",42.75
9714,"Outubro",49.28
9714,"Novembro",3.08
9714,"Dezembro",31.93
3601,"Janeiro",60.75
3601,"Fevereiro",43.72
3601,"Março",74.01
3601,"Abril",27.35
3601,"Maio",87.14
3601,"Junho",34.7
3601,"Julho",70.9
3601,"Agosto",9.01
3601,"Setembro",90.78
3601,"Outubro",45.3
3601,"Novembro",60.6
3601,"Dezembro",10.93
5317,"Janeiro",75.6
5317,"Fevereiro",20.56
5317,"Março",18.27
5317,"Abril",10.67
5317,"Maio",44.44
5317,"Junho",60.86
5317,"Julho",56.62
5317,"Agosto",87.03
5317,"Setembro",92.94
5317,"Outubro",77.93
5317,"Novembro",96.47
5317,"Dezembro",18.7
6660,"Janeiro",58.14
6660,"Fevereiro",87.67
6660,"Março",11.94
6660,"Abril",21.04
6660,"Maio",52.66
6660,"Junho",8.76
6660,"Julho",94.72
6660,"Agosto",88.42
6660,"Setembro",71.78
6660,"Outubro",46.76
6660,"Novembro",91.59
6660,"Dezembro",99.6
5114,"Janeiro",25.86
5114,"Fevereiro",98.85
5114,"Março",20.62
5114,"Abril",81.33
5114,"Maio",35.39
5114,"Junho",8.31
5114,"Julho",25.93
5114,"Agosto",74.33
5114,"Setembro",1.84
5114,"Outubro",88.56
5114,"Novembro",94.12
5114,"Dezembro",88.95
1937,"Janeiro",0.25
1937,"Fevereiro",23.79
1937,"Março",5.12
1937,"Abril",34.58
1937,"Maio",22.98
1937,"Junho",29.79
1937,"Julho",37.41
1937,"Agosto",70.39
1937,"Setembro",10.71
1937,"Outubro",1.08
1937,"Novembro",75.99
1937,"Dezembro",2.1
3952,"Janeiro",97.55
3952,"Fevereiro",17.23
3952,"Março",92.7
3952,"Abril",37.46
3952,"Maio",34.26
3952,"Junho",66.82
3952,"Julho",38.93
3952,"Agosto",68.68
3952,"Setembro",23.95
3952,"Outubro",47.62
3952,"Novembro",64.86
3952,"Dezembro",31.71
8345,"Janeiro",5.58
8345,"Fevereiro",7.26
8345,"Março",34.96
8345,"Abril",27.91
8345,"Maio",95.77
8345,"Junho",21.05
8345,"Julho",41.06
8345,"Agosto",7.03
8345,"Setembro",91.27
8345,"Outubro",96.3
8345,"Novembro",13.99
8345,"Dezembro",59.06
4709,"Janeiro",69.13
4709,"Fevereiro",47.08
4709,"Março",34.29
4709,"Abril",70.28
4709,"Maio",88.16
4709,"Junho",10.56
4709,"Julho",21.59
4709,"Agosto",3.38
4709,"Setembro",5.96
4709,"Outubro",38.47
4709,"Novembro",90.64
4709,"Dezembro",37.59
6146,"Janeiro",19.44
6146,"Fevereiro",81.38
6146,"Março",35.16
6146,"Abril",64.2
6146,"Maio",77.91
6146,"Junho",96.94
6146,"Julho",73.31
6146,"Agosto",39.34
6146,"Setembro",97.38
6146,"Outubro",87.54
6146,"Novembro",35.76
6146,"Dezembro",21.15
7597,"Janeiro",72.77
7597,"Fevereiro",12.85
7597,"Março",73.02
7597,"Abril",27.08
7597,"Maio",12.68
7597,"Junho",0.11
7597,"Julho",79.63
7597,"Agosto",30.7
7597,"Setembro",35.96
7597,"Outubro",44.59
7597,"Novembro",8.71
7597,"Dezembro",2.77
9327,"Janeiro",86.29
9327,"Fevereiro",85.81
9327,"Março",50.31
9327,"Abril",45.53
9327,"Maio",41.12
9327,"Junho",82.01
9327,"Julho",15.36
9327,"Agosto",24.61
9327,"Setembro",87.38
9327,"Outubro",39.09
9327,"Novembro",91.85
9327,"Dezembro",31.16
9717,"Janeiro",5.54
9717,"Fevereiro",94.5
9717,"Março",4.05
9717,"Abril",14.33
9717,"Maio",56.22
9717,"Junho",19.15
9717,"Julho",63.23
9717,"Agosto",56.75
9717,"Setembro",12.35
9717,"Outubro",40.25
9717,"Novembro",13.69
9717,"Dezembro",39.86
8338,"Janeiro",96.31
8338,"Fevereiro",40.58
8338,"Março",4.19
8338,"Abril",46.3
8338,"Maio",1.09
8338,"Junho",79.13
8338,"Julho",53.95
8338,"Agosto",84.37
8338,"Setembro",56.89
8338,"Outubro",4.98
8338,"Novembro",21.55
8338,"Dezembro",30.75
3109,"Janeiro",4.54
3109,"Fevereiro",17.06
3109,"Março",90.76
3109,"Abril",87.26
3109,"Maio",54.59
3109,"Junho",69.94
3109,"Julho",12.13
3109,"Agosto",19.82
3109,"Setembro",0.68
3109,"Outubro",22.39
3109,"Novembro",59.41
3109,"Dezembro",29.64
3637,"Janeiro",66.55
3637,"Fevereiro",48.47
3637,"Março",98.6
3637,"Abril",94.32
3637,"Maio",40.44
3637,"Junho",49.9
3637,"Julho",45.82
3637,"Agosto",2.6
3637,"Setembro",90.3
3637,"Outubro",32.19
3637,"Novembro",81.84
3637,"Dezembro",95.15
6667,"Janeiro",59.37
6667,"Fevereiro",94.95
6667,"Março",53.28
6667,"Abril",39.11
6667,"Maio",5.67
6667,"Junho",24.2
6667,"Julho",58.45
6667,"Agosto",34.44
6667,"Setembro",32.87
6667,"Outubro",28.26
6667,"Novembro",8.05
6667,"Dezembro",69.74
9673,"Janeiro",36.23
9673,"Fevereiro",33.13
9673,"Março",49.72
9673,"Abril",62.9
9673,"Maio",10.16
9673,"Junho",76.54
9673,"Julho",3.66
9673,"Agosto",86.5
9673,"Setembro",74.44
9673,"Outubro",59.59
9673,"Novembro",91.88
9673,"Dezembro",87.65
283,"Janeiro",77
283,"Fevereiro",92.38
283,"Março",17.6
283,"Abril",75.74
283,"Maio",59.85
283,"Junho",0.55
283,"Julho",17.49
283,"Agosto",76.99
283,"Setembro",2.65
283,"Outubro",52.12
283,"Novembro",84.88
283,"Dezembro",5.14
6104,"Janeiro",81.54
6104,"Fevereiro",29.91
6104,"Março",4.22
6104,"Abril",5.07
6104,"Maio",72.41
6104,"Junho",16.59
6104,"Julho",95.79
6104,"Agosto",100
6104,"Setembro",75.47
6104,"Outubro",53.39
6104,"Novembro",66.37
6104,"Dezembro",24.83
4996,"Janeiro",19.27
4996,"Fevereiro",40.85
4996,"Março",85.98
4996,"Abril",87.04
4996,"Maio",75.86
4996,"Junho",79.39
4996,"Julho",56.9
4996,"Agosto",22.92
4996,"Setembro",96.48
4996,"Outubro",95.38
4996,"Novembro",44.57
4996,"Dezembro",89.05
2890,"Janeiro",65.83
2890,"Fevereiro",92.67
2890,"Março",79.2
2890,"Abril",38.35
2890,"Maio",21.86
2890,"Junho",24.52
2890,"Julho",30.83
2890,"Agosto",97.5
2890,"Setembro",39.25
2890,"Outubro",36.72
2890,"Novembro",5.12
2890,"Dezembro",3.72
8452,"Janeiro",40.92
8452,"Fevereiro",32.01
8452,"Março",69.1
8452,"Abril",85.41
8452,"Maio",57.71
8452,"Junho",2.64
8452,"Julho",99.36
8452,"Agosto",27.47
8452,"Setembro",86.5
8452,"Outubro",91.88
8452,"Novembro",71.21
8452,"Dezembro",23.71
6848,"Janeiro",27.29
6848,"Fevereiro",50.32
6848,"Março",4.3
6848,"Abril",44.24
6848,"Maio",38.79
6848,"Junho",77.72
6848,"Julho",89.6
6848,"Agosto",75.3
6848,"Setembro",13.96
6848,"Outubro",60.9
6848,"Novembro",77.44
6848,"Dezembro",68.83
5657,"Janeiro",70.61
5657,"Fevereiro",34.1
5657,"Março",27.64
5657,"Abril",99.95
5657,"Maio",57.94
5657,"Junho",33.05
5657,"Julho",24.43
5657,"Agosto",86.88
5657,"Setembro",14.24
5657,"Outubro",7.95
5657,"Novembro",18.42
5657,"Dezembro",3.79
6839,"Janeiro",56.67
6839,"Fevereiro",35.31
6839,"Março",34.96
6839,"Abril",17.14
6839,"Maio",0.01
6839,"Junho",63.68
6839,"Julho",11.59
6839,"Agosto",19.58
6839,"Setembro",48.31
6839,"Outubro",29.47
6839,"Novembro",79.89
6839,"Dezembro",15.77
308,"Janeiro",57.09
308,"Fevereiro",91.33
308,"Março",12.58
308,"Abril",95.27
308,"Maio",72.56
308,"Junho",43.84
308,"Julho",93.04
308,"Agosto",52.71
308,"Setembro",87.37
308,"Outubro",84.43
308,"Novembro",40.65
308,"Dezembro",93.04
696,"Janeiro",0.66
696,"Fevereiro",83.27
696,"Março",71.41
696,"Abril",13.56
696,"Maio",4.43
696,"Junho",14.94
696,"Julho",51.74
696,"Agosto",89.71
696,"Setembro",81.15
696,"Outubro",71.64
696,"Novembro",93.83
696,"Dezembro",64.51
6373,"Janeiro",1.21
6373,"Fevereiro",87.81
6373,"Março",10.97
6373,"Abril",45.85
6373,"Maio",39.59
6373,"Junho",12.82
6373,"Julho",83.51
6373,"Agosto",4.54
6373,"Setembro",22.57
6373,"Outubro",41.07
6373,"Novembro",81.6
6373,"Dezembro",0.37
6125,"Janeiro",65.9
6125,"Fevereiro",28.28
6125,"Março",67.93
6125,"Abril",81.31
6125,"Maio",84.15
6125,"Junho",12.15
6125,"Julho",63.09
6125,"Agosto",24.23
6125,"Setembro",65.12
6125,"Outubro",32.28
6125,"Novembro",20.47
6125,"Dezembro",85.98
7759,"Janeiro",22.34
7759,"Fevereiro",79.31
7759,"Março",58.62
7759,"Abril",26.5
7759,"Maio",83.69
7759,"Junho",8.37
7759,"Julho",13.36
7759,"Agosto",73.87
7759,"Setembro",29.18
7759,"Outubro",85.51
7759,"Novembro",94.51
7759,"Dezembro",46.21
7025,"Janeiro",89.08
7025,"Fevereiro",66.54
7025,"Março",23.33
7025,"Abril",15.56
7025,"Maio",92.29
7025,"Junho",90.77
7025,"Julho",44.62
7025,"Agosto",46.03
7025,"Setembro",43.98
7025,"Outubro",10.75
7025,"Novembro",11.48
7025,"Dezembro",78.71
5987,"Janeiro",45.43
5987,"Fevereiro",64.37
5987,"Março",85.26
5987,"Abril",6.42
5987,"Maio",40.33
5987,"Junho",68.25
5987,"Julho",86.95
5987,"Agosto",32.06
5987,"Setembro",29.53
5987,"Outubro",28.43
5987,"Novembro",67.28
5987,"Dezembro",45.51
7931,"Janeiro",13.33
7931,"Fevereiro",12.43
7931,"Março",22.32
7931,"Abril",37.76
7931,"Maio",73.14
7931,"Junho",37.52
7931,"Julho",34.63
7931,"Agosto",49.43
7931,"Setembro",22.74
7931,"Outubro",61.14
7931,"Novembro",12.78
7931,"Dezembro",45.37
8940,"Janeiro",19.61
8940,"Fevereiro",7.78
8940,"Março",69.56
8940,"Abril",67.21
8940,"Maio",12.82
8940,"Junho",22.92
8940,"Julho",47.45
8940,"Agosto",65.8
8940,"Setembro",78.74
8940,"Outubro",40.72
8940,"Novembro",45.11
8940,"Dezembro",39.34
1035,"Janeiro",75.63
1035,"Fevereiro",72.21
1035,"Março",93.21
1035,"Abril",2.99
1035,"Maio",88.4
1035,"Junho",66.17
1035,"Julho",80.8
1035,"Agosto",68.92
1035,"Setembro",14.51
1035,"Outubro",28.66
1035,"Novembro",4.66
1035,"Dezembro",29.63
3672,"Janeiro",91.92
3672,"Fevereiro",42.07
3672,"Março",8.31
3672,"Abril",23.31
3672,"Maio",6.56
3672,"Junho",10.49
3672,"Julho",6.15
3672,"Agosto",38.12
3672,"Setembro",65.78
3672,"Outubro",35.26
3672,"Novembro",6.11
3672,"Dezembro",55.1
6683,"Janeiro",95.51
6683,"Fevereiro",53.68
6683,"Março",92.4
6683,"Abril",8.92
6683,"Maio",70.69
6683,"Junho",47.56
6683,"Julho",76.65
6683,"Agosto",8.37
6683,"Setembro",66.93
6683,"Outubro",17.77
6683,"Novembro",84.35
6683,"Dezembro",75.13
9674,"Janeiro",5.25
9674,"Fevereiro",0.2
9674,"Março",62.12
9674,"Abril",35.42
9674,"Maio",73.14
9674,"Junho",86.11
9674,"Julho",98.41
9674,"Agosto",71.64
9674,"Setembro",21.17
9674,"Outubro",95.47
9674,"Novembro",69.32
9674,"Dezembro",20.51
7753,"Janeiro",46.7
7753,"Fevereiro",89.11
7753,"Março",14.56
7753,"Abril",81.55
7753,"Maio",56.85
7753,"Junho",6.17
7753,"Julho",3.78
7753,"Agosto",34.57
7753,"Setembro",5.38
7753,"Outubro",71.61
7753,"Novembro",0.57
7753,"Dezembro",29.39
9442,"Janeiro",60.72
9442,"Fevereiro",47.01
9442,"Março",80.97
9442,"Abril",90.38
9442,"Maio",40.65
9442,"Junho",39.19
9442,"Julho",0.79
9442,"Agosto",53.45
9442,"Setembro",33.81
9442,"Outubro",90.63
9442,"Novembro",98.12
9442,"Dezembro",14.55
9560,"Janeiro",11.01
9560,"Fevereiro",27.35
9560,"Março",9.53
9560,"Abril",76.8
9560,"Maio",22.7
9560,"Junho",6.74
9560,"Julho",51.24
9560,"Agosto",18.96
9560,"Setembro",84.36
9560,"Outubro",86.26
9560,"Novembro",5.5
9560,"Dezembro",29.41
1217,"Janeiro",79.08
1217,"Fevereiro",32.05
1217,"Março",50.78
1217,"Abril",9.72
1217,"Maio",79.86
1217,"Junho",5.05
1217,"Julho",64.35
1217,"Agosto",70.04
1217,"Setembro",19.93
1217,"Outubro",15.74
1217,"Novembro",59.8
1217,"Dezembro",91.29
9040,"Janeiro",86.29
9040,"Fevereiro",74.79
9040,"Março",52.38
9040,"Abril",29.88
9040,"Maio",8.27
9040,"Junho",98.4
9040,"Julho",36.12
9040,"Agosto",16.38
9040,"Setembro",19.13
9040,"Outubro",16.96
9040,"Novembro",78.7
9040,"Dezembro",49.13
7007,"Janeiro",90.77
7007,"Fevereiro",95.54
7007,"Março",7.74
7007,"Abril",97.84
7007,"Maio",53.05
7007,"Junho",96.28
7007,"Julho",98.61
7007,"Agosto",66.16
7007,"Setembro",66.43
7007,"Outubro",60.8
7007,"Novembro",41.86
7007,"Dezembro",48.43
304,"Janeiro",38.28
304,"Fevereiro",20.4
304,"Março",80.86
304,"Abril",2.07
304,"Maio",83.55
304,"Junho",45.13
304,"Julho",70.89
304,"Agosto",43.17
304,"Setembro",30.99
304,"Outubro",60.9
304,"Novembro",40.55
304,"Dezembro",44.16
5975,"Janeiro",29.57
5975,"Fevereiro",16.25
5975,"Março",97.57
5975,"Abril",54.63
5975,"Maio",50.6
5975,"Junho",34.92
5975,"Julho",86.94
5975,"Agosto",89.89
5975,"Setembro",93.45
5975,"Outubro",34.64
5975,"Novembro",34.31
5975,"Dezembro",19.86
8097,"Janeiro",38.17
8097,"Fevereiro",4.24
8097,"Março",90.08
8097,"Abril",59.15
8097,"Maio",32.54
8097,"Junho",66.36
8097,"Julho",65.61
8097,"Agosto",65.49
8097,"Setembro",68.42
8097,"Outubro",87.63
8097,"Novembro",31.52
8097,"Dezembro",15.63
4662,"Janeiro",44.64
4662,"Fevereiro",29.97
4662,"Março",86.13
4662,"Abril",23.77
4662,"Maio",79.44
4662,"Junho",17.09
4662,"Julho",25.77
4662,"Agosto",79
4662,"Setembro",62.04
4662,"Outubro",37.41
4662,"Novembro",10.67
4662,"Dezembro",58.13
8558,"Janeiro",75.06
8558,"Fevereiro",12.54
8558,"Março",17.09
8558,"Abril",85.05
8558,"Maio",44.84
8558,"Junho",93.92
8558,"Julho",70.37
8558,"Agosto",7.7
8558,"Setembro",53.41
8558,"Outubro",13.43
8558,"Novembro",78.83
8558,"Dezembro",94.4
8322,"Janeiro",6.84
8322,"Fevereiro",15.82
8322,"Março",94.85
8322,"Abril",74.4
8322,"Maio",38.54
8322,"Junho",68.21
8322,"Julho",21.09
8322,"Agosto",6.55
8322,"Setembro",50.05
8322,"Outubro",84.17
8322,"Novembro",90.69
8322,"Dezembro",56.68
2362,"Janeiro",59.99
2362,"Fevereiro",0.05
2362,"Março",97.76
2362,"Abril",13.76
2362,"Maio",21.15
2362,"Junho",69.12
2362,"Julho",86.22
2362,"Agosto",48.65
2362,"Setembro",47.28
2362,"Outubro",45.98
2362,"Novembro",57.01
2362,"Dezembro",19.79
3414,"Janeiro",49.95
3414,"Fevereiro",94.78
3414,"Março",48.72
3414,"Abril",26.68
3414,"Maio",54.79
3414,"Junho",80.95
3414,"Julho",91.02
3414,"Agosto",77.04
3414,"Setembro",18.74
3414,"Outubro",81.34
3414,"Novembro",42.05
3414,"Dezembro",64.66
1861,"Janeiro",89.56
1861,"Fevereiro",38.51
1861,"Março",95.95
1861,"Abril",93.28
1861,"Maio",74.65
1861,"Junho",20.77
1861,"Julho",3.8
1861,"Agosto",75.96
1861,"Setembro",25.17
1861,"Outubro",48.95
1861,"Novembro",83.86
1861,"Dezembro",55.21
9047,"Janeiro",65.07
9047,"Fevereiro",49.54
9047,"Março",76.76
9047,"Abril",31.64
9047,"Maio",94.84
9047,"Junho",26.93
9047,"Julho",14.91
9047,"Agosto",88.08
9047,"Setembro",19.66
9047,"Outubro",46.82
9047,"Novembro",1.86
9047,"Dezembro",95.09
5743,"Janeiro",11.02
5743,"Fevereiro",86.04
5743,"Março",87.41
5743,"Abril",68.03
5743,"Maio",62.73
5743,"Junho",94.25
5743,"Julho",90.93
5743,"Agosto",21.87
5743,"Setembro",59.14
5743,"Outubro",51.22
5743,"Novembro",36.34
5743,"Dezembro",28.85
6713,"Janeiro",32.83
6713,"Fevereiro",67.97
6713,"Março",15.45
6713,"Abril",9.44
6713,"Maio",51.47
6713,"Junho",3.69
6713,"Julho",10.5
6713,"Agosto",64.11
6713,"Setembro",93.83
6713,"Outubro",8.14
6713,"Novembro",55.67
6713,"Dezembro",81.25
1276,"Janeiro",59.53
1276,"Fevereiro",37.93
1276,"Março",15.07
1276,"Abril",9.59
1276,"Maio",12.83
1276,"Junho",97.22
1276,"Julho",83.05
1276,"Agosto",68.43
1276,"Setembro",57.49
1276,"Outubro",84.37
1276,"Novembro",13.66
1276,"Dezembro",86.53
416,"Janeiro",22.04
416,"Fevereiro",81.29
416,"Março",13.58
416,"Abril",84.93
416,"Maio",57.41
416,"Junho",13.16
416,"Julho",81.74
416,"Agosto",86.68
416,"Setembro",10.37
416,"Outubro",57.47
416,"Novembro",50.85
416,"Dezembro",22.73
1107,"Janeiro",22.41
1107,"Fevereiro",29.66
1107,"Março",59.35
1107,"Abril",89.33
1107,"Maio",45.2
1107,"Junho",38.5
1107,"Julho",76.63
1107,"Agosto",9.59
1107,"Setembro",55.27
1107,"Outubro",78.97
1107,"Novembro",45.6
1107,"Dezembro",41.75
4773,"Janeiro",78.92
4773,"Fevereiro",75.33
4773,"Março",80.78
4773,"Abril",44.52
4773,"Maio",33.95
4773,"Junho",8.55
4773,"Julho",13.73
4773,"Agosto",9.25
4773,"Setembro",56.42
4773,"Outubro",48.2
4773,"Novembro",63.86
4773,"Dezembro",21.75
6962,"Janeiro",97.27
6962,"Fevereiro",15.52
6962,"Março",76.16
6962,"Abril",29.74
6962,"Maio",4.97
6962,"Junho",43.67
6962,"Julho",62.91
6962,"Agosto",80.64
6962,"Setembro",56.32
6962,"Outubro",0.95
6962,"Novembro",54.03
6962,"Dezembro",90.08
9881,"Janeiro",80.49
9881,"Fevereiro",54.6
9881,"Março",79.97
9881,"Abril",20.2
9881,"Maio",18.97
9881,"Junho",60.8
9881,"Julho",19.36
9881,"Agosto",65.78
9881,"Setembro",56.85
9881,"Outubro",17.71
9881,"Novembro",38.1
9881,"Dezembro",13.91
3615,"Janeiro",77.61
3615,"Fevereiro",40.84
3615,"Março",62.08
3615,"Abril",85.42
3615,"Maio",46.9
3615,"Junho",60.92
3615,"Julho",99.74
3615,"Agosto",18.17
3615,"Setembro",60.52
3615,"Outubro",82.81
3615,"Novembro",50.26
3615,"Dezembro",68.41
8622,"Janeiro",52.05
8622,"Fevereiro",83.09
8622,"Março",80.59
8622,"Abril",80.21
8622,"Maio",92.79
8622,"Junho",64.68
8622,"Julho",77.61
8622,"Agosto",26.11
8622,"Setembro",31.53
8622,"Outubro",41.18
8622,"Novembro",76.91
8622,"Dezembro",82.22
315,"Janeiro",44.1
315,"Fevereiro",76.87
315,"Março",80.78
315,"Abril",86.89
315,"Maio",12.7
315,"Junho",23.47
315,"Julho",49.34
315,"Agosto",52.54
315,"Setembro",96.19
315,"Outubro",72.55
315,"Novembro",89.65
315,"Dezembro",21.02
7649,"Janeiro",1.21
7649,"Fevereiro",2.49
7649,"Março",56.55
7649,"Abril",20.89
7649,"Maio",52.44
7649,"Junho",83.42
7649,"Julho",47.42
7649,"Agosto",25.18
7649,"Setembro",83.3
7649,"Outubro",25.03
7649,"Novembro",30
7649,"Dezembro",60.29
4497,"Janeiro",78.96
4497,"Fevereiro",22.4
4497,"Março",56.15
4497,"Abril",66.48
4497,"Maio",72.92
4497,"Junho",70.67
4497,"Julho",6.93
4497,"Agosto",66.29
4497,"Setembro",76.54
4497,"Outubro",78.19
4497,"Novembro",9.9
4497,"Dezembro",24.75
5938,"Janeiro",77.48
5938,"Fevereiro",45.68
5938,"Março",33.48
5938,"Abril",20.29
5938,"Maio",12.52
5938,"Junho",48.08
5938,"Julho",8.07
5938,"Agosto",45.55
5938,"Setembro",77.02
5938,"Outubro",81.88
5938,"Novembro",24.1
5938,"Dezembro",38.38
6200,"Janeiro",30.81
6200,"Fevereiro",16.37
6200,"Março",1.98
6200,"Abril",31.07
6200,"Maio",87.6
6200,"Junho",67.64
6200,"Julho",87.38
6200,"Agosto",63.78
6200,"Setembro",4.99
6200,"Outubro",91.75
6200,"Novembro",29.19
6200,"Dezembro",4.47
9135,"Janeiro",38.19
9135,"Fevereiro",60.21
9135,"Março",1.17
9135,"Abril",90.14
9135,"Maio",15.93
9135,"Junho",61.93
9135,"Julho",62.67
9135,"Agosto",75.48
9135,"Setembro",75.63
9135,"Outubro",49.32
9135,"Novembro",56.35
9135,"Dezembro",63.39
6922,"Janeiro",57.83
6922,"Fevereiro",20.6
6922,"Março",73.55
6922,"Abril",54.12
6922,"Maio",66.66
6922,"Junho",50.64
6922,"Julho",39.98
6922,"Agosto",14.23
6922,"Setembro",25.69
6922,"Outubro",40.92
6922,"Novembro",96.22
6922,"Dezembro",54.82
1778,"Janeiro",54.77
1778,"Fevereiro",61.84
1778,"Março",18.76
1778,"Abril",68.51
1778,"Maio",42.5
1778,"Junho",22.97
1778,"Julho",40.63
1778,"Agosto",43.33
1778,"Setembro",53.03
1778,"Outubro",81.65
1778,"Novembro",46.8
1778,"Dezembro",39.54
850,"Janeiro",39.04
850,"Fevereiro",16.48
850,"Março",57
850,"Abril",1.48
850,"Maio",30.89
850,"Junho",71.3
850,"Julho",45.75
850,"Agosto",60.81
850,"Setembro",70.95
850,"Outubro",27.48
850,"Novembro",61.04
850,"Dezembro",94.23
6522,"Janeiro",53.07
6522,"Fevereiro",19.09
6522,"Março",88.78
6522,"Abril",3.3
6522,"Maio",18.43
6522,"Junho",54.07
6522,"Julho",7.33
6522,"Agosto",42.11
6522,"Setembro",5.52
6522,"Outubro",89.63
6522,"Novembro",39.67
6522,"Dezembro",64.66
2579,"Janeiro",19.23
2579,"Fevereiro",89.27
2579,"Março",52.02
2579,"Abril",97.56
2579,"Maio",95.22
2579,"Junho",85.44
2579,"Julho",51.38
2579,"Agosto",22.32
2579,"Setembro",31.85
2579,"Outubro",83.48
2579,"Novembro",15.94
2579,"Dezembro",1.55
1536,"Janeiro",26.65
1536,"Fevereiro",56.2
1536,"Março",83.03
1536,"Abril",73.83
1536,"Maio",20.15
1536,"Junho",77.65
1536,"Julho",31.92
1536,"Agosto",7.17
1536,"Setembro",15.76
1536,"Outubro",73.65
1536,"Novembro",51.49
1536,"Dezembro",38.4
2947,"Janeiro",0.36
2947,"Fevereiro",13.54
2947,"Março",44.2
2947,"Abril",34.97
2947,"Maio",60.19
2947,"Junho",62.93
2947,"Julho",64.8
2947,"Agosto",62.57
2947,"Setembro",76.11
2947,"Outubro",44.26
2947,"Novembro",7.79
2947,"Dezembro",95.58
6060,"Janeiro",57.99
6060,"Fevereiro",64.92
6060,"Março",30.32
6060,"Abril",82.41
6060,"Maio",79.26
6060,"Junho",6.8
6060,"Julho",52.69
6060,"Agosto",57.76
6060,"Setembro",70.14
6060,"Outubro",81.49
6060,"Novembro",41.57
6060,"Dezembro",38.45
7445,"Janeiro",34.3
7445,"Fevereiro",3.99
7445,"Março",9.69
7445,"Abril",45.98
7445,"Maio",52.22
7445,"Junho",28.98
7445,"Julho",81.98
7445,"Agosto",93.02
7445,"Setembro",55.39
7445,"Outubro",40.27
7445,"Novembro",81.55
7445,"Dezembro",12.9
7671,"Janeiro",60.81
7671,"Fevereiro",46.32
7671,"Março",78.19
7671,"Abril",97.82
7671,"Maio",79.71
7671,"Junho",39.24
7671,"Julho",49.2
7671,"Agosto",83
7671,"Setembro",13.28
7671,"Outubro",35.49
7671,"Novembro",36.16
7671,"Dezembro",54.02
4202,"Janeiro",67.15
4202,"Fevereiro",26.34
4202,"Março",54.27
4202,"Abril",47.15
4202,"Maio",68.6
4202,"Junho",39.9
4202,"Julho",41.95
4202,"Agosto",64.3
4202,"Setembro",45.13
4202,"Outubro",91.64
4202,"Novembro",77.27
4202,"Dezembro",49.82
4164,"Janeiro",60.6
4164,"Fevereiro",60.35
4164,"Março",8.88
4164,"Abril",15.82
4164,"Maio",26.71
4164,"Junho",73.18
4164,"Julho",84.32
4164,"Agosto",70.64
4164,"Setembro",24.32
4164,"Outubro",33.53
4164,"Novembro",68.68
4164,"Dezembro",33.68
2305,"Janeiro",57.02
2305,"Fevereiro",28.78
2305,"Março",70.2
2305,"Abril",89.83
2305,"Maio",73.51
2305,"Junho",15.25
2305,"Julho",86.21
2305,"Agosto",17.31
2305,"Setembro",1.22
2305,"Outubro",73.16
2305,"Novembro",12.26
2305,"Dezembro",38.66
3844,"Janeiro",29.82
3844,"Fevereiro",63.06
3844,"Março",81.15
3844,"Abril",32.25
3844,"Maio",34.16
3844,"Junho",96.11
3844,"Julho",66.96
3844,"Agosto",20.48
3844,"Setembro",1.09
3844,"Outubro",20.12
3844,"Novembro",4.96
3844,"Dezembro",66.66
6938,"Janeiro",17.39
6938,"Fevereiro",94.68
6938,"Março",6.79
6938,"Abril",19.2
6938,"Maio",99.51
6938,"Junho",81.83
6938,"Julho",17.18
6938,"Agosto",92.75
6938,"Setembro",43.79
6938,"Outubro",9.38
6938,"Novembro",13.03
6938,"Dezembro",37.36
4960,"Janeiro",57.4
4960,"Fevereiro",39.82
4960,"Março",93.81
4960,"Abril",40.75
4960,"Maio",90.57
4960,"Junho",10.55
4960,"Julho",23.39
4960,"Agosto",60.33
4960,"Setembro",0.59
4960,"Outubro",85.08
4960,"Novembro",46.56
4960,"Dezembro",6.01
300,"Janeiro",41.68
300,"Fevereiro",71.62
300,"Março",10.55
300,"Abril",94.32
300,"Maio",85.72
300,"Junho",23.4
300,"Julho",73.15
300,"Agosto",15.08
300,"Setembro",88.05
300,"Outubro",21.74
300,"Novembro",17.36
300,"Dezembro",78.16
9627,"Janeiro",17.88
9627,"Fevereiro",8.18
9627,"Março",40.52
9627,"Abril",84.55
9627,"Maio",40.82
9627,"Junho",9.48
9627,"Julho",49.64
9627,"Agosto",12.21
9627,"Setembro",6.03
9627,"Outubro",47.56
9627,"Novembro",61.05
9627,"Dezembro",36.15
6136,"Janeiro",2.51
6136,"Fevereiro",68.84
6136,"Março",66.99
6136,"Abril",81.97
6136,"Maio",19.55
6136,"Junho",39.7
6136,"Julho",62.35
6136,"Agosto",90.5
6136,"Setembro",67.06
6136,"Outubro",49.55
6136,"Novembro",52.24
6136,"Dezembro",86.01
4849,"Janeiro",30.91
4849,"Fevereiro",76.63
4849,"Março",70.9
4849,"Abril",24.35
4849,"Maio",89.61
4849,"Junho",69.32
4849,"Julho",7.92
4849,"Agosto",23
4849,"Setembro",66.38
4849,"Outubro",92.1
4849,"Novembro",17.85
4849,"Dezembro",21.61
8446,"Janeiro",37.15
8446,"Fevereiro",51.54
8446,"Março",88.47
8446,"Abril",43.63
8446,"Maio",22.93
8446,"Junho",59.73
8446,"Julho",8.53
8446,"Agosto",10.89
8446,"Setembro",2.22
8446,"Outubro",4.47
8446,"Novembro",84.23
8446,"Dezembro",80.62
6007,"Janeiro",51.84
6007,"Fevereiro",55.24
6007,"Março",41.81
6007,"Abril",72.73
6007,"Maio",70.41
6007,"Junho",31.47
6007,"Julho",61.13
6007,"Agosto",10.96
6007,"Setembro",55.74
6007,"Outubro",71.56
6007,"Novembro",11.29
6007,"Dezembro",22.64
5190,"Janeiro",6.76
5190,"Fevereiro",91.13
5190,"Março",52
5190,"Abril",7.47
5190,"Maio",38.63
5190,"Junho",45.19
5190,"Julho",11.56
5190,"Agosto",97.98
5190,"Setembro",21.96
5190,"Outubro",10.79
5190,"Novembro",23.99
5190,"Dezembro",46.14
9898,"Janeiro",33.29
9898,"Fevereiro",28.5
9898,"Março",53.88
9898,"Abril",49.47
9898,"Maio",29.09
9898,"Junho",67.07
9898,"Julho",39.58
9898,"Agosto",49.84
9898,"Setembro",0.15
9898,"Outubro",17.87
9898,"Novembro",48.96
9898,"Dezembro",15.84
8532,"Janeiro",53.81
8532,"Fevereiro",95.26
8532,"Março",35.03
8532,"Abril",42.8
8532,"Maio",29.05
8532,"Junho",50.59
8532,"Julho",61.51
8532,"Agosto",49.36
8532,"Setembro",49.34
8532,"Outubro",6.65
8532,"Novembro",59.16
8532,"Dezembro",80.58
4563,"Janeiro",80.03
4563,"Fevereiro",81.73
4563,"Março",69.56
4563,"Abril",27.42
4563,"Maio",22.36
4563,"Junho",12.17
4563,"Julho",59.47
4563,"Agosto",32.34
4563,"Setembro",44.07
4563,"Outubro",26.26
4563,"Novembro",39.62
4563,"Dezembro",68.52
3514,"Janeiro",81.04
3514,"Fevereiro",39.31
3514,"Março",71.59
3514,"Abril",74.37
3514,"Maio",3.53
3514,"Junho",90.11
3514,"Julho",6.77
3514,"Agosto",54.92
3514,"Setembro",8.78
3514,"Outubro",38.03
3514,"Novembro",58.44
3514,"Dezembro",35.18
7617,"Janeiro",76.52
7617,"Fevereiro",98.35
7617,"Março",45.61
7617,"Abril",45.41
7617,"Maio",82.19
7617,"Junho",97.52
7617,"Julho",58.48
7617,"Agosto",82.91
7617,"Setembro",44.9
7617,"Outubro",37.73
7617,"Novembro",60.77
7617,"Dezembro",27.68
3975,"Janeiro",63.03
3975,"Fevereiro",15.03
3975,"Março",33.48
3975,"Abril",85.34
3975,"Maio",74.95
3975,"Junho",46.07
3975,"Julho",44.04
3975,"Agosto",42.04
3975,"Setembro",70.37
3975,"Outubro",74.36
3975,"Novembro",36.77
3975,"Dezembro",26.34
3683,"Janeiro",61.51
3683,"Fevereiro",58.02
3683,"Março",83.68
3683,"Abril",45.81
3683,"Maio",29.84
3683,"Junho",52.64
3683,"Julho",57.87
3683,"Agosto",65.99
3683,"Setembro",76.35
3683,"Outubro",37.11
3683,"Novembro",93.26
3683,"Dezembro",2.64
1427,"Janeiro",77.11
1427,"Fevereiro",75.61
1427,"Março",13.24
1427,"Abril",34.71
1427,"Maio",45.73
1427,"Junho",26.97
1427,"Julho",16.98
1427,"Agosto",95.85
1427,"Setembro",80.29
1427,"Outubro",13.37
1427,"Novembro",90.42
1427,"Dezembro",60.41
1448,"Janeiro",71.17
1448,"Fevereiro",99.63
1448,"Março",79.13
1448,"Abril",80.08
1448,"Maio",29.71
1448,"Junho",90.12
1448,"Julho",78.11
1448,"Agosto",15.56
1448,"Setembro",92.08
1448,"Outubro",65.52
1448,"Novembro",9.69
1448,"Dezembro",63.85
5958,"Janeiro",23.06
5958,"Fevereiro",3.75
5958,"Março",43
5958,"Abril",80.31
5958,"Maio",13.97
5958,"Junho",73.97
5958,"Julho",39.27
5958,"Agosto",46.47
5958,"Setembro",20.15
5958,"Outubro",89.82
5958,"Novembro",23.89
5958,"Dezembro",22.81
8949,"Janeiro",83.44
8949,"Fevereiro",32.21
8949,"Março",19.38
8949,"Abril",46.79
8949,"Maio",1.11
8949,"Junho",50.35
8949,"Julho",0.93
8949,"Agosto",35.71
8949,"Setembro",4.37
8949,"Outubro",29.66
8949,"Novembro",87.51
8949,"Dezembro",2.15
8961,"Janeiro",34.27
8961,"Fevereiro",23.33
8961,"Março",55.14
8961,"Abril",26.34
8961,"Maio",44.49
8961,"Junho",0.39
8961,"Julho",11.77
8961,"Agosto",1.83
8961,"Setembro",87.87
8961,"Outubro",69.61
8961,"Novembro",94.73
8961,"Dezembro",41.07
6528,"Janeiro",8.99
6528,"Fevereiro",15.68
6528,"Março",72.74
6528,"Abril",8.97
6528,"Maio",11.32
6528,"Junho",27.95
6528,"Julho",34.65
6528,"Agosto",21.71
6528,"Setembro",34.96
6528,"Outubro",2.82
6528,"Novembro",35.4
6528,"Dezembro",34.94
7121,"Janeiro",68.12
7121,"Fevereiro",70.14
7121,"Março",61.99
7121,"Abril",45.78
7121,"Maio",47.3
7121,"Junho",31.24
7121,"Julho",92.37
7121,"Agosto",49.59
7121,"Setembro",36.27
7121,"Outubro",36.63
7121,"Novembro",94.46
7121,"Dezembro",36.62
9051,"Janeiro",14.89
9051,"Fevereiro",32.84
9051,"Março",41.53
9051,"Abril",74.26
9051,"Maio",99.35
9051,"Junho",86.21
9051,"Julho",26.9
9051,"Agosto",36.06
9051,"Setembro",64.99
9051,"Outubro",73.94
9051,"Novembro",49.31
9051,"Dezembro",50.12
2107,"Janeiro",85.94
2107,"Fevereiro",82.88
2107,"Março",58.78
2107,"Abril",36.49
2107,"Maio",81.96
2107,"Junho",4.4
2107,"Julho",95.69
2107,"Agosto",96.63
2107,"Setembro",18.63
2107,"Outubro",79
2107,"Novembro",32.14
2107,"Dezembro",37.03
2046,"Janeiro",17.46
2046,"Fevereiro",81.32
2046,"Março",71.87
2046,"Abril",3.54
2046,"Maio",85.33
2046,"Junho",95.49
2046,"Julho",32.45
2046,"Agosto",24.95
2046,"Setembro",7.55
2046,"Outubro",51.94
2046,"Novembro",11.69
2046,"Dezembro",83.91
380,"Janeiro",8.45
380,"Fevereiro",41.63
380,"Março",73.98
380,"Abril",17.1
380,"Maio",52.56
380,"Junho",39.08
380,"Julho",89.25
380,"Agosto",18.1
380,"Setembro",48.86
380,"Outubro",56.42
380,"Novembro",53.99
380,"Dezembro",93.7
8820,"Janeiro",26.88
8820,"Fevereiro",73.44
8820,"Março",11.9
8820,"Abril",31.66
8820,"Maio",99.37
8820,"Junho",52.07
8820,"Julho",11
8820,"Agosto",54.41
8820,"Setembro",10.76
8820,"Outubro",94.25
8820,"Novembro",6.22
8820,"Dezembro",46.54
9876,"Janeiro",67.73
9876,"Fevereiro",3.27
9876,"Março",62.04
9876,"Abril",84.65
9876,"Maio",63.09
9876,"Junho",7.02
9876,"Julho",35.43
9876,"Agosto",84.53
9876,"Setembro",28.45
9876,"Outubro",47.22
9876,"Novembro",80.04
9876,"Dezembro",58.35
9893,"Janeiro",54.54
9893,"Fevereiro",55.36
9893,"Março",37.58
9893,"Abril",88.26
9893,"Maio",9.19
9893,"Junho",74.16
9893,"Julho",39.08
9893,"Agosto",73.18
9893,"Setembro",78.23
9893,"Outubro",8.64
9893,"Novembro",91.48
9893,"Dezembro",70.04
6718,"Janeiro",74.7
6718,"Fevereiro",61.14
6718,"Março",77
6718,"Abril",72.75
6718,"Maio",98.57
6718,"Junho",77.76
6718,"Julho",63.16
6718,"Agosto",1.04
6718,"Setembro",3.58
6718,"Outubro",81.5
6718,"Novembro",47.3
6718,"Dezembro",45.32
9347,"Janeiro",6
9347,"Fevereiro",45.02
9347,"Março",35.55
9347,"Abril",55.89
9347,"Maio",35.57
9347,"Junho",97.07
9347,"Julho",9.27
9347,"Agosto",81.83
9347,"Setembro",80.77
9347,"Outubro",42.53
9347,"Novembro",33.92
9347,"Dezembro",77.94
91,"Janeiro",14.93
91,"Fevereiro",65.28
91,"Março",22.82
91,"Abril",8.74
91,"Maio",92.55
91,"Junho",37.95
91,"Julho",86.08
91,"Agosto",17.98
91,"Setembro",87.87
91,"Outubro",32.07
91,"Novembro",57.68
91,"Dezembro",94.47
7758,"Janeiro",11.71
7758,"Fevereiro",57.55
7758,"Março",77.03
7758,"Abril",56.31
7758,"Maio",32.1
7758,"Junho",29.62
7758,"Julho",2.5
7758,"Agosto",30.37
7758,"Setembro",18.54
7758,"Outubro",14.07
7758,"Novembro",54.19
7758,"Dezembro",13.93
1156,"Janeiro",19.74
1156,"Fevereiro",35.81
1156,"Março",25.75
1156,"Abril",38.75
1156,"Maio",35.87
1156,"Junho",43.79
1156,"Julho",18.02
1156,"Agosto",13.22
1156,"Setembro",99.41
1156,"Outubro",69.07
1156,"Novembro",83.94
1156,"Dezembro",72.01
5679,"Janeiro",85.75
5679,"Fevereiro",54.84
5679,"Março",16.31
5679,"Abril",28.21
5679,"Maio",47.61
5679,"Junho",3.79
5679,"Julho",33.52
5679,"Agosto",77.83
5679,"Setembro",32.19
5679,"Outubro",67.8
5679,"Novembro",70.74
5679,"Dezembro",74.42
1081,"Janeiro",1.07
1081,"Fevereiro",18.85
1081,"Março",29.86
1081,"Abril",67.87
1081,"Maio",29.55
1081,"Junho",55.72
1081,"Julho",6.16
1081,"Agosto",48.93
1081,"Setembro",6.82
1081,"Outubro",50.89
1081,"Novembro",78.8
1081,"Dezembro",67.73
1231,"Janeiro",43.82
1231,"Fevereiro",32.98
1231,"Março",19.7
1231,"Abril",93.51
1231,"Maio",55.3
1231,"Junho",85.55
1231,"Julho",69.65
1231,"Agosto",27.45
1231,"Setembro",73.48
1231,"Outubro",54.92
1231,"Novembro",38.35
1231,"Dezembro",41.29
2958,"Janeiro",6.84
2958,"Fevereiro",11.7
2958,"Março",83.6
2958,"Abril",51.29
2958,"Maio",66.1
2958,"Junho",52.5
2958,"Julho",43.74
2958,"Agosto",89.43
2958,"Setembro",27.75
2958,"Outubro",6.2
2958,"Novembro",55.45
2958,"Dezembro",63.28
6535,"Janeiro",64.85
6535,"Fevereiro",28.46
6535,"Março",16.81
6535,"Abril",60.53
6535,"Maio",94.98
6535,"Junho",35.86
6535,"Julho",70.79
6535,"Agosto",81.05
6535,"Setembro",87.22
6535,"Outubro",53.18
6535,"Novembro",75.17
6535,"Dezembro",23.4
2517,"Janeiro",89.14
2517,"Fevereiro",42
2517,"Março",10.85
2517,"Abril",78.88
2517,"Maio",91.61
2517,"Junho",74.42
2517,"Julho",22.86
2517,"Agosto",37.59
2517,"Setembro",78.52
2517,"Outubro",22.15
2517,"Novembro",75.26
2517,"Dezembro",97.3
4092,"Janeiro",72.7
4092,"Fevereiro",68.89
4092,"Março",2.57
4092,"Abril",95.07
4092,"Maio",41.72
4092,"Junho",19.14
4092,"Julho",17.57
4092,"Agosto",56.28
4092,"Setembro",75.71
4092,"Outubro",43.53
4092,"Novembro",81.76
4092,"Dezembro",86.85
9772,"Janeiro",53.69
9772,"Fevereiro",54.32
9772,"Março",76.24
9772,"Abril",8.86
9772,"Maio",46.1
9772,"Junho",56.78
9772,"Julho",6.81
9772,"Agosto",1.78
9772,"Setembro",92.5
9772,"Outubro",55.5
9772,"Novembro",28.3
9772,"Dezembro",34.01
2398,"Janeiro",84.6
2398,"Fevereiro",44.39
2398,"Março",55.14
2398,"Abril",4.05
2398,"Maio",50.15
2398,"Junho",8.93
2398,"Julho",8.95
2398,"Agosto",13.39
2398,"Setembro",20.22
2398,"Outubro",70.29
2398,"Novembro",63.51
2398,"Dezembro",41.42
3495,"Janeiro",61.55
3495,"Fevereiro",1.32
3495,"Março",86.05
3495,"Abril",31.1
3495,"Maio",30.39
3495,"Junho",42.86
3495,"Julho",18.76
3495,"Agosto",36.3
3495,"Setembro",48.97
3495,"Outubro",87.68
3495,"Novembro",63.39
3495,"Dezembro",5.82
4902,"Janeiro",57.05
4902,"Fevereiro",61.93
4902,"Março",30.63
4902,"Abril",56.66
4902,"Maio",39.66
4902,"Junho",27.01
4902,"Julho",49.27
4902,"Agosto",94.61
4902,"Setembro",55.02
4902,"Outubro",63.12
4902,"Novembro",64.37
4902,"Dezembro",78.09
9087,"Janeiro",95.75
9087,"Fevereiro",25.44
9087,"Março",24.46
9087,"Abril",85.19
9087,"Maio",8.82
9087,"Junho",9.26
9087,"Julho",73.9
9087,"Agosto",55.33
9087,"Setembro",79.8
9087,"Outubro",10.37
9087,"Novembro",79.2
9087,"Dezembro",87.56
3363,"Janeiro",68.24
3363,"Fevereiro",48.88
3363,"Março",34.98
3363,"Abril",18.45
3363,"Maio",17.32
3363,"Junho",44.51
3363,"Julho",60.57
3363,"Agosto",74.97
3363,"Setembro",63.41
3363,"Outubro",24.66
3363,"Novembro",40.83
3363,"Dezembro",22.86
3739,"Janeiro",20.6
3739,"Fevereiro",67.11
3739,"Março",97.49
3739,"Abril",36.54
3739,"Maio",58.09
3739,"Junho",41.89
3739,"Julho",33.12
3739,"Agosto",79.34
3739,"Setembro",2.3
3739,"Outubro",39.2
3739,"Novembro",23.4
3739,"Dezembro",68.02
2672,"Janeiro",80.32
2672,"Fevereiro",12.23
2672,"Março",64.08
2672,"Abril",39.98
2672,"Maio",82.08
2672,"Junho",86.58
2672,"Julho",59.51
2672,"Agosto",74.75
2672,"Setembro",81.9
2672,"Outubro",66.05
2672,"Novembro",18.88
2672,"Dezembro",18.05
6624,"Janeiro",98.72
6624,"Fevereiro",14.47
6624,"Março",52.42
6624,"Abril",20.57
6624,"Maio",33.95
6624,"Junho",9.69
6624,"Julho",35.68
6624,"Agosto",40.8
6624,"Setembro",38.72
6624,"Outubro",88.18
6624,"Novembro",28.69
6624,"Dezembro",36.88
5691,"Janeiro",22.65
5691,"Fevereiro",80.33
5691,"Março",30.21
5691,"Abril",99.95
5691,"Maio",60.44
5691,"Junho",72.58
5691,"Julho",60.68
5691,"Agosto",82.74
5691,"Setembro",92.32
5691,"Outubro",48.21
5691,"Novembro",81.7
5691,"Dezembro",14.58
8806,"Janeiro",93.09
8806,"Fevereiro",31.83
8806,"Março",78.29
8806,"Abril",5.76
8806,"Maio",33.34
8806,"Junho",62.65
8806,"Julho",67.99
8806,"Agosto",66.63
8806,"Setembro",34.61
8806,"Outubro",10.65
8806,"Novembro",76.22
8806,"Dezembro",67.32
9625,"Janeiro",33.85
9625,"Fevereiro",92.35
9625,"Março",41.68
9625,"Abril",25.44
9625,"Maio",65.1
9625,"Junho",34.71
9625,"Julho",96.24
9625,"Agosto",36.06
9625,"Setembro",1.95
9625,"Outubro",67.02
9625,"Novembro",82.07
9625,"Dezembro",75.78
6487,"Janeiro",82.15
6487,"Fevereiro",3.38
6487,"Março",61.66
6487,"Abril",97.46
6487,"Maio",95.36
6487,"Junho",9.74
6487,"Julho",23.6
6487,"Agosto",22.39
6487,"Setembro",22.25
6487,"Outubro",52.94
6487,"Novembro",57.95
6487,"Dezembro",16.08
8644,"Janeiro",5.84
8644,"Fevereiro",87.88
8644,"Março",22.01
8644,"Abril",42.47
8644,"Maio",54.6
8644,"Junho",82.48
8644,"Julho",81.88
8644,"Agosto",7.07
8644,"Setembro",31.09
8644,"Outubro",32.08
8644,"Novembro",65.94
8644,"Dezembro",54.36
7594,"Janeiro",90.31
7594,"Fevereiro",9.67
7594,"Março",32.92
7594,"Abril",19.87
7594,"Maio",29.78
7594,"Junho",36.43
7594,"Julho",2.85
7594,"Agosto",16.04
7594,"Setembro",21.13
7594,"Outubro",20.52
7594,"Novembro",54.95
7594,"Dezembro",12.08
265,"Janeiro",20.56
265,"Fevereiro",97.12
265,"Março",13.87
265,"Abril",19.27
265,"Maio",70.11
265,"Junho",66.22
265,"Julho",9.31
265,"Agosto",80.26
265,"Setembro",47.46
265,"Outubro",81.97
265,"Novembro",16.64
265,"Dezembro",93.13
4562,"Janeiro",68.14
4562,"Fevereiro",70.12
4562,"Março",98.75
4562,"Abril",33.43
4562,"Maio",10.98
4562,"Junho",19.14
4562,"Julho",0.85
4562,"Agosto",1.35
4562,"Setembro",37.64
4562,"Outubro",79.6
4562,"Novembro",50.4
4562,"Dezembro",86.36
5784,"Janeiro",36.39
5784,"Fevereiro",81.6
5784,"Março",55.43
5784,"Abril",74.28
5784,"Maio",48.16
5784,"Junho",45.06
5784,"Julho",56.24
5784,"Agosto",47.89
5784,"Setembro",17.65
5784,"Outubro",98.54
5784,"Novembro",79.65
5784,"Dezembro",41.93
3865,"Janeiro",67.01
3865,"Fevereiro",45.06
3865,"Março",11.63
3865,"Abril",4.47
3865,"Maio",95.56
3865,"Junho",20.64
3865,"Julho",29.61
3865,"Agosto",0.98
3865,"Setembro",2.35
3865,"Outubro",41.71
3865,"Novembro",19.6
3865,"Dezembro",56.17
7103,"Janeiro",92.19
7103,"Fevereiro",55.92
7103,"Março",81.07
7103,"Abril",15.18
7103,"Maio",31.06
7103,"Junho",91.88
7103,"Julho",71.94
7103,"Agosto",67.08
7103,"Setembro",34.27
7103,"Outubro",75.7
7103,"Novembro",95.78
7103,"Dezembro",56.75
907,"Janeiro",18.12
907,"Fevereiro",33.55
907,"Março",0.35
907,"Abril",60.45
907,"Maio",35.04
907,"Junho",77.55
907,"Julho",81.89
907,"Agosto",60.77
907,"Setembro",65.98
907,"Outubro",62.05
907,"Novembro",8.25
907,"Dezembro",85.18
6012,"Janeiro",25.19
6012,"Fevereiro",82.94
6012,"Março",82.79
6012,"Abril",72.44
6012,"Maio",23.27
6012,"Junho",63.94
6012,"Julho",8.12
6012,"Agosto",48.47
6012,"Setembro",62.66
6012,"Outubro",46.11
6012,"Novembro",52.8
6012,"Dezembro",54.49
4676,"Janeiro",6.96
4676,"Fevereiro",96.05
4676,"Março",10.7
4676,"Abril",48.1
4676,"Maio",39.57
4676,"Junho",50.57
4676,"Julho",78.32
4676,"Agosto",20.25
4676,"Setembro",90.42
4676,"Outubro",69.92
4676,"Novembro",20.07
4676,"Dezembro",32.11
1857,"Janeiro",78.22
1857,"Fevereiro",82.43
1857,"Março",56.03
1857,"Abril",45.42
1857,"Maio",56.3
1857,"Junho",46.56
1857,"Julho",94.48
1857,"Agosto",0.09
1857,"Setembro",23.94
1857,"Outubro",2.66
1857,"Novembro",67.11
1857,"Dezembro",48.68
1983,"Janeiro",97.51
1983,"Fevereiro",82.69
1983,"Março",27.65
1983,"Abril",28.26
1983,"Maio",3.26
1983,"Junho",73.82
1983,"Julho",23.22
1983,"Agosto",9.14
1983,"Setembro",10.01
1983,"Outubro",80.17
1983,"Novembro",87.82
1983,"Dezembro",53.52
2291,"Janeiro",64.23
2291,"Fevereiro",85.5
2291,"Março",93.73
2291,"Abril",39.56
2291,"Maio",54.35
2291,"Junho",40.26
2291,"Julho",24.78
2291,"Agosto",92.34
2291,"Setembro",76.57
2291,"Outubro",36.14
2291,"Novembro",89.08
2291,"Dezembro",23.12
3472,"Janeiro",18.43
3472,"Fevereiro",55.42
3472,"Março",99.58
3472,"Abril",42.91
3472,"Maio",56.38
3472,"Junho",10.71
3472,"Julho",28.52
3472,"Agosto",11.24
3472,"Setembro",41.56
3472,"Outubro",65.04
3472,"Novembro",77.17
3472,"Dezembro",42.35
1407,"Janeiro",76.63
1407,"Fevereiro",22.82
1407,"Março",15.14
1407,"Abril",6.69
1407,"Maio",15.03
1407,"Junho",56.9
1407,"Julho",92.92
1407,"Agosto",11.32
1407,"Setembro",29.76
1407,"Outubro",31.19
1407,"Novembro",1.35
1407,"Dezembro",57.28
8403,"Janeiro",79.99
8403,"Fevereiro",27.09
8403,"Março",1.05
8403,"Abril",17.03
8403,"Maio",40.93
8403,"Junho",64.49
8403,"Julho",91.16
8403,"Agosto",84.69
8403,"Setembro",98.79
8403,"Outubro",23.99
8403,"Novembro",76.7
8403,"Dezembro",44.62
3688,"Janeiro",4.79
3688,"Fevereiro",69.44
3688,"Março",15.06
3688,"Abril",45.69
3688,"Maio",43.5
3688,"Junho",84.52
3688,"Julho",23.82
3688,"Agosto",11.66
3688,"Setembro",57.62
3688,"Outubro",57.78
3688,"Novembro",96.18
3688,"Dezembro",6.37
7951,"Janeiro",6.1
7951,"Fevereiro",7.57
7951,"Março",16.65
7951,"Abril",67.26
7951,"Maio",9.88
7951,"Junho",28.1
7951,"Julho",35.54
7951,"Agosto",60.69
7951,"Setembro",6.6
7951,"Outubro",59.71
7951,"Novembro",9.22
7951,"Dezembro",99.81
2006,"Janeiro",94.56
2006,"Fevereiro",51.12
2006,"Março",16.91
2006,"Abril",74.05
2006,"Maio",43.24
2006,"Junho",36.82
2006,"Julho",65.44
2006,"Agosto",66.82
2006,"Setembro",78.51
2006,"Outubro",73.59
2006,"Novembro",31.45
2006,"Dezembro",82.94
6646,"Janeiro",30.92
6646,"Fevereiro",90.32
6646,"Março",53.56
6646,"Abril",46.42
6646,"Maio",4.93
6646,"Junho",73.43
6646,"Julho",79.95
6646,"Agosto",5.09
6646,"Setembro",97.02
6646,"Outubro",67.01
6646,"Novembro",16.81
6646,"Dezembro",44.83
3595,"Janeiro",95.37
3595,"Fevereiro",87.88
3595,"Março",92.62
3595,"Abril",55.21
3595,"Maio",5.4
3595,"Junho",59.66
3595,"Julho",79.86
3595,"Agosto",51.71
3595,"Setembro",65.06
3595,"Outubro",38.08
3595,"Novembro",40.77
3595,"Dezembro",76.96
4316,"Janeiro",87.18
4316,"Fevereiro",29.24
4316,"Março",43.7
4316,"Abril",57.98
4316,"Maio",21.88
4316,"Junho",75
4316,"Julho",53.32
4316,"Agosto",90.4
4316,"Setembro",61.78
4316,"Outubro",77.1
4316,"Novembro",74.89
4316,"Dezembro",1.9
3290,"Janeiro",5.19
3290,"Fevereiro",83.14
3290,"Março",37.77
3290,"Abril",93.95
3290,"Maio",87.41
3290,"Junho",44.13
3290,"Julho",3.07
3290,"Agosto",11.07
3290,"Setembro",41.12
3290,"Outubro",14.87
3290,"Novembro",46.21
3290,"Dezembro",16.07
748,"Janeiro",74.52
748,"Fevereiro",8.7
748,"Março",2.3
748,"Abril",97.46
748,"Maio",65.25
748,"Junho",24.85
748,"Julho",92.93
748,"Agosto",95.44
748,"Setembro",97.19
748,"Outubro",49.62
748,"Novembro",72.96
748,"Dezembro",32.58
5535,"Janeiro",41.95
5535,"Fevereiro",26.85
5535,"Março",6.67
5535,"Abril",88.44
5535,"Maio",74.95
5535,"Junho",73.51
5535,"Julho",34.64
5535,"Agosto",86.59
5535,"Setembro",79.86
5535,"Outubro",26.36
5535,"Novembro",22.43
5535,"Dezembro",62.99
814,"Janeiro",84.75
814,"Fevereiro",82.55
814,"Março",80.14
814,"Abril",76.9
814,"Maio",12.32
814,"Junho",95.63
814,"Julho",91.35
814,"Agosto",88.91
814,"Setembro",89.22
814,"Outubro",80.26
814,"Novembro",25.63
814,"Dezembro",20.75
3356,"Janeiro",61.23
3356,"Fevereiro",99.2
3356,"Março",27.56
3356,"Abril",86.74
3356,"Maio",63.32
3356,"Junho",35.8
3356,"Julho",12.61
3356,"Agosto",98.77
3356,"Setembro",82.69
3356,"Outubro",76.46
3356,"Novembro",21.79
3356,"Dezembro",68.2
4004,"Janeiro",83.97
4004,"Fevereiro",40.44
4004,"Março",72.52
4004,"Abril",95.87
4004,"Maio",11.57
4004,"Junho",77.36
4004,"Julho",28.39
4004,"Agosto",59.29
4004,"Setembro",57.74
4004,"Outubro",51.22
4004,"Novembro",23.58
4004,"Dezembro",88.7
7143,"Janeiro",23.01
7143,"Fevereiro",40.06
7143,"Março",62.5
7143,"Abril",18.68
7143,"Maio",31.94
7143,"Junho",75.29
7143,"Julho",90.48
7143,"Agosto",77.59
7143,"Setembro",69.39
7143,"Outubro",92.08
7143,"Novembro",63.79
7143,"Dezembro",13.02
1584,"Janeiro",31.24
1584,"Fevereiro",48.87
1584,"Março",49.69
1584,"Abril",69.46
1584,"Maio",2.82
1584,"Junho",9.45
1584,"Julho",82.52
1584,"Agosto",93.66
1584,"Setembro",43.39
1584,"Outubro",43.36
1584,"Novembro",61.01
1584,"Dezembro",60.15
8719,"Janeiro",26.76
8719,"Fevereiro",7.77
8719,"Março",62.57
8719,"Abril",88.89
8719,"Maio",42.1
8719,"Junho",18.71
8719,"Julho",3.82
8719,"Agosto",57.6
8719,"Setembro",42.87
8719,"Outubro",14.59
8719,"Novembro",12.25
8719,"Dezembro",97.49
8964,"Janeiro",95.22
8964,"Fevereiro",99.24
8964,"Março",77.09
8964,"Abril",88.88
8964,"Maio",89.58
8964,"Junho",85.41
8964,"Julho",76.47
8964,"Agosto",88.24
8964,"Setembro",69.48
8964,"Outubro",61.5
8964,"Novembro",13.78
8964,"Dezembro",60.71
9584,"Janeiro",14.06
9584,"Fevereiro",30.2
9584,"Março",75.9
9584,"Abril",99.13
9584,"Maio",37.87
9584,"Junho",59.32
9584,"Julho",45.56
9584,"Agosto",29.22
9584,"Setembro",33.78
9584,"Outubro",99.7
9584,"Novembro",12.87
9584,"Dezembro",78.87
5066,"Janeiro",63.33
5066,"Fevereiro",85.93
5066,"Março",70.78
5066,"Abril",26.95
5066,"Maio",52.86
5066,"Junho",1.13
5066,"Julho",61.11
5066,"Agosto",42.84
5066,"Setembro",62.26
5066,"Outubro",18.68
5066,"Novembro",87.28
5066,"Dezembro",77.49
3994,"Janeiro",90.52
3994,"Fevereiro",72.65
3994,"Março",51.4
3994,"Abril",92.41
3994,"Maio",18.14
3994,"Junho",45.64
3994,"Julho",4.11
3994,"Agosto",31.52
3994,"Setembro",46.77
3994,"Outubro",81.37
3994,"Novembro",68.96
3994,"Dezembro",55.82
224,"Janeiro",3.41
224,"Fevereiro",44.94
224,"Março",64.59
224,"Abril",76.28
224,"Maio",20.64
224,"Junho",82.68
224,"Julho",99.82
224,"Agosto",47.14
224,"Setembro",28.19
224,"Outubro",53.42
224,"Novembro",98.58
224,"Dezembro",75.36
1827,"Janeiro",86.63
1827,"Fevereiro",41.89
1827,"Março",23.38
1827,"Abril",96.18
1827,"Maio",55.74
1827,"Junho",27.26
1827,"Julho",70.21
1827,"Agosto",14.34
1827,"Setembro",2.8
1827,"Outubro",76.79
1827,"Novembro",3.29
1827,"Dezembro",52.82
2843,"Janeiro",17.3
2843,"Fevereiro",32.82
2843,"Março",26.9
2843,"Abril",23.22
2843,"Maio",84.53
2843,"Junho",58.71
2843,"Julho",57.68
2843,"Agosto",33.62
2843,"Setembro",92.39
2843,"Outubro",4.97
2843,"Novembro",23.57
2843,"Dezembro",75.4
6643,"Janeiro",88.84
6643,"Fevereiro",56.45
6643,"Março",95.2
6643,"Abril",69.64
6643,"Maio",20.48
6643,"Junho",81.16
6643,"Julho",40.6
6643,"Agosto",39.12
6643,"Setembro",81.59
6643,"Outubro",89.93
6643,"Novembro",56.05
6643,"Dezembro",30.71
2960,"Janeiro",95.41
2960,"Fevereiro",51.83
2960,"Março",70.37
2960,"Abril",31.6
2960,"Maio",13.92
2960,"Junho",41.88
2960,"Julho",63.43
2960,"Agosto",10.01
2960,"Setembro",67.07
2960,"Outubro",5.21
2960,"Novembro",67.8
2960,"Dezembro",30.31
1824,"Janeiro",77.5
1824,"Fevereiro",2.4
1824,"Março",97.41
1824,"Abril",65.47
1824,"Maio",8.22
1824,"Junho",32.65
1824,"Julho",8.66
1824,"Agosto",2.3
1824,"Setembro",93.74
1824,"Outubro",21.05
1824,"Novembro",8.85
1824,"Dezembro",61.64
2428,"Janeiro",21.35
2428,"Fevereiro",55.92
2428,"Março",54.43
2428,"Abril",53.59
2428,"Maio",27.87
2428,"Junho",13.42
2428,"Julho",91.69
2428,"Agosto",7.27
2428,"Setembro",20.1
2428,"Outubro",85.02
2428,"Novembro",19.9
2428,"Dezembro",91.18
4928,"Janeiro",78.89
4928,"Fevereiro",2.13
4928,"Março",4.63
4928,"Abril",82.04
4928,"Maio",46.93
4928,"Junho",26.59
4928,"Julho",85.03
4928,"Agosto",60.4
4928,"Setembro",30.95
4928,"Outubro",71.24
4928,"Novembro",4
4928,"Dezembro",20.85
4398,"Janeiro",96.12
4398,"Fevereiro",4.72
4398,"Março",44.57
4398,"Abril",15.17
4398,"Maio",93.38
4398,"Junho",88.44
4398,"Julho",22.77
4398,"Agosto",46.84
4398,"Setembro",51.85
4398,"Outubro",86.43
4398,"Novembro",38.08
4398,"Dezembro",95.47
4962,"Janeiro",96.17
4962,"Fevereiro",9.96
4962,"Março",84.55
4962,"Abril",67.71
4962,"Maio",19.31
4962,"Junho",45.7
4962,"Julho",6.08
4962,"Agosto",81.6
4962,"Setembro",41.08
4962,"Outubro",48.99
4962,"Novembro",84.44
4962,"Dezembro",39.25
1810,"Janeiro",92.03
1810,"Fevereiro",20.25
1810,"Março",96.66
1810,"Abril",83.44
1810,"Maio",59.33
1810,"Junho",52.56
1810,"Julho",13.39
1810,"Agosto",28.52
1810,"Setembro",41.15
1810,"Outubro",35.02
1810,"Novembro",29.69
1810,"Dezembro",91.91
7174,"Janeiro",78.89
7174,"Fevereiro",15.59
7174,"Março",0.27
7174,"Abril",48.84
7174,"Maio",82.53
7174,"Junho",73.28
7174,"Julho",39.06
7174,"Agosto",98.19
7174,"Setembro",29.8
7174,"Outubro",19
7174,"Novembro",51.42
7174,"Dezembro",79.81
4921,"Janeiro",58.24
4921,"Fevereiro",35.89
4921,"Março",49.79
4921,"Abril",17.74
4921,"Maio",86.63
4921,"Junho",33.44
4921,"Julho",28.69
4921,"Agosto",70.06
4921,"Setembro",37.92
4921,"Outubro",45.73
4921,"Novembro",20.22
4921,"Dezembro",4.61
4892,"Janeiro",54.46
4892,"Fevereiro",89.25
4892,"Março",79.43
4892,"Abril",1.27
4892,"Maio",15.64
4892,"Junho",4.91
4892,"Julho",14.91
4892,"Agosto",80.1
4892,"Setembro",2.17
4892,"Outubro",24.86
4892,"Novembro",6.56
4892,"Dezembro",91.14
9687,"Janeiro",83.48
9687,"Fevereiro",18.71
9687,"Março",71.61
9687,"Abril",89.17
9687,"Maio",49.96
9687,"Junho",56.84
9687,"Julho",22.85
9687,"Agosto",1.1
9687,"Setembro",70.88
9687,"Outubro",23.82
9687,"Novembro",38
9687,"Dezembro",42.4
4729,"Janeiro",81.69
4729,"Fevereiro",71.69
4729,"Março",63.41
4729,"Abril",36.85
4729,"Maio",64.54
4729,"Junho",39.61
4729,"Julho",46.43
4729,"Agosto",59.41
4729,"Setembro",67.27
4729,"Outubro",23.64
4729,"Novembro",64.07
4729,"Dezembro",72.47
4470,"Janeiro",99.24
4470,"Fevereiro",70.09
4470,"Março",2.54
4470,"Abril",18.66
4470,"Maio",42.43
4470,"Junho",92.69
4470,"Julho",35.64
4470,"Agosto",62.8
4470,"Setembro",72.64
4470,"Outubro",15.57
4470,"Novembro",55.39
4470,"Dezembro",94.58
1757,"Janeiro",93.5
1757,"Fevereiro",54.05
1757,"Março",19.01
1757,"Abril",87.67
1757,"Maio",54.16
1757,"Junho",60.05
1757,"Julho",90.01
1757,"Agosto",60.26
1757,"Setembro",19.79
1757,"Outubro",47.04
1757,"Novembro",48.54
1757,"Dezembro",24.02
9125,"Janeiro",21.75
9125,"Fevereiro",43.77
9125,"Março",12.3
9125,"Abril",48.73
9125,"Maio",35.48
9125,"Junho",16.62
9125,"Julho",16.59
9125,"Agosto",62.25
9125,"Setembro",39.5
9125,"Outubro",61.9
9125,"Novembro",76.51
9125,"Dezembro",68.99
3873,"Janeiro",3.44
3873,"Fevereiro",66.16
3873,"Março",44.86
3873,"Abril",34.79
3873,"Maio",2.79
3873,"Junho",7.34
3873,"Julho",82.13
3873,"Agosto",88.78
3873,"Setembro",42.67
3873,"Outubro",2.36
3873,"Novembro",37.53
3873,"Dezembro",25.52
4369,"Janeiro",33.72
4369,"Fevereiro",20.14
4369,"Março",36.62
4369,"Abril",44.59
4369,"Maio",74.69
4369,"Junho",37.45
4369,"Julho",80.99
4369,"Agosto",47.42
4369,"Setembro",37.12
4369,"Outubro",93.72
4369,"Novembro",72.55
4369,"Dezembro",74.93
4005,"Janeiro",82.12
4005,"Fevereiro",44.72
4005,"Março",43.7
4005,"Abril",42.69
4005,"Maio",54.61
4005,"Junho",28.42
4005,"Julho",57.63
4005,"Agosto",45.85
4005,"Setembro",80.04
4005,"Outubro",74.28
4005,"Novembro",69.94
4005,"Dezembro",94.03
3062,"Janeiro",13.67
3062,"Fevereiro",60.57
3062,"Março",67.24
3062,"Abril",29.37
3062,"Maio",61.63
3062,"Junho",9.53
3062,"Julho",28.93
3062,"Agosto",72.07
3062,"Setembro",42.69
3062,"Outubro",72.02
3062,"Novembro",88.63
3062,"Dezembro",20.1
7044,"Janeiro",11
7044,"Fevereiro",63.46
7044,"Março",93.49
7044,"Abril",59.31
7044,"Maio",0.93
7044,"Junho",3.35
7044,"Julho",24.32
7044,"Agosto",37.34
7044,"Setembro",95.51
7044,"Outubro",42.39
7044,"Novembro",89.97
7044,"Dezembro",54.8
8124,"Janeiro",52.49
8124,"Fevereiro",96.22
8124,"Março",1.25
8124,"Abril",94.1
8124,"Maio",11.21
8124,"Junho",0.22
8124,"Julho",20.32
8124,"Agosto",1.61
8124,"Setembro",43.48
8124,"Outubro",95.61
8124,"Novembro",76.62
8124,"Dezembro",88.08
7368,"Janeiro",84.5
7368,"Fevereiro",30.1
7368,"Março",59.53
7368,"Abril",54.62
7368,"Maio",28.19
7368,"Junho",88.19
7368,"Julho",85.6
7368,"Agosto",91.83
7368,"Setembro",58.56
7368,"Outubro",20.62
7368,"Novembro",33.74
7368,"Dezembro",80.26
5359,"Janeiro",11.81
5359,"Fevereiro",49.86
5359,"Março",85.52
5359,"Abril",30.47
5359,"Maio",38.88
5359,"Junho",92.09
5359,"Julho",8.96
5359,"Agosto",49.65
5359,"Setembro",34.06
5359,"Outubro",79.17
5359,"Novembro",85.71
5359,"Dezembro",38.51
1984,"Janeiro",79.15
1984,"Fevereiro",90.8
1984,"Março",77.54
1984,"Abril",42.75
1984,"Maio",86.97
1984,"Junho",92.04
1984,"Julho",71
1984,"Agosto",35.82
1984,"Setembro",38.24
1984,"Outubro",89.19
1984,"Novembro",56.21
1984,"Dezembro",24.18
8174,"Janeiro",17.67
8174,"Fevereiro",10.07
8174,"Março",24.69
8174,"Abril",51.77
8174,"Maio",76.79
8174,"Junho",80.87
8174,"Julho",27.05
8174,"Agosto",30.45
8174,"Setembro",4.8
8174,"Outubro",37.28
8174,"Novembro",39.47
8174,"Dezembro",26.7
1377,"Janeiro",31.31
1377,"Fevereiro",42.55
1377,"Março",8.27
1377,"Abril",19.59
1377,"Maio",90.56
1377,"Junho",46.27
1377,"Julho",22.89
1377,"Agosto",76.76
1377,"Setembro",92.46
1377,"Outubro",68.31
1377,"Novembro",29.24
1377,"Dezembro",64.32
4375,"Janeiro",17.31
4375,"Fevereiro",4.68
4375,"Março",14.29
4375,"Abril",11.37
4375,"Maio",44.8
4375,"Junho",13.48
4375,"Julho",62.37
4375,"Agosto",88.81
4375,"Setembro",87.72
4375,"Outubro",33.35
4375,"Novembro",40.34
4375,"Dezembro",32.98
2049,"Janeiro",21.5
2049,"Fevereiro",24.27
2049,"Março",36.41
2049,"Abril",32.8
2049,"Maio",69.09
2049,"Junho",58.87
2049,"Julho",19.59
2049,"Agosto",82.06
2049,"Setembro",89.77
2049,"Outubro",99.92
2049,"Novembro",8.69
2049,"Dezembro",61.99
2413,"Janeiro",27.08
2413,"Fevereiro",71.2
2413,"Março",47.4
2413,"Abril",96.1
2413,"Maio",42.72
2413,"Junho",98.72
2413,"Julho",33.81
2413,"Agosto",39.63
2413,"Setembro",86.53
2413,"Outubro",25.8
2413,"Novembro",3.61
2413,"Dezembro",66.23
543,"Janeiro",40.4
543,"Fevereiro",73.02
543,"Março",14.79
543,"Abril",97.22
543,"Maio",59.61
543,"Junho",66.45
543,"Julho",75.91
543,"Agosto",13.72
543,"Setembro",85.46
543,"Outubro",81.16
543,"Novembro",87.9
543,"Dezembro",29.29
752,"Janeiro",97.28
752,"Fevereiro",36.45
752,"Março",96.25
752,"Abril",6.88
752,"Maio",19.07
752,"Junho",78.77
752,"Julho",71.4
752,"Agosto",13
752,"Setembro",82.99
752,"Outubro",32.79
752,"Novembro",26.2
752,"Dezembro",63.14
1918,"Janeiro",93.65
1918,"Fevereiro",48.5
1918,"Março",42.13
1918,"Abril",5.32
1918,"Maio",82.12
1918,"Junho",17.54
1918,"Julho",51.07
1918,"Agosto",47.27
1918,"Setembro",66.97
1918,"Outubro",95.51
1918,"Novembro",63.04
1918,"Dezembro",75.32
1805,"Janeiro",90.05
1805,"Fevereiro",70.73
1805,"Março",6.8
1805,"Abril",41.93
1805,"Maio",56.45
1805,"Junho",19.08
1805,"Julho",95.54
1805,"Agosto",46.99
1805,"Setembro",49.88
1805,"Outubro",34.12
1805,"Novembro",81.33
1805,"Dezembro",40.73
4683,"Janeiro",0.41
4683,"Fevereiro",38.61
4683,"Março",64.32
4683,"Abril",96.58
4683,"Maio",71.94
4683,"Junho",67.95
4683,"Julho",37.15
4683,"Agosto",38.62
4683,"Setembro",24.81
4683,"Outubro",30.86
4683,"Novembro",39.28
4683,"Dezembro",10.51
5688,"Janeiro",57.79
5688,"Fevereiro",40.01
5688,"Março",91.34
5688,"Abril",5.76
5688,"Maio",72.57
5688,"Junho",55.23
5688,"Julho",8.38
5688,"Agosto",12.19
5688,"Setembro",65.75
5688,"Outubro",51.63
5688,"Novembro",46.26
5688,"Dezembro",16.89
8294,"Janeiro",24.38
8294,"Fevereiro",30.61
8294,"Março",14.82
8294,"Abril",55.36
8294,"Maio",5.85
8294,"Junho",51.95
8294,"Julho",52.06
8294,"Agosto",44.21
8294,"Setembro",94.63
8294,"Outubro",49.47
8294,"Novembro",59.48
8294,"Dezembro",20.47
9244,"Janeiro",73.42
9244,"Fevereiro",70.84
9244,"Março",93.23
9244,"Abril",46.71
9244,"Maio",4.3
9244,"Junho",31.08
9244,"Julho",24.07
9244,"Agosto",65.02
9244,"Setembro",23.08
9244,"Outubro",45.94
9244,"Novembro",39.56
9244,"Dezembro",6.72
2401,"Janeiro",52
2401,"Fevereiro",8.68
2401,"Março",2.89
2401,"Abril",67.53
2401,"Maio",9.25
2401,"Junho",57.35
2401,"Julho",95.28
2401,"Agosto",71.91
2401,"Setembro",14.06
2401,"Outubro",92.31
2401,"Novembro",86.97
2401,"Dezembro",79.78
5484,"Janeiro",8
5484,"Fevereiro",18.73
5484,"Março",85.99
5484,"Abril",8.67
5484,"Maio",72.42
5484,"Junho",40.71
5484,"Julho",47.5
5484,"Agosto",26.75
5484,"Setembro",10.67
5484,"Outubro",42.7
5484,"Novembro",75.75
5484,"Dezembro",11.78
9072,"Janeiro",85.25
9072,"Fevereiro",46.47
9072,"Março",78.82
9072,"Abril",35.06
9072,"Maio",67.78
9072,"Junho",37.2
9072,"Julho",43.34
9072,"Agosto",35.42
9072,"Setembro",91.77
9072,"Outubro",52.46
9072,"Novembro",3.43
9072,"Dezembro",87.47
2681,"Janeiro",7.17
2681,"Fevereiro",91.97
2681,"Março",47.12
2681,"Abril",24.89
2681,"Maio",44.32
2681,"Junho",12.18
2681,"Julho",73.15
2681,"Agosto",70.06
2681,"Setembro",54.15
2681,"Outubro",87.3
2681,"Novembro",64.28
2681,"Dezembro",33.2
134,"Janeiro",74.91
134,"Fevereiro",30.46
134,"Março",77.69
134,"Abril",93.63
134,"Maio",41.75
134,"Junho",70.03
134,"Julho",40.64
134,"Agosto",10.35
134,"Setembro",82.81
134,"Outubro",51.16
134,"Novembro",38.34
134,"Dezembro",24.19
3853,"Janeiro",83.37
3853,"Fevereiro",94.93
3853,"Março",46.2
3853,"Abril",76.47
3853,"Maio",65.6
3853,"Junho",81.52
3853,"Julho",67.15
3853,"Agosto",84.72
3853,"Setembro",20.45
3853,"Outubro",57.42
3853,"Novembro",55.77
3853,"Dezembro",32.24
7550,"Janeiro",8.58
7550,"Fevereiro",47.54
7550,"Março",89.82
7550,"Abril",67.24
7550,"Maio",12.64
7550,"Junho",18.42
7550,"Julho",37.12
7550,"Agosto",38.68
7550,"Setembro",47.46
7550,"Outubro",35
7550,"Novembro",57.18
7550,"Dezembro",47.42
1064,"Janeiro",74.88
1064,"Fevereiro",35.08
1064,"Março",31.29
1064,"Abril",88.08
1064,"Maio",93.83
1064,"Junho",55.64
1064,"Julho",65.77
1064,"Agosto",24.19
1064,"Setembro",48.17
1064,"Outubro",78.01
1064,"Novembro",87.51
1064,"Dezembro",21.18
2442,"Janeiro",99.2
2442,"Fevereiro",58.97
2442,"Março",81.33
2442,"Abril",87.8
2442,"Maio",4.33
2442,"Junho",24.37
2442,"Julho",86.83
2442,"Agosto",36.3
2442,"Setembro",84.94
2442,"Outubro",22.76
2442,"Novembro",70.62
2442,"Dezembro",77.55
9085,"Janeiro",67.59
9085,"Fevereiro",99.92
9085,"Março",51.68
9085,"Abril",65.69
9085,"Maio",69.78
9085,"Junho",70.72
9085,"Julho",26.14
9085,"Agosto",56.88
9085,"Setembro",18.33
9085,"Outubro",55.52
9085,"Novembro",49.76
9085,"Dezembro",35.77
1147,"Janeiro",95.03
1147,"Fevereiro",95.18
1147,"Março",5.48
1147,"Abril",62.35
1147,"Maio",42.8
1147,"Junho",10.89
1147,"Julho",75.54
1147,"Agosto",13.23
1147,"Setembro",7.55
1147,"Outubro",58.77
1147,"Novembro",84
1147,"Dezembro",57.42
8407,"Janeiro",45.26
8407,"Fevereiro",9.76
8407,"Março",64.31
8407,"Abril",42.69
8407,"Maio",40
8407,"Junho",9.99
8407,"Julho",10.92
8407,"Agosto",18.37
8407,"Setembro",4.19
8407,"Outubro",12.2
8407,"Novembro",43.68
8407,"Dezembro",99.31
3956,"Janeiro",25.61
3956,"Fevereiro",7.32
3956,"Março",23.28
3956,"Abril",26.65
3956,"Maio",99.43
3956,"Junho",77.26
3956,"Julho",96.69
3956,"Agosto",31.67
3956,"Setembro",88.92
3956,"Outubro",4.78
3956,"Novembro",75.22
3956,"Dezembro",52.75
2582,"Janeiro",71.66
2582,"Fevereiro",23.01
2582,"Março",28.58
2582,"Abril",59.46
2582,"Maio",71.86
2582,"Junho",42.29
2582,"Julho",80.77
2582,"Agosto",49.94
2582,"Setembro",66.73
2582,"Outubro",33.98
2582,"Novembro",43.8
2582,"Dezembro",36.42
2523,"Janeiro",87.8
2523,"Fevereiro",33.9
2523,"Março",57.46
2523,"Abril",49.49
2523,"Maio",18.04
2523,"Junho",54.74
2523,"Julho",79.11
2523,"Agosto",90.83
2523,"Setembro",25.33
2523,"Outubro",88.07
2523,"Novembro",51.05
2523,"Dezembro",72.54
972,"Janeiro",23.95
972,"Fevereiro",50.24
972,"Março",66.38
972,"Abril",18.42
972,"Maio",58.77
972,"Junho",77.78
972,"Julho",2.14
972,"Agosto",30.07
972,"Setembro",85.47
972,"Outubro",91.09
972,"Novembro",43.85
972,"Dezembro",86.83
8289,"Janeiro",34.26
8289,"Fevereiro",78.4
8289,"Março",74.28
8289,"Abril",31.51
8289,"Maio",49.57
8289,"Junho",67.65
8289,"Julho",40.43
8289,"Agosto",93.08
8289,"Setembro",44.4
8289,"Outubro",28.19
8289,"Novembro",91.06
8289,"Dezembro",88.79
1514,"Janeiro",77.48
1514,"Fevereiro",71.98
1514,"Março",66.14
1514,"Abril",79.93
1514,"Maio",18.75
1514,"Junho",71.24
1514,"Julho",58.25
1514,"Agosto",59.2
1514,"Setembro",58.4
1514,"Outubro",1.11
1514,"Novembro",11.47
1514,"Dezembro",30.13
2976,"Janeiro",83.81
2976,"Fevereiro",22.73
2976,"Março",63.1
2976,"Abril",75.84
2976,"Maio",62.04
2976,"Junho",82.58
2976,"Julho",52.68
2976,"Agosto",98.9
2976,"Setembro",92.72
2976,"Outubro",38.66
2976,"Novembro",36.77
2976,"Dezembro",3.24
2909,"Janeiro",21.1
2909,"Fevereiro",29.97
2909,"Março",94.89
2909,"Abril",14.2
2909,"Maio",78.26
2909,"Junho",63.4
2909,"Julho",20.53
2909,"Agosto",72.21
2909,"Setembro",10.84
2909,"Outubro",93.73
2909,"Novembro",80.26
2909,"Dezembro",35.33
4000,"Janeiro",60.81
4000,"Fevereiro",48.29
4000,"Março",74.24
4000,"Abril",75.97
4000,"Maio",52.39
4000,"Junho",17.96
4000,"Julho",81.96
4000,"Agosto",38.35
4000,"Setembro",1.01
4000,"Outubro",49.65
4000,"Novembro",23.47
4000,"Dezembro",9.46
7948,"Janeiro",80.69
7948,"Fevereiro",23.91
7948,"Março",11.44
7948,"Abril",11.67
7948,"Maio",79.99
7948,"Junho",11.02
7948,"Julho",84.4
7948,"Agosto",59.03
7948,"Setembro",65.54
7948,"Outubro",95.42
7948,"Novembro",24.43
7948,"Dezembro",34.83
6510,"Janeiro",68.02
6510,"Fevereiro",38.95
6510,"Março",64
6510,"Abril",17.1
6510,"Maio",89.52
6510,"Junho",34.43
6510,"Julho",80.08
6510,"Agosto",58.61
6510,"Setembro",96.29
6510,"Outubro",18.84
6510,"Novembro",25.9
6510,"Dezembro",33.03
9012,"Janeiro",96.79
9012,"Fevereiro",28.57
9012,"Março",28.24
9012,"Abril",24.64
9012,"Maio",34.45
9012,"Junho",3.43
9012,"Julho",77.72
9012,"Agosto",98.21
9012,"Setembro",74.35
9012,"Outubro",53.15
9012,"Novembro",3.77
9012,"Dezembro",0.68
3153,"Janeiro",45.94
3153,"Fevereiro",26.45
3153,"Março",56.1
3153,"Abril",58.58
3153,"Maio",43.4
3153,"Junho",33.25
3153,"Julho",66.36
3153,"Agosto",77.12
3153,"Setembro",74.34
3153,"Outubro",53.46
3153,"Novembro",19.55
3153,"Dezembro",33.26
2802,"Janeiro",91.7
2802,"Fevereiro",40.65
2802,"Março",46.82
2802,"Abril",13.84
2802,"Maio",71.56
2802,"Junho",62.48
2802,"Julho",7.75
2802,"Agosto",7.87
2802,"Setembro",6.6
2802,"Outubro",47.53
2802,"Novembro",80.12
2802,"Dezembro",81.42
4813,"Janeiro",27.79
4813,"Fevereiro",14.15
4813,"Março",44.12
4813,"Abril",50.95
4813,"Maio",97.1
4813,"Junho",85.33
4813,"Julho",18.21
4813,"Agosto",71.9
4813,"Setembro",54.49
4813,"Outubro",80.38
4813,"Novembro",75.67
4813,"Dezembro",44.49
8390,"Janeiro",71.25
8390,"Fevereiro",21.07
8390,"Março",99.11
8390,"Abril",59.43
8390,"Maio",21.37
8390,"Junho",32.85
8390,"Julho",85.63
8390,"Agosto",16.66
8390,"Setembro",20.98
8390,"Outubro",82.06
8390,"Novembro",60.14
8390,"Dezembro",53.75
3051,"Janeiro",4.63
3051,"Fevereiro",93.08
3051,"Março",29.04
3051,"Abril",3.66
3051,"Maio",70.74
3051,"Junho",73.66
3051,"Julho",61.79
3051,"Agosto",6.03
3051,"Setembro",20.56
3051,"Outubro",84.07
3051,"Novembro",62
3051,"Dezembro",6.81
1190,"Janeiro",6.06
1190,"Fevereiro",67.64
1190,"Março",35.42
1190,"Abril",51.53
1190,"Maio",3.66
1190,"Junho",22.82
1190,"Julho",98.03
1190,"Agosto",16.36
1190,"Setembro",33.18
1190,"Outubro",34.97
1190,"Novembro",16.19
1190,"Dezembro",19.8
4876,"Janeiro",36.76
4876,"Fevereiro",11.48
4876,"Março",13.15
4876,"Abril",88.72
4876,"Maio",29.87
4876,"Junho",81.6
4876,"Julho",16.46
4876,"Agosto",60.33
4876,"Setembro",75.98
4876,"Outubro",24.91
4876,"Novembro",53.5
4876,"Dezembro",69.71
4748,"Janeiro",24.16
4748,"Fevereiro",95.59
4748,"Março",81.78
4748,"Abril",25.62
4748,"Maio",45.91
4748,"Junho",27.87
4748,"Julho",47.53
4748,"Agosto",52.34
4748,"Setembro",7.14
4748,"Outubro",37.56
4748,"Novembro",53.2
4748,"Dezembro",99.33
2928,"Janeiro",46.05
2928,"Fevereiro",78.87
2928,"Março",43.88
2928,"Abril",98.37
2928,"Maio",74.2
2928,"Junho",66.83
2928,"Julho",35.17
2928,"Agosto",39.01
2928,"Setembro",50.44
2928,"Outubro",39.63
2928,"Novembro",91.71
2928,"Dezembro",72.21
5257,"Janeiro",2.2
5257,"Fevereiro",68.74
5257,"Março",52.63
5257,"Abril",69.81
5257,"Maio",94.65
5257,"Junho",90.7
5257,"Julho",40.95
5257,"Agosto",3.92
5257,"Setembro",62.51
5257,"Outubro",38.03
5257,"Novembro",72.74
5257,"Dezembro",54.43
476,"Janeiro",37.32
476,"Fevereiro",27.2
476,"Março",88.54
476,"Abril",54.96
476,"Maio",14.38
476,"Junho",87.62
476,"Julho",51.19
476,"Agosto",10.84
476,"Setembro",65.46
476,"Outubro",29.57
476,"Novembro",10.13
476,"Dezembro",39.69
1067,"Janeiro",66.59
1067,"Fevereiro",57.59
1067,"Março",95.59
1067,"Abril",4.14
1067,"Maio",34
1067,"Junho",93.74
1067,"Julho",29.76
1067,"Agosto",29.75
1067,"Setembro",59.59
1067,"Outubro",96.56
1067,"Novembro",78.97
1067,"Dezembro",91.51
760,"Janeiro",74.44
760,"Fevereiro",24.23
760,"Março",44.04
760,"Abril",71.42
760,"Maio",63.44
760,"Junho",73.37
760,"Julho",12.54
760,"Agosto",0.78
760,"Setembro",44.48
760,"Outubro",57.96
760,"Novembro",45.4
760,"Dezembro",90.86
6880,"Janeiro",38.06
6880,"Fevereiro",82.52
6880,"Março",24.77
6880,"Abril",57.05
6880,"Maio",82.54
6880,"Junho",12.35
6880,"Julho",67.66
6880,"Agosto",45.83
6880,"Setembro",8.94
6880,"Outubro",69.46
6880,"Novembro",28.41
6880,"Dezembro",12.78
7516,"Janeiro",94.88
7516,"Fevereiro",87.35
7516,"Março",44.97
7516,"Abril",99.75
7516,"Maio",1.03
7516,"Junho",35.24
7516,"Julho",61.52
7516,"Agosto",21.64
7516,"Setembro",54.63
7516,"Outubro",29.72
7516,"Novembro",56.57
7516,"Dezembro",78.14
8125,"Janeiro",83.12
8125,"Fevereiro",59.16
8125,"Março",35.51
8125,"Abril",89.52
8125,"Maio",36.06
8125,"Junho",48.88
8125,"Julho",70.49
8125,"Agosto",59.97
8125,"Setembro",66.88
8125,"Outubro",86.44
8125,"Novembro",12.58
8125,"Dezembro",41.06
5606,"Janeiro",77.53
5606,"Fevereiro",20.11
5606,"Março",70.76
5606,"Abril",82.29
5606,"Maio",4.06
5606,"Junho",66.73
5606,"Julho",41.68
5606,"Agosto",2.8
5606,"Setembro",33.48
5606,"Outubro",74.67
5606,"Novembro",15.17
5606,"Dezembro",37.23
6296,"Janeiro",93.48
6296,"Fevereiro",52.23
6296,"Março",84.96
6296,"Abril",76.83
6296,"Maio",84.36
6296,"Junho",91.09
6296,"Julho",17.77
6296,"Agosto",76.29
6296,"Setembro",39.3
6296,"Outubro",94.82
6296,"Novembro",49.73
6296,"Dezembro",3.17
7336,"Janeiro",48.16
7336,"Fevereiro",48.04
7336,"Março",70.75
7336,"Abril",38.99
7336,"Maio",32.91
7336,"Junho",42.96
7336,"Julho",47.24
7336,"Agosto",12.62
7336,"Setembro",7.07
7336,"Outubro",72.67
7336,"Novembro",16.08
7336,"Dezembro",42.94
6902,"Janeiro",86.14
6902,"Fevereiro",49.92
6902,"Março",75.51
6902,"Abril",52.09
6902,"Maio",74.43
6902,"Junho",18.11
6902,"Julho",95.99
6902,"Agosto",88.47
6902,"Setembro",28.42
6902,"Outubro",68.52
6902,"Novembro",26.55
6902,"Dezembro",36.85
5446,"Janeiro",13.23
5446,"Fevereiro",5.25
5446,"Março",11.39
5446,"Abril",50.78
5446,"Maio",51.98
5446,"Junho",10.82
5446,"Julho",62.94
5446,"Agosto",17.52
5446,"Setembro",56.73
5446,"Outubro",55.51
5446,"Novembro",51.45
5446,"Dezembro",39.77
3138,"Janeiro",14.65
3138,"Fevereiro",82.52
3138,"Março",59.63
3138,"Abril",25.48
3138,"Maio",37.55
3138,"Junho",32.47
3138,"Julho",38.11
3138,"Agosto",92.07
3138,"Setembro",53.75
3138,"Outubro",20.89
3138,"Novembro",46.16
3138,"Dezembro",7.7
1379,"Janeiro",49.05
1379,"Fevereiro",25.97
1379,"Março",32.39
1379,"Abril",30.77
1379,"Maio",88.57
1379,"Junho",23.35
1379,"Julho",13.14
1379,"Agosto",32.34
1379,"Setembro",26.12
1379,"Outubro",90.3
1379,"Novembro",82.81
1379,"Dezembro",15.55
5240,"Janeiro",57.75
5240,"Fevereiro",30.27
5240,"Março",52.79
5240,"Abril",99.76
5240,"Maio",51.08
5240,"Junho",92.06
5240,"Julho",72.17
5240,"Agosto",26.64
5240,"Setembro",8.44
5240,"Outubro",46.67
5240,"Novembro",37.2
5240,"Dezembro",64.34
9662,"Janeiro",97.74
9662,"Fevereiro",55.77
9662,"Março",90.07
9662,"Abril",57.98
9662,"Maio",7.24
9662,"Junho",12.22
9662,"Julho",30.37
9662,"Agosto",42.2
9662,"Setembro",28.29
9662,"Outubro",2.69
9662,"Novembro",69.09
9662,"Dezembro",11.81
1787,"Janeiro",90.44
1787,"Fevereiro",8.01
1787,"Março",90.48
1787,"Abril",9.72
1787,"Maio",39.43
1787,"Junho",27.77
1787,"Julho",16.02
1787,"Agosto",70.39
1787,"Setembro",49.09
1787,"Outubro",96.86
1787,"Novembro",76.92
1787,"Dezembro",72.51
9252,"Janeiro",45.09
9252,"Fevereiro",90.86
9252,"Março",55.24
9252,"Abril",7.12
9252,"Maio",53.5
9252,"Junho",3.87
9252,"Julho",29.24
9252,"Agosto",91.39
9252,"Setembro",20.46
9252,"Outubro",32.91
9252,"Novembro",25.32
9252,"Dezembro",48.57
5223,"Janeiro",62.46
5223,"Fevereiro",20.94
5223,"Março",76.39
5223,"Abril",80.73
5223,"Maio",7.4
5223,"Junho",96.65
5223,"Julho",26.15
5223,"Agosto",74.86
5223,"Setembro",25.57
5223,"Outubro",34.01
5223,"Novembro",79.08
5223,"Dezembro",74.18
2570,"Janeiro",89.96
2570,"Fevereiro",34.38
2570,"Março",89.55
2570,"Abril",69.84
2570,"Maio",17.94
2570,"Junho",19.01
2570,"Julho",70.68
2570,"Agosto",70.45
2570,"Setembro",42.68
2570,"Outubro",9.22
2570,"Novembro",21.37
2570,"Dezembro",87.18
7647,"Janeiro",46.79
7647,"Fevereiro",47.08
7647,"Março",83.36
7647,"Abril",68.87
7647,"Maio",95.06
7647,"Junho",25.05
7647,"Julho",29.07
7647,"Agosto",0.45
7647,"Setembro",33.89
7647,"Outubro",10.51
7647,"Novembro",64.07
7647,"Dezembro",62.41
9030,"Janeiro",25.93
9030,"Fevereiro",21.2
9030,"Março",33.12
9030,"Abril",58.71
9030,"Maio",41.49
9030,"Junho",64.59
9030,"Julho",77.17
9030,"Agosto",78.51
9030,"Setembro",98.36
9030,"Outubro",91.68
9030,"Novembro",23.48
9030,"Dezembro",67.26
2856,"Janeiro",28.83
2856,"Fevereiro",17.95
2856,"Março",13.68
2856,"Abril",6
2856,"Maio",18.29
2856,"Junho",22.83
2856,"Julho",98.98
2856,"Agosto",30.46
2856,"Setembro",15.5
2856,"Outubro",6.54
2856,"Novembro",98.43
2856,"Dezembro",2.17
9424,"Janeiro",96.1
9424,"Fevereiro",12.48
9424,"Março",30.51
9424,"Abril",2.19
9424,"Maio",99.1
9424,"Junho",73.53
9424,"Julho",65.15
9424,"Agosto",37.35
9424,"Setembro",65.09
9424,"Outubro",24.08
9424,"Novembro",38.37
9424,"Dezembro",39.25
706,"Janeiro",89.62
706,"Fevereiro",54.04
706,"Março",74.39
706,"Abril",6.44
706,"Maio",69.74
706,"Junho",25.91
706,"Julho",57.76
706,"Agosto",55.39
706,"Setembro",42.33
706,"Outubro",76.58
706,"Novembro",46.16
706,"Dezembro",81.77
5998,"Janeiro",29.05
5998,"Fevereiro",74.11
5998,"Março",69.32
5998,"Abril",69.21
5998,"Maio",53.89
5998,"Junho",83.82
5998,"Julho",74.9
5998,"Agosto",16.91
5998,"Setembro",41.7
5998,"Outubro",67.88
5998,"Novembro",66.59
5998,"Dezembro",43.85
5520,"Janeiro",46.63
5520,"Fevereiro",58.39
5520,"Março",92.55
5520,"Abril",85.72
5520,"Maio",80.79
5520,"Junho",55.34
5520,"Julho",43.26
5520,"Agosto",72.64
5520,"Setembro",58.11
5520,"Outubro",58.79
5520,"Novembro",4.74
5520,"Dezembro",2.84
6070,"Janeiro",88.75
6070,"Fevereiro",51.31
6070,"Março",15.38
6070,"Abril",0.71
6070,"Maio",38.72
6070,"Junho",47.6
6070,"Julho",4.99
6070,"Agosto",95.89
6070,"Setembro",37.95
6070,"Outubro",88.84
6070,"Novembro",84.14
6070,"Dezembro",91.21
7110,"Janeiro",88.7
7110,"Fevereiro",98.25
7110,"Março",32.41
7110,"Abril",27.18
7110,"Maio",23.19
7110,"Junho",70.38
7110,"Julho",95.1
7110,"Agosto",52.46
7110,"Setembro",70.69
7110,"Outubro",18.81
7110,"Novembro",71.68
7110,"Dezembro",15.26
1681,"Janeiro",92.66
1681,"Fevereiro",78.36
1681,"Março",88.95
1681,"Abril",60.18
1681,"Maio",2.63
1681,"Junho",14.38
1681,"Julho",22.16
1681,"Agosto",2.39
1681,"Setembro",43.94
1681,"Outubro",11.15
1681,"Novembro",45.2
1681,"Dezembro",86.91
8777,"Janeiro",88.56
8777,"Fevereiro",22.64
8777,"Março",91.52
8777,"Abril",91.53
8777,"Maio",13.48
8777,"Junho",88.44
8777,"Julho",32.73
8777,"Agosto",75.31
8777,"Setembro",56.83
8777,"Outubro",12.9
8777,"Novembro",90.5
8777,"Dezembro",81.61
1595,"Janeiro",40.32
1595,"Fevereiro",34.55
1595,"Março",67.02
1595,"Abril",0.78
1595,"Maio",22.19
1595,"Junho",35.46
1595,"Julho",74.55
1595,"Agosto",79.24
1595,"Setembro",36.98
1595,"Outubro",0.24
1595,"Novembro",66.04
1595,"Dezembro",33.15
5665,"Janeiro",35.01
5665,"Fevereiro",89.19
5665,"Março",72.69
5665,"Abril",71.96
5665,"Maio",24.67
5665,"Junho",8.6
5665,"Julho",22.74
5665,"Agosto",55.19
5665,"Setembro",48.66
5665,"Outubro",86.46
5665,"Novembro",41.78
5665,"Dezembro",39.04
3070,"Janeiro",68.01
3070,"Fevereiro",48.85
3070,"Março",52.85
3070,"Abril",34.32
3070,"Maio",49.52
3070,"Junho",41.57
3070,"Julho",1.52
3070,"Agosto",56.27
3070,"Setembro",3.65
3070,"Outubro",44.45
3070,"Novembro",2.6
3070,"Dezembro",80.61
6949,"Janeiro",35.71
6949,"Fevereiro",0.4
6949,"Março",34.38
6949,"Abril",19.9
6949,"Maio",96.96
6949,"Junho",22.76
6949,"Julho",51.11
6949,"Agosto",27.66
6949,"Setembro",55.1
6949,"Outubro",31.3
6949,"Novembro",16.29
6949,"Dezembro",80.44
8408,"Janeiro",44.8
8408,"Fevereiro",94.52
8408,"Março",79.04
8408,"Abril",25.14
8408,"Maio",45.2
8408,"Junho",22.93
8408,"Julho",24.65
8408,"Agosto",40.84
8408,"Setembro",67.4
8408,"Outubro",32.29
8408,"Novembro",23.22
8408,"Dezembro",31.78
2637,"Janeiro",5.04
2637,"Fevereiro",42.58
2637,"Março",28.71
2637,"Abril",48.6
2637,"Maio",28.08
2637,"Junho",23.57
2637,"Julho",0.86
2637,"Agosto",80.77
2637,"Setembro",25.55
2637,"Outubro",18.64
2637,"Novembro",56.18
2637,"Dezembro",23.27
532,"Janeiro",61.22
532,"Fevereiro",57.59
532,"Março",20.33
532,"Abril",94.39
532,"Maio",38.58
532,"Junho",39.16
532,"Julho",9.27
532,"Agosto",81.38
532,"Setembro",26.41
532,"Outubro",2.1
532,"Novembro",97.82
532,"Dezembro",97.37
7481,"Janeiro",76.14
7481,"Fevereiro",26.11
7481,"Março",28.93
7481,"Abril",2.46
7481,"Maio",98.84
7481,"Junho",57.92
7481,"Julho",87.78
7481,"Agosto",96.23
7481,"Setembro",42.06
7481,"Outubro",31.98
7481,"Novembro",0.35
7481,"Dezembro",10.25
7390,"Janeiro",58.74
7390,"Fevereiro",85.05
7390,"Março",48.49
7390,"Abril",4.12
7390,"Maio",72.29
7390,"Junho",17.63
7390,"Julho",15.18
7390,"Agosto",32.72
7390,"Setembro",69.85
7390,"Outubro",46.34
7390,"Novembro",45.23
7390,"Dezembro",35.75
4130,"Janeiro",41.08
4130,"Fevereiro",22.95
4130,"Março",93.35
4130,"Abril",97.06
4130,"Maio",25.47
4130,"Junho",69.45
4130,"Julho",8.6
4130,"Agosto",38.83
4130,"Setembro",39.08
4130,"Outubro",86.67
4130,"Novembro",12.55
4130,"Dezembro",9.28
365,"Janeiro",9.17
365,"Fevereiro",7.14
365,"Março",14.42
365,"Abril",24.08
365,"Maio",37.41
365,"Junho",7.91
365,"Julho",48.29
365,"Agosto",98.33
365,"Setembro",5.82
365,"Outubro",4.58
365,"Novembro",70.89
365,"Dezembro",12.11
8093,"Janeiro",34.54
8093,"Fevereiro",76.25
8093,"Março",9.12
8093,"Abril",22.02
8093,"Maio",17.37
8093,"Junho",89.86
8093,"Julho",74.83
8093,"Agosto",39.84
8093,"Setembro",79.89
8093,"Outubro",34.85
8093,"Novembro",71.3
8093,"Dezembro",46.92
7987,"Janeiro",80.03
7987,"Fevereiro",18.73
7987,"Março",21.18
7987,"Abril",53.99
7987,"Maio",96.6
7987,"Junho",97.74
7987,"Julho",82.13
7987,"Agosto",9.95
7987,"Setembro",64.09
7987,"Outubro",75.48
7987,"Novembro",82.93
7987,"Dezembro",86.56
3644,"Janeiro",68.36
3644,"Fevereiro",60.91
3644,"Março",57.22
3644,"Abril",45.35
3644,"Maio",78.29
3644,"Junho",58.21
3644,"Julho",91.31
3644,"Agosto",99.51
3644,"Setembro",87.83
3644,"Outubro",97.39
3644,"Novembro",76.13
3644,"Dezembro",66.83
4999,"Janeiro",19.82
4999,"Fevereiro",88.51
4999,"Março",82.29
4999,"Abril",96.46
4999,"Maio",82.39
4999,"Junho",92.44
4999,"Julho",54.3
4999,"Agosto",62.26
4999,"Setembro",55.69
4999,"Outubro",22.16
4999,"Novembro",29.33
4999,"Dezembro",69.66
4181,"Janeiro",27.38
4181,"Fevereiro",11.46
4181,"Março",1.46
4181,"Abril",90.69
4181,"Maio",43.98
4181,"Junho",74.85
4181,"Julho",23.43
4181,"Agosto",13.57
4181,"Setembro",61.63
4181,"Outubro",77.21
4181,"Novembro",5.84
4181,"Dezembro",28.86
336,"Janeiro",89.13
336,"Fevereiro",26.49
336,"Março",26.89
336,"Abril",47.23
336,"Maio",7.13
336,"Junho",80.26
336,"Julho",73.72
336,"Agosto",24.65
336,"Setembro",32.6
336,"Outubro",1.3
336,"Novembro",12.41
336,"Dezembro",89.29
6953,"Janeiro",75.9
6953,"Fevereiro",45.86
6953,"Março",64.19
6953,"Abril",40.28
6953,"Maio",95.49
6953,"Junho",43.78
6953,"Julho",43.29
6953,"Agosto",15.44
6953,"Setembro",19.91
6953,"Outubro",19
6953,"Novembro",73.44
6953,"Dezembro",79.8
6326,"Janeiro",39.73
6326,"Fevereiro",38.71
6326,"Março",67.45
6326,"Abril",76
6326,"Maio",51.99
6326,"Junho",54.23
6326,"Julho",28.74
6326,"Agosto",65.34
6326,"Setembro",73.79
6326,"Outubro",77.79
6326,"Novembro",2.1
6326,"Dezembro",77.61
1004,"Janeiro",46.78
1004,"Fevereiro",38.71
1004,"Março",89.89
1004,"Abril",50.53
1004,"Maio",53.27
1004,"Junho",66.2
1004,"Julho",20.91
1004,"Agosto",7.07
1004,"Setembro",70.34
1004,"Outubro",0.25
1004,"Novembro",38.92
1004,"Dezembro",96.83
7943,"Janeiro",97.11
7943,"Fevereiro",51.31
7943,"Março",56.36
7943,"Abril",37.18
7943,"Maio",14.04
7943,"Junho",41.24
7943,"Julho",73.04
7943,"Agosto",90.67
7943,"Setembro",36.71
7943,"Outubro",76.68
7943,"Novembro",20.89
7943,"Dezembro",68.45
5942,"Janeiro",83.95
5942,"Fevereiro",44.32
5942,"Março",35.86
5942,"Abril",9.13
5942,"Maio",15.62
5942,"Junho",2.19
5942,"Julho",92.72
5942,"Agosto",39.42
5942,"Setembro",69.61
5942,"Outubro",38.91
5942,"Novembro",16.48
5942,"Dezembro",53.04
7316,"Janeiro",4.12
7316,"Fevereiro",84.67
7316,"Março",60.1
7316,"Abril",98.2
7316,"Maio",99.01
7316,"Junho",11.48
7316,"Julho",42.63
7316,"Agosto",79.71
7316,"Setembro",16.06
7316,"Outubro",11.79
7316,"Novembro",98.03
7316,"Dezembro",77
7785,"Janeiro",16.56
7785,"Fevereiro",56.35
7785,"Março",94.33
7785,"Abril",47.28
7785,"Maio",33.7
7785,"Junho",26.26
7785,"Julho",39.24
7785,"Agosto",72.28
7785,"Setembro",58.4
7785,"Outubro",0.2
7785,"Novembro",96.38
7785,"Dezembro",3.66
9522,"Janeiro",87.76
9522,"Fevereiro",72.55
9522,"Março",22.27
9522,"Abril",91.76
9522,"Maio",23.37
9522,"Junho",19.97
9522,"Julho",21.68
9522,"Agosto",91.53
9522,"Setembro",47.53
9522,"Outubro",83.5
9522,"Novembro",19.64
9522,"Dezembro",82.89
7359,"Janeiro",24.35
7359,"Fevereiro",31.56
7359,"Março",31.7
7359,"Abril",60.52
7359,"Maio",59.2
7359,"Junho",7.76
7359,"Julho",40.07
7359,"Agosto",44.61
7359,"Setembro",58.98
7359,"Outubro",85.4
7359,"Novembro",29.14
7359,"Dezembro",74.98
5934,"Janeiro",68.46
5934,"Fevereiro",38.67
5934,"Março",28.62
5934,"Abril",76.56
5934,"Maio",39.37
5934,"Junho",96.98
5934,"Julho",37.93
5934,"Agosto",24.34
5934,"Setembro",22.73
5934,"Outubro",61.49
5934,"Novembro",45.25
5934,"Dezembro",36.02
1661,"Janeiro",1.88
1661,"Fevereiro",75.94
1661,"Março",70.44
1661,"Abril",71.56
1661,"Maio",20.56
1661,"Junho",37.92
1661,"Julho",12.61
1661,"Agosto",50
1661,"Setembro",71.12
1661,"Outubro",8.91
1661,"Novembro",28.6
1661,"Dezembro",57.09
1940,"Janeiro",39.08
1940,"Fevereiro",69.21
1940,"Março",98.49
1940,"Abril",96.58
1940,"Maio",88.01
1940,"Junho",65.22
1940,"Julho",69.91
1940,"Agosto",50.24
1940,"Setembro",66.33
1940,"Outubro",26.87
1940,"Novembro",72.43
1940,"Dezembro",80.93
7138,"Janeiro",69.18
7138,"Fevereiro",28.9
7138,"Março",47.2
7138,"Abril",34.56
7138,"Maio",22.65
7138,"Junho",79.52
7138,"Julho",93.82
7138,"Agosto",61.04
7138,"Setembro",3.57
7138,"Outubro",20.31
7138,"Novembro",20.29
7138,"Dezembro",54.47
1958,"Janeiro",92.2
1958,"Fevereiro",3.25
1958,"Março",97.74
1958,"Abril",29.82
1958,"Maio",62.73
1958,"Junho",63.97
1958,"Julho",17.95
1958,"Agosto",43.35
1958,"Setembro",24.02
1958,"Outubro",2.24
1958,"Novembro",57.6
1958,"Dezembro",93.14
6691,"Janeiro",94.33
6691,"Fevereiro",18.36
6691,"Março",87.41
6691,"Abril",92.7
6691,"Maio",90.06
6691,"Junho",80.11
6691,"Julho",21.67
6691,"Agosto",63.87
6691,"Setembro",43.44
6691,"Outubro",61.01
6691,"Novembro",64.42
6691,"Dezembro",18.35
9243,"Janeiro",24.33
9243,"Fevereiro",60.84
9243,"Março",10.47
9243,"Abril",76.29
9243,"Maio",20.24
9243,"Junho",76.96
9243,"Julho",78.09
9243,"Agosto",13.8
9243,"Setembro",12.76
9243,"Outubro",73.65
9243,"Novembro",32.06
9243,"Dezembro",10.49
6800,"Janeiro",98.34
6800,"Fevereiro",11.39
6800,"Março",72.07
6800,"Abril",36.06
6800,"Maio",47.4
6800,"Junho",55.55
6800,"Julho",85.81
6800,"Agosto",24.62
6800,"Setembro",58.7
6800,"Outubro",75.9
6800,"Novembro",95.19
6800,"Dezembro",30.94
8921,"Janeiro",13.88
8921,"Fevereiro",49.11
8921,"Março",28.2
8921,"Abril",66.37
8921,"Maio",35.56
8921,"Junho",59.7
8921,"Julho",50.24
8921,"Agosto",81.94
8921,"Setembro",12.92
8921,"Outubro",15.4
8921,"Novembro",80.28
8921,"Dezembro",60.27
6536,"Janeiro",82.09
6536,"Fevereiro",1.9
6536,"Março",89.53
6536,"Abril",13.27
6536,"Maio",80.17
6536,"Junho",43.91
6536,"Julho",1.56
6536,"Agosto",51.13
6536,"Setembro",60.22
6536,"Outubro",57.98
6536,"Novembro",87.01
6536,"Dezembro",18.22
4624,"Janeiro",56.84
4624,"Fevereiro",2.93
4624,"Março",0.97
4624,"Abril",72.64
4624,"Maio",59.35
4624,"Junho",80.94
4624,"Julho",84.45
4624,"Agosto",80.77
4624,"Setembro",43.8
4624,"Outubro",92.76
4624,"Novembro",73.87
4624,"Dezembro",70.16
5404,"Janeiro",80.73
5404,"Fevereiro",69.84
5404,"Março",3.03
5404,"Abril",30.21
5404,"Maio",43.79
5404,"Junho",27.54
5404,"Julho",83.21
5404,"Agosto",7.36
5404,"Setembro",99.61
5404,"Outubro",61.34
5404,"Novembro",16.02
5404,"Dezembro",28.55
998,"Janeiro",56.77
998,"Fevereiro",35.38
998,"Março",87.53
998,"Abril",17.67
998,"Maio",85.96
998,"Junho",55.85
998,"Julho",47.63
998,"Agosto",23.38
998,"Setembro",32.39
998,"Outubro",99.18
998,"Novembro",0.05
998,"Dezembro",77.76
7394,"Janeiro",59.92
7394,"Fevereiro",24.01
7394,"Março",96.2
7394,"Abril",58.51
7394,"Maio",57.13
7394,"Junho",11.12
7394,"Julho",96.75
7394,"Agosto",42.78
7394,"Setembro",52.92
7394,"Outubro",91.17
7394,"Novembro",86.85
7394,"Dezembro",91.42
333,"Janeiro",61.8
333,"Fevereiro",58.38
333,"Março",44.97
333,"Abril",48.88
333,"Maio",20.62
333,"Junho",57.3
333,"Julho",99.33
333,"Agosto",52.09
333,"Setembro",69.34
333,"Outubro",15.81
333,"Novembro",74.75
333,"Dezembro",83.03
6145,"Janeiro",52.96
6145,"Fevereiro",9.96
6145,"Março",88.82
6145,"Abril",61.15
6145,"Maio",38.34
6145,"Junho",57.94
6145,"Julho",76.75
6145,"Agosto",79
6145,"Setembro",19.08
6145,"Outubro",21.19
6145,"Novembro",51.69
6145,"Dezembro",34.09
6417,"Janeiro",18.61
6417,"Fevereiro",25.49
6417,"Março",35.38
6417,"Abril",21.37
6417,"Maio",89.56
6417,"Junho",95.39
6417,"Julho",46.87
6417,"Agosto",84.62
6417,"Setembro",55.29
6417,"Outubro",5.66
6417,"Novembro",18.34
6417,"Dezembro",23.91
2799,"Janeiro",48.88
2799,"Fevereiro",14.2
2799,"Março",69.4
2799,"Abril",43.74
2799,"Maio",67.24
2799,"Junho",33.88
2799,"Julho",29
2799,"Agosto",43.35
2799,"Setembro",57.1
2799,"Outubro",53.08
2799,"Novembro",35.15
2799,"Dezembro",56.61
8752,"Janeiro",65.6
8752,"Fevereiro",55.94
8752,"Março",56
8752,"Abril",94.09
8752,"Maio",41.02
8752,"Junho",10.85
8752,"Julho",53.29
8752,"Agosto",76.64
8752,"Setembro",52.52
8752,"Outubro",37.72
8752,"Novembro",56.88
8752,"Dezembro",18.14
7604,"Janeiro",90.42
7604,"Fevereiro",64.63
7604,"Março",24.61
7604,"Abril",60.44
7604,"Maio",68.48
7604,"Junho",83.96
7604,"Julho",48.9
7604,"Agosto",72.43
7604,"Setembro",57.23
7604,"Outubro",39.87
7604,"Novembro",69.61
7604,"Dezembro",74.5
4044,"Janeiro",85.35
4044,"Fevereiro",41.57
4044,"Março",44.28
4044,"Abril",92.65
4044,"Maio",16.17
4044,"Junho",93.33
4044,"Julho",1.19
4044,"Agosto",56.88
4044,"Setembro",37.98
4044,"Outubro",99.9
4044,"Novembro",0.46
4044,"Dezembro",22.35
8515,"Janeiro",42.69
8515,"Fevereiro",50.68
8515,"Março",33.86
8515,"Abril",19.31
8515,"Maio",26.41
8515,"Junho",89.51
8515,"Julho",81.84
8515,"Agosto",58.59
8515,"Setembro",86.34
8515,"Outubro",55.38
8515,"Novembro",55.8
8515,"Dezembro",59.08
8764,"Janeiro",29.21
8764,"Fevereiro",16.92
8764,"Março",22.69
8764,"Abril",76.63
8764,"Maio",2.01
8764,"Junho",59.28
8764,"Julho",30.14
8764,"Agosto",64.69
8764,"Setembro",90.86
8764,"Outubro",31.68
8764,"Novembro",84.7
8764,"Dezembro",18.38
1451,"Janeiro",42.52
1451,"Fevereiro",98.27
1451,"Março",48.39
1451,"Abril",30.04
1451,"Maio",75.09
1451,"Junho",48.52
1451,"Julho",21.56
1451,"Agosto",62.57
1451,"Setembro",95.74
1451,"Outubro",71.01
1451,"Novembro",37.76
1451,"Dezembro",52.12
9021,"Janeiro",6.72
9021,"Fevereiro",59.9
9021,"Março",58.85
9021,"Abril",47.73
9021,"Maio",86.45
9021,"Junho",9.01
9021,"Julho",26.63
9021,"Agosto",96.48
9021,"Setembro",44.3
9021,"Outubro",95.17
9021,"Novembro",34.22
9021,"Dezembro",62.07
387,"Janeiro",6.14
387,"Fevereiro",91.73
387,"Março",47.02
387,"Abril",85.13
387,"Maio",92.47
387,"Junho",23.93
387,"Julho",37.82
387,"Agosto",85.2
387,"Setembro",35.6
387,"Outubro",95.73
387,"Novembro",62.04
387,"Dezembro",15.17
518,"Janeiro",18.04
518,"Fevereiro",48.14
518,"Março",55.2
518,"Abril",79.15
518,"Maio",69.78
518,"Junho",36.44
518,"Julho",54.36
518,"Agosto",3.17
518,"Setembro",81.55
518,"Outubro",15.48
518,"Novembro",76.33
518,"Dezembro",27.13
1105,"Janeiro",73.74
1105,"Fevereiro",26.11
1105,"Março",70.68
1105,"Abril",96.14
1105,"Maio",38.51
1105,"Junho",45.56
1105,"Julho",43.82
1105,"Agosto",53.15
1105,"Setembro",85.15
1105,"Outubro",48.3
1105,"Novembro",3.56
1105,"Dezembro",2.47
4658,"Janeiro",26.48
4658,"Fevereiro",4.17
4658,"Março",98.58
4658,"Abril",68.31
4658,"Maio",56.67
4658,"Junho",5.75
4658,"Julho",48.71
4658,"Agosto",79.13
4658,"Setembro",52.03
4658,"Outubro",58.75
4658,"Novembro",23.06
4658,"Dezembro",32.16
3647,"Janeiro",64.99
3647,"Fevereiro",58.95
3647,"Março",17.25
3647,"Abril",47.52
3647,"Maio",3.66
3647,"Junho",11.32
3647,"Julho",43.57
3647,"Agosto",9.99
3647,"Setembro",84.62
3647,"Outubro",60.62
3647,"Novembro",65.4
3647,"Dezembro",56.71
3231,"Janeiro",8.72
3231,"Fevereiro",51.03
3231,"Março",7.43
3231,"Abril",27.51
3231,"Maio",42.52
3231,"Junho",69.53
3231,"Julho",57.03
3231,"Agosto",72.86
3231,"Setembro",44.7
3231,"Outubro",26.08
3231,"Novembro",54.92
3231,"Dezembro",35.53
9558,"Janeiro",95.49
9558,"Fevereiro",53.78
9558,"Março",67.58
9558,"Abril",19.56
9558,"Maio",71.51
9558,"Junho",86.63
9558,"Julho",40.02
9558,"Agosto",96.03
9558,"Setembro",56.71
9558,"Outubro",73.67
9558,"Novembro",69.36
9558,"Dezembro",92.98
1654,"Janeiro",56.3
1654,"Fevereiro",54.76
1654,"Março",39.09
1654,"Abril",65.42
1654,"Maio",42.77
1654,"Junho",56.06
1654,"Julho",63.67
1654,"Agosto",82.26
1654,"Setembro",33.55
1654,"Outubro",79.84
1654,"Novembro",62.24
1654,"Dezembro",56.24
1623,"Janeiro",93.8
1623,"Fevereiro",27.33
1623,"Março",34.14
1623,"Abril",13.84
1623,"Maio",68.69
1623,"Junho",32.65
1623,"Julho",12.26
1623,"Agosto",7.97
1623,"Setembro",74.56
1623,"Outubro",15.08
1623,"Novembro",26.43
1623,"Dezembro",56.7
4354,"Janeiro",14.08
4354,"Fevereiro",69.76
4354,"Março",69.7
4354,"Abril",15.21
4354,"Maio",7.46
4354,"Junho",21.1
4354,"Julho",27.91
4354,"Agosto",84.59
4354,"Setembro",75.79
4354,"Outubro",96.52
4354,"Novembro",67.68
4354,"Dezembro",59.68
6573,"Janeiro",55.75
6573,"Fevereiro",20.58
6573,"Março",71.93
6573,"Abril",84.78
6573,"Maio",44.08
6573,"Junho",15.63
6573,"Julho",34.25
6573,"Agosto",90.82
6573,"Setembro",85.24
6573,"Outubro",71.48
6573,"Novembro",99.56
6573,"Dezembro",94.35
1013,"Janeiro",80.71
1013,"Fevereiro",20.33
1013,"Março",37.21
1013,"Abril",31.53
1013,"Maio",19.12
1013,"Junho",25.68
1013,"Julho",92.55
1013,"Agosto",35.13
1013,"Setembro",17.27
1013,"Outubro",8.88
1013,"Novembro",78.45
1013,"Dezembro",0.09
7576,"Janeiro",70.76
7576,"Fevereiro",76.15
7576,"Março",28.71
7576,"Abril",71.69
7576,"Maio",39.53
7576,"Junho",85.38
7576,"Julho",26.96
7576,"Agosto",32.73
7576,"Setembro",0.87
7576,"Outubro",79.43
7576,"Novembro",35.91
7576,"Dezembro",10.87
4969,"Janeiro",4.97
4969,"Fevereiro",15.13
4969,"Março",51.31
4969,"Abril",37.17
4969,"Maio",5.32
4969,"Junho",32.44
4969,"Julho",12.82
4969,"Agosto",89.55
4969,"Setembro",61.27
4969,"Outubro",37.96
4969,"Novembro",31.77
4969,"Dezembro",5.5
427,"Janeiro",81.04
427,"Fevereiro",55.69
427,"Março",18.12
427,"Abril",36.93
427,"Maio",75
427,"Junho",56.79
427,"Julho",89.35
427,"Agosto",86.3
427,"Setembro",19.48
427,"Outubro",54.32
427,"Novembro",22.31
427,"Dezembro",33.35
1544,"Janeiro",44.71
1544,"Fevereiro",79.06
1544,"Março",70.9
1544,"Abril",40.64
1544,"Maio",32.83
1544,"Junho",37.58
1544,"Julho",94.55
1544,"Agosto",99.66
1544,"Setembro",74.93
1544,"Outubro",74.91
1544,"Novembro",80.67
1544,"Dezembro",56.17
4047,"Janeiro",5.7
4047,"Fevereiro",72.84
4047,"Março",48.64
4047,"Abril",65.87
4047,"Maio",73.82
4047,"Junho",73.22
4047,"Julho",49.25
4047,"Agosto",45.78
4047,"Setembro",32.32
4047,"Outubro",77.65
4047,"Novembro",66.35
4047,"Dezembro",25.07
3782,"Janeiro",0.54
3782,"Fevereiro",35.25
3782,"Março",15.83
3782,"Abril",71.86
3782,"Maio",94.83
3782,"Junho",27.77
3782,"Julho",2.36
3782,"Agosto",91.4
3782,"Setembro",70.19
3782,"Outubro",59.36
3782,"Novembro",68.47
3782,"Dezembro",37.06
8847,"Janeiro",95.02
8847,"Fevereiro",59.64
8847,"Março",51.55
8847,"Abril",76.24
8847,"Maio",81.25
8847,"Junho",86.91
8847,"Julho",23.84
8847,"Agosto",3.11
8847,"Setembro",98.91
8847,"Outubro",30.86
8847,"Novembro",0.33
8847,"Dezembro",72.49
9475,"Janeiro",23.33
9475,"Fevereiro",99.08
9475,"Março",98.47
9475,"Abril",66.57
9475,"Maio",73.18
9475,"Junho",6.89
9475,"Julho",58.72
9475,"Agosto",90.16
9475,"Setembro",3.05
9475,"Outubro",72.08
9475,"Novembro",27.15
9475,"Dezembro",82.41
3614,"Janeiro",30.47
3614,"Fevereiro",78.87
3614,"Março",78.21
3614,"Abril",20.06
3614,"Maio",47.86
3614,"Junho",57.01
3614,"Julho",48.1
3614,"Agosto",96.53
3614,"Setembro",99.49
3614,"Outubro",0.11
3614,"Novembro",3.67
3614,"Dezembro",41.78
2492,"Janeiro",77.39
2492,"Fevereiro",15.21
2492,"Março",79.22
2492,"Abril",41.2
2492,"Maio",87.76
2492,"Junho",70.53
2492,"Julho",48.37
2492,"Agosto",96.19
2492,"Setembro",94.65
2492,"Outubro",94.52
2492,"Novembro",96.63
2492,"Dezembro",42.9
5725,"Janeiro",28.53
5725,"Fevereiro",76.17
5725,"Março",50.54
5725,"Abril",71.56
5725,"Maio",85.05
5725,"Junho",1.85
5725,"Julho",11.99
5725,"Agosto",88.9
5725,"Setembro",73.7
5725,"Outubro",80.55
5725,"Novembro",84.85
5725,"Dezembro",16.92
3467,"Janeiro",79.36
3467,"Fevereiro",8.51
3467,"Março",25.46
3467,"Abril",92.95
3467,"Maio",99.33
3467,"Junho",69.14
3467,"Julho",31.11
3467,"Agosto",16.17
3467,"Setembro",21.26
3467,"Outubro",57.2
3467,"Novembro",35.85
3467,"Dezembro",79.52
9152,"Janeiro",50.48
9152,"Fevereiro",38.24
9152,"Março",95.01
9152,"Abril",58.34
9152,"Maio",96.52
9152,"Junho",14.73
9152,"Julho",37.01
9152,"Agosto",48.23
9152,"Setembro",10.2
9152,"Outubro",63.05
9152,"Novembro",22.96
9152,"Dezembro",64.57
9187,"Janeiro",9.89
9187,"Fevereiro",87.27
9187,"Março",30.5
9187,"Abril",66.11
9187,"Maio",21.68
9187,"Junho",8.92
9187,"Julho",23.73
9187,"Agosto",77.07
9187,"Setembro",4.47
9187,"Outubro",5.44
9187,"Novembro",82.94
9187,"Dezembro",33.24
5300,"Janeiro",42.71
5300,"Fevereiro",54.27
5300,"Março",84.03
5300,"Abril",94.69
5300,"Maio",79.12
5300,"Junho",71.53
5300,"Julho",23.7
5300,"Agosto",57.97
5300,"Setembro",98.27
5300,"Outubro",55.66
5300,"Novembro",38.6
5300,"Dezembro",85.19
7492,"Janeiro",65.83
7492,"Fevereiro",37.29
7492,"Março",85.18
7492,"Abril",30.03
7492,"Maio",78.26
7492,"Junho",59.81
7492,"Julho",96.14
7492,"Agosto",88.67
7492,"Setembro",31.98
7492,"Outubro",93.13
7492,"Novembro",69.01
7492,"Dezembro",73.87
3924,"Janeiro",95.65
3924,"Fevereiro",7.67
3924,"Março",91.9
3924,"Abril",50.32
3924,"Maio",34.75
3924,"Junho",94.17
3924,"Julho",58.35
3924,"Agosto",22.81
3924,"Setembro",31.61
3924,"Outubro",36.31
3924,"Novembro",72.99
3924,"Dezembro",6.59
4511,"Janeiro",37.08
4511,"Fevereiro",13.01
4511,"Março",23.67
4511,"Abril",14.48
4511,"Maio",70.15
4511,"Junho",48.23
4511,"Julho",13.11
4511,"Agosto",4.94
4511,"Setembro",3.18
4511,"Outubro",58.87
4511,"Novembro",43.09
4511,"Dezembro",10.93
269,"Janeiro",3.67
269,"Fevereiro",66.94
269,"Março",24.18
269,"Abril",64.91
269,"Maio",74.06
269,"Junho",12.46
269,"Julho",49.56
269,"Agosto",30.43
269,"Setembro",26.68
269,"Outubro",79.49
269,"Novembro",43.42
269,"Dezembro",34.73
9780,"Janeiro",47.04
9780,"Fevereiro",15.87
9780,"Março",66.51
9780,"Abril",35.8
9780,"Maio",30.13
9780,"Junho",53.53
9780,"Julho",90.4
9780,"Agosto",84.61
9780,"Setembro",30.22
9780,"Outubro",96.59
9780,"Novembro",0.87
9780,"Dezembro",67.43
8229,"Janeiro",37.82
8229,"Fevereiro",68.72
8229,"Março",74.09
8229,"Abril",4.74
8229,"Maio",85.94
8229,"Junho",1.89
8229,"Julho",4.5
8229,"Agosto",41.04
8229,"Setembro",29.27
8229,"Outubro",13.87
8229,"Novembro",85.18
8229,"Dezembro",99.08
9151,"Janeiro",65.45
9151,"Fevereiro",1.38
9151,"Março",78.23
9151,"Abril",12.61
9151,"Maio",73.35
9151,"Junho",41.34
9151,"Julho",78.59
9151,"Agosto",80.37
9151,"Setembro",63.39
9151,"Outubro",68.98
9151,"Novembro",56.14
9151,"Dezembro",60.89
3272,"Janeiro",0.44
3272,"Fevereiro",43.39
3272,"Março",0.65
3272,"Abril",0.59
3272,"Maio",93.45
3272,"Junho",38.48
3272,"Julho",6.27
3272,"Agosto",5.75
3272,"Setembro",60.38
3272,"Outubro",50.9
3272,"Novembro",99.81
3272,"Dezembro",43.4
5717,"Janeiro",73.16
5717,"Fevereiro",8.85
5717,"Março",2.72
5717,"Abril",77.5
5717,"Maio",57.93
5717,"Junho",85.91
5717,"Julho",31.21
5717,"Agosto",34.3
5717,"Setembro",56.84
5717,"Outubro",68.17
5717,"Novembro",66.49
5717,"Dezembro",92.79
3423,"Janeiro",80.47
3423,"Fevereiro",63.21
3423,"Março",60.26
3423,"Abril",53.48
3423,"Maio",39.48
3423,"Junho",55.97
3423,"Julho",6.43
3423,"Agosto",52.7
3423,"Setembro",72.38
3423,"Outubro",99.13
3423,"Novembro",53.58
3423,"Dezembro",86.83
9392,"Janeiro",55.1
9392,"Fevereiro",62.66
9392,"Março",31.8
9392,"Abril",27.05
9392,"Maio",12.61
9392,"Junho",50.08
9392,"Julho",8.49
9392,"Agosto",13.28
9392,"Setembro",93.97
9392,"Outubro",28.64
9392,"Novembro",48.48
9392,"Dezembro",38.04
6620,"Janeiro",56.67
6620,"Fevereiro",86.4
6620,"Março",6.36
6620,"Abril",91.38
6620,"Maio",38.11
6620,"Junho",99.23
6620,"Julho",17.19
6620,"Agosto",6.75
6620,"Setembro",24.97
6620,"Outubro",92.31
6620,"Novembro",75.01
6620,"Dezembro",62.38
5712,"Janeiro",88.47
5712,"Fevereiro",21.5
5712,"Março",58.33
5712,"Abril",70.04
5712,"Maio",15.14
5712,"Junho",20.06
5712,"Julho",81.89
5712,"Agosto",94.06
5712,"Setembro",15.23
5712,"Outubro",45.89
5712,"Novembro",23.41
5712,"Dezembro",91.81
4362,"Janeiro",70.35
4362,"Fevereiro",5.47
4362,"Março",82.4
4362,"Abril",59.06
4362,"Maio",46.02
4362,"Junho",72.65
4362,"Julho",43.14
4362,"Agosto",6.77
4362,"Setembro",63.85
4362,"Outubro",26.13
4362,"Novembro",24.43
4362,"Dezembro",37.88
2285,"Janeiro",25.29
2285,"Fevereiro",77.11
2285,"Março",4.5
2285,"Abril",8.51
2285,"Maio",27.06
2285,"Junho",45.21
2285,"Julho",30.21
2285,"Agosto",4.61
2285,"Setembro",62.34
2285,"Outubro",5.6
2285,"Novembro",25.66
2285,"Dezembro",93.83
9081,"Janeiro",97.84
9081,"Fevereiro",93.57
9081,"Março",15.12
9081,"Abril",30.93
9081,"Maio",30.74
9081,"Junho",6.38
9081,"Julho",47.57
9081,"Agosto",10.06
9081,"Setembro",59.26
9081,"Outubro",18.72
9081,"Novembro",29.54
9081,"Dezembro",80.74
3878,"Janeiro",0.53
3878,"Fevereiro",40.91
3878,"Março",11.9
3878,"Abril",40.94
3878,"Maio",33.88
3878,"Junho",27.2
3878,"Julho",84.16
3878,"Agosto",48.72
3878,"Setembro",4.44
3878,"Outubro",38.91
3878,"Novembro",85.05
3878,"Dezembro",16.31
4254,"Janeiro",34.33
4254,"Fevereiro",35.37
4254,"Março",31.66
4254,"Abril",19.48
4254,"Maio",60.32
4254,"Junho",29.37
4254,"Julho",52.04
4254,"Agosto",99.69
4254,"Setembro",71.77
4254,"Outubro",7.19
4254,"Novembro",28.66
4254,"Dezembro",13.22
4506,"Janeiro",76.09
4506,"Fevereiro",85.54
4506,"Março",86.94
4506,"Abril",41.95
4506,"Maio",13.7
4506,"Junho",32.81
4506,"Julho",71.91
4506,"Agosto",94.5
4506,"Setembro",23.82
4506,"Outubro",7.8
4506,"Novembro",80.87
4506,"Dezembro",28.8
6317,"Janeiro",33.75
6317,"Fevereiro",6.02
6317,"Março",98.5
6317,"Abril",82.94
6317,"Maio",57.01
6317,"Junho",39.91
6317,"Julho",13.85
6317,"Agosto",54.15
6317,"Setembro",93.41
6317,"Outubro",75.69
6317,"Novembro",63.89
6317,"Dezembro",14.31
351,"Janeiro",58.78
351,"Fevereiro",48.15
351,"Março",8.76
351,"Abril",67.31
351,"Maio",62.36
351,"Junho",37.82
351,"Julho",93.64
351,"Agosto",29.01
351,"Setembro",49.22
351,"Outubro",57.45
351,"Novembro",55.19
351,"Dezembro",24.91
6142,"Janeiro",10.18
6142,"Fevereiro",77.55
6142,"Março",71.48
6142,"Abril",99.91
6142,"Maio",35.6
6142,"Junho",37.52
6142,"Julho",82.86
6142,"Agosto",85.87
6142,"Setembro",50.15
6142,"Outubro",73.78
6142,"Novembro",4.05
6142,"Dezembro",13.94
7498,"Janeiro",45.57
7498,"Fevereiro",52.97
7498,"Março",89.8
7498,"Abril",80.18
7498,"Maio",96.07
7498,"Junho",43.79
7498,"Julho",71.93
7498,"Agosto",24.12
7498,"Setembro",4.71
7498,"Outubro",41.22
7498,"Novembro",91
7498,"Dezembro",73.66
4030,"Janeiro",43.56
4030,"Fevereiro",56.34
4030,"Março",27.56
4030,"Abril",50.09
4030,"Maio",14.34
4030,"Junho",14.26
4030,"Julho",87.58
4030,"Agosto",42.63
4030,"Setembro",0.07
4030,"Outubro",4.62
4030,"Novembro",27.55
4030,"Dezembro",22.21
576,"Janeiro",90.49
576,"Fevereiro",52.72
576,"Março",25.07
576,"Abril",31.44
576,"Maio",65.46
576,"Junho",33.44
576,"Julho",88.91
576,"Agosto",48.77
576,"Setembro",29.32
576,"Outubro",94.34
576,"Novembro",21.05
576,"Dezembro",87.31
1429,"Janeiro",55.15
1429,"Fevereiro",59.65
1429,"Março",86.31
1429,"Abril",55.4
1429,"Maio",28.71
1429,"Junho",1.03
1429,"Julho",47.63
1429,"Agosto",14.1
1429,"Setembro",31.1
1429,"Outubro",21.25
1429,"Novembro",48.55
1429,"Dezembro",92.1
4386,"Janeiro",75.86
4386,"Fevereiro",86.06
4386,"Março",79.96
4386,"Abril",52.06
4386,"Maio",65.43
4386,"Junho",99.25
4386,"Julho",64.81
4386,"Agosto",58.52
4386,"Setembro",98.55
4386,"Outubro",90.12
4386,"Novembro",25.82
4386,"Dezembro",71.9
4360,"Janeiro",90.91
4360,"Fevereiro",62.52
4360,"Março",11
4360,"Abril",66.63
4360,"Maio",44.04
4360,"Junho",50.79
4360,"Julho",80.05
4360,"Agosto",65.89
4360,"Setembro",68.17
4360,"Outubro",38.69
4360,"Novembro",0.51
4360,"Dezembro",41.82
1690,"Janeiro",28.03
1690,"Fevereiro",12.48
1690,"Março",42.31
1690,"Abril",54.36
1690,"Maio",12.31
1690,"Junho",38.37
1690,"Julho",68.56
1690,"Agosto",97.9
1690,"Setembro",12.58
1690,"Outubro",8.25
1690,"Novembro",2.19
1690,"Dezembro",97.11
7742,"Janeiro",63.99
7742,"Fevereiro",57.32
7742,"Março",76.75
7742,"Abril",59.45
7742,"Maio",86.05
7742,"Junho",88.36
7742,"Julho",20.87
7742,"Agosto",38.23
7742,"Setembro",45.45
7742,"Outubro",86.38
7742,"Novembro",85.13
7742,"Dezembro",40.29
7914,"Janeiro",13.88
7914,"Fevereiro",58.81
7914,"Março",72.27
7914,"Abril",9.57
7914,"Maio",24.34
7914,"Junho",4.76
7914,"Julho",24.05
7914,"Agosto",23.12
7914,"Setembro",64.98
7914,"Outubro",25.74
7914,"Novembro",5.12
7914,"Dezembro",20.27
6588,"Janeiro",78.57
6588,"Fevereiro",71.22
6588,"Março",11.84
6588,"Abril",88.02
6588,"Maio",51.66
6588,"Junho",71.84
6588,"Julho",73.91
6588,"Agosto",66.57
6588,"Setembro",74.89
6588,"Outubro",88.3
6588,"Novembro",19.55
6588,"Dezembro",25.13
5210,"Janeiro",79.45
5210,"Fevereiro",44.61
5210,"Março",64.46
5210,"Abril",68.97
5210,"Maio",13.85
5210,"Junho",18.87
5210,"Julho",9.34
5210,"Agosto",99.01
5210,"Setembro",89.94
5210,"Outubro",44.79
5210,"Novembro",23.53
5210,"Dezembro",77.04
5334,"Janeiro",3.75
5334,"Fevereiro",71.65
5334,"Março",44.58
5334,"Abril",62.08
5334,"Maio",54
5334,"Junho",12.1
5334,"Julho",51.3
5334,"Agosto",14.39
5334,"Setembro",54.18
5334,"Outubro",58.8
5334,"Novembro",69.85
5334,"Dezembro",5.35
717,"Janeiro",5.86
717,"Fevereiro",87.23
717,"Março",7.11
717,"Abril",71.85
717,"Maio",6.7
717,"Junho",60.39
717,"Julho",97.71
717,"Agosto",6.54
717,"Setembro",48.07
717,"Outubro",11.88
717,"Novembro",21.74
717,"Dezembro",88.08
9624,"Janeiro",28.39
9624,"Fevereiro",17.98
9624,"Março",50.88
9624,"Abril",18.76
9624,"Maio",30.92
9624,"Junho",87.76
9624,"Julho",49.28
9624,"Agosto",4.96
9624,"Setembro",27.25
9624,"Outubro",85.57
9624,"Novembro",42.44
9624,"Dezembro",98.27
9864,"Janeiro",81.89
9864,"Fevereiro",13.38
9864,"Março",10.01
9864,"Abril",76.05
9864,"Maio",46.78
9864,"Junho",93.83
9864,"Julho",14.99
9864,"Agosto",71.22
9864,"Setembro",64.35
9864,"Outubro",4.6
9864,"Novembro",47.19
9864,"Dezembro",93.78
3612,"Janeiro",97.49
3612,"Fevereiro",73.42
3612,"Março",17.32
3612,"Abril",43.21
3612,"Maio",59.28
3612,"Junho",28.65
3612,"Julho",14.16
3612,"Agosto",7.8
3612,"Setembro",3.4
3612,"Outubro",7.93
3612,"Novembro",66.62
3612,"Dezembro",36.94
5385,"Janeiro",93.44
5385,"Fevereiro",54.89
5385,"Março",30.97
5385,"Abril",95.74
5385,"Maio",40.16
5385,"Junho",32.44
5385,"Julho",44.08
5385,"Agosto",98.45
5385,"Setembro",19.67
5385,"Outubro",1.88
5385,"Novembro",12.12
5385,"Dezembro",47.82
9952,"Janeiro",16.68
9952,"Fevereiro",65.99
9952,"Março",63.07
9952,"Abril",87.94
9952,"Maio",87.17
9952,"Junho",48.63
9952,"Julho",73.09
9952,"Agosto",36.05
9952,"Setembro",59.86
9952,"Outubro",62.65
9952,"Novembro",1.21
9952,"Dezembro",15.59
7342,"Janeiro",3.6
7342,"Fevereiro",76.58
7342,"Março",61.36
7342,"Abril",3.17
7342,"Maio",28.5
7342,"Junho",68.52
7342,"Julho",55.36
7342,"Agosto",57.84
7342,"Setembro",75.28
7342,"Outubro",58.31
7342,"Novembro",53.12
7342,"Dezembro",63.44
9972,"Janeiro",0.13
9972,"Fevereiro",89.48
9972,"Março",63.93
9972,"Abril",73.73
9972,"Maio",76.01
9972,"Junho",61.31
9972,"Julho",92.07
9972,"Agosto",23.09
9972,"Setembro",30.04
9972,"Outubro",32.48
9972,"Novembro",19.44
9972,"Dezembro",18.87
631,"Janeiro",20.56
631,"Fevereiro",90.54
631,"Março",72.47
631,"Abril",96.14
631,"Maio",15.48
631,"Junho",92.42
631,"Julho",60.67
631,"Agosto",71.94
631,"Setembro",89.23
631,"Outubro",83.51
631,"Novembro",99.86
631,"Dezembro",19.27
3511,"Janeiro",50.27
3511,"Fevereiro",10.96
3511,"Março",93.33
3511,"Abril",7.19
3511,"Maio",66.16
3511,"Junho",6.51
3511,"Julho",68.18
3511,"Agosto",11.64
3511,"Setembro",80.31
3511,"Outubro",0.72
3511,"Novembro",8.27
3511,"Dezembro",34.74
8603,"Janeiro",27.66
8603,"Fevereiro",49.94
8603,"Março",0.26
8603,"Abril",53.89
8603,"Maio",44.92
8603,"Junho",72.3
8603,"Julho",78.64
8603,"Agosto",50.04
8603,"Setembro",36.13
8603,"Outubro",72.18
8603,"Novembro",0.62
8603,"Dezembro",82.72
348,"Janeiro",72.51
348,"Fevereiro",7.54
348,"Março",48.73
348,"Abril",52.04
348,"Maio",32.23
348,"Junho",1.53
348,"Julho",80.28
348,"Agosto",46.72
348,"Setembro",79.82
348,"Outubro",28.44
348,"Novembro",89.23
348,"Dezembro",61.08
9134,"Janeiro",37.5
9134,"Fevereiro",65.55
9134,"Março",70.71
9134,"Abril",78.99
9134,"Maio",58.39
9134,"Junho",42.83
9134,"Julho",73.9
9134,"Agosto",47.33
9134,"Setembro",59.07
9134,"Outubro",18.61
9134,"Novembro",27.18
9134,"Dezembro",98.39
8460,"Janeiro",46.02
8460,"Fevereiro",80.3
8460,"Março",51.25
8460,"Abril",81.24
8460,"Maio",32.05
8460,"Junho",12.72
8460,"Julho",38.69
8460,"Agosto",43.15
8460,"Setembro",87.9
8460,"Outubro",74.13
8460,"Novembro",41.67
8460,"Dezembro",66.87
2092,"Janeiro",91.67
2092,"Fevereiro",11.87
2092,"Março",56.34
2092,"Abril",81
2092,"Maio",93.15
2092,"Junho",61.56
2092,"Julho",38.77
2092,"Agosto",4.14
2092,"Setembro",25.31
2092,"Outubro",82.4
2092,"Novembro",93.89
2092,"Dezembro",61.03
8699,"Janeiro",21.3
8699,"Fevereiro",21.74
8699,"Março",43.71
8699,"Abril",43.39
8699,"Maio",33.77
8699,"Junho",13.33
8699,"Julho",27.45
8699,"Agosto",7.12
8699,"Setembro",84.2
8699,"Outubro",12.45
8699,"Novembro",23
8699,"Dezembro",44.73
4108,"Janeiro",0.37
4108,"Fevereiro",92.11
4108,"Março",32.28
4108,"Abril",19.87
4108,"Maio",68.67
4108,"Junho",68.72
4108,"Julho",21.06
4108,"Agosto",71.78
4108,"Setembro",77.85
4108,"Outubro",84.59
4108,"Novembro",28.87
4108,"Dezembro",52.05
8855,"Janeiro",67.83
8855,"Fevereiro",88.27
8855,"Março",36.87
8855,"Abril",97.18
8855,"Maio",49.74
8855,"Junho",20.86
8855,"Julho",51.38
8855,"Agosto",11.69
8855,"Setembro",79.02
8855,"Outubro",64.18
8855,"Novembro",73.8
8855,"Dezembro",69.89
6361,"Janeiro",96.04
6361,"Fevereiro",29.62
6361,"Março",73.1
6361,"Abril",92.04
6361,"Maio",82.86
6361,"Junho",44.82
6361,"Julho",40.13
6361,"Agosto",40.33
6361,"Setembro",88.93
6361,"Outubro",8.2
6361,"Novembro",73.88
6361,"Dezembro",99.05
319,"Janeiro",62.06
319,"Fevereiro",35.68
319,"Março",50.96
319,"Abril",37.16
319,"Maio",64.67
319,"Junho",93.71
319,"Julho",54.38
319,"Agosto",56.15
319,"Setembro",79.53
319,"Outubro",62.44
319,"Novembro",9.13
319,"Dezembro",55.37
583,"Janeiro",28.55
583,"Fevereiro",1.8
583,"Março",97.64
583,"Abril",17.03
583,"Maio",67.92
583,"Junho",43.81
583,"Julho",89.37
583,"Agosto",85.71
583,"Setembro",67.77
583,"Outubro",74.52
583,"Novembro",71.56
583,"Dezembro",82.46
6162,"Janeiro",91.97
6162,"Fevereiro",29.06
6162,"Março",33.79
6162,"Abril",28.73
6162,"Maio",33.49
6162,"Junho",97.37
6162,"Julho",15.76
6162,"Agosto",58.17
6162,"Setembro",51.02
6162,"Outubro",15.13
6162,"Novembro",94.82
6162,"Dezembro",84.36
8722,"Janeiro",13.93
8722,"Fevereiro",16.82
8722,"Março",35.34
8722,"Abril",27.22
8722,"Maio",0.53
8722,"Junho",59.79
8722,"Julho",22.34
8722,"Agosto",11.03
8722,"Setembro",52.48
8722,"Outubro",17.97
8722,"Novembro",25.69
8722,"Dezembro",97.26
8085,"Janeiro",15.37
8085,"Fevereiro",57.09
8085,"Março",66.96
8085,"Abril",17.75
8085,"Maio",77.32
8085,"Junho",17
8085,"Julho",61.38
8085,"Agosto",89.76
8085,"Setembro",72.64
8085,"Outubro",29.65
8085,"Novembro",1.3
8085,"Dezembro",86.29
5129,"Janeiro",12.53
5129,"Fevereiro",7.84
5129,"Março",43.24
5129,"Abril",84.37
5129,"Maio",18.63
5129,"Junho",20.27
5129,"Julho",13.57
5129,"Agosto",3.22
5129,"Setembro",80.21
5129,"Outubro",55.45
5129,"Novembro",77.64
5129,"Dezembro",21.77
5811,"Janeiro",88.8
5811,"Fevereiro",87.73
5811,"Março",14.49
5811,"Abril",15.69
5811,"Maio",3.01
5811,"Junho",11.94
5811,"Julho",80.48
5811,"Agosto",67.23
5811,"Setembro",71.37
5811,"Outubro",70.86
5811,"Novembro",70.97
5811,"Dezembro",69.01
1512,"Janeiro",99.12
1512,"Fevereiro",2.24
1512,"Março",18.64
1512,"Abril",81.05
1512,"Maio",96.06
1512,"Junho",11.43
1512,"Julho",85.24
1512,"Agosto",33.61
1512,"Setembro",6.52
1512,"Outubro",83.24
1512,"Novembro",10.58
1512,"Dezembro",87.26
5878,"Janeiro",18.58
5878,"Fevereiro",81.65
5878,"Março",87.56
5878,"Abril",84.55
5878,"Maio",43.49
5878,"Junho",66.96
5878,"Julho",12.5
5878,"Agosto",22.84
5878,"Setembro",84.59
5878,"Outubro",76.67
5878,"Novembro",55.37
5878,"Dezembro",86.41
2525,"Janeiro",31.72
2525,"Fevereiro",18.83
2525,"Março",69.61
2525,"Abril",41.69
2525,"Maio",73.9
2525,"Junho",68.54
2525,"Julho",95.47
2525,"Agosto",6.31
2525,"Setembro",97.1
2525,"Outubro",86.45
2525,"Novembro",50.25
2525,"Dezembro",75.8
2641,"Janeiro",5.89
2641,"Fevereiro",54.47
2641,"Março",65.07
2641,"Abril",39.06
2641,"Maio",52.05
2641,"Junho",7.84
2641,"Julho",29.83
2641,"Agosto",64.77
2641,"Setembro",15.9
2641,"Outubro",39.8
2641,"Novembro",18.4
2641,"Dezembro",26.07
4346,"Janeiro",18.99
4346,"Fevereiro",8.55
4346,"Março",13.07
4346,"Abril",12.59
4346,"Maio",10.33
4346,"Junho",28.75
4346,"Julho",79.84
4346,"Agosto",37.43
4346,"Setembro",15.58
4346,"Outubro",39.63
4346,"Novembro",91.05
4346,"Dezembro",29.18
7909,"Janeiro",30.16
7909,"Fevereiro",15.32
7909,"Março",42.89
7909,"Abril",91.85
7909,"Maio",86.13
7909,"Junho",55.46
7909,"Julho",73.71
7909,"Agosto",33.47
7909,"Setembro",19.2
7909,"Outubro",67.69
7909,"Novembro",92.85
7909,"Dezembro",62.12
1721,"Janeiro",20.52
1721,"Fevereiro",31.71
1721,"Março",40.33
1721,"Abril",90.24
1721,"Maio",45.28
1721,"Junho",14.78
1721,"Julho",14.39
1721,"Agosto",98.35
1721,"Setembro",2.9
1721,"Outubro",72.11
1721,"Novembro",51.67
1721,"Dezembro",82.98
4055,"Janeiro",63.32
4055,"Fevereiro",67.06
4055,"Março",70.2
4055,"Abril",53.16
4055,"Maio",73.61
4055,"Junho",17.53
4055,"Julho",69.5
4055,"Agosto",38.41
4055,"Setembro",8.12
4055,"Outubro",92.64
4055,"Novembro",22.74
4055,"Dezembro",33.99
8074,"Janeiro",70.36
8074,"Fevereiro",83.13
8074,"Março",24.84
8074,"Abril",12.39
8074,"Maio",85.76
8074,"Junho",80.12
8074,"Julho",99.48
8074,"Agosto",47.96
8074,"Setembro",68.98
8074,"Outubro",19.95
8074,"Novembro",76.98
8074,"Dezembro",32.4
1566,"Janeiro",57.84
1566,"Fevereiro",53.11
1566,"Março",99.27
1566,"Abril",30.71
1566,"Maio",21.72
1566,"Junho",25.64
1566,"Julho",95.31
1566,"Agosto",48.2
1566,"Setembro",16.19
1566,"Outubro",72.84
1566,"Novembro",84.62
1566,"Dezembro",35.93
7225,"Janeiro",48.1
7225,"Fevereiro",76.59
7225,"Março",85.41
7225,"Abril",89.31
7225,"Maio",18.34
7225,"Junho",82.19
7225,"Julho",27.89
7225,"Agosto",49.48
7225,"Setembro",1
7225,"Outubro",69.68
7225,"Novembro",26.75
7225,"Dezembro",53.45
882,"Janeiro",48.26
882,"Fevereiro",99.83
882,"Março",23.3
882,"Abril",73.89
882,"Maio",96.01
882,"Junho",70.83
882,"Julho",49.12
882,"Agosto",61.38
882,"Setembro",84.96
882,"Outubro",5.4
882,"Novembro",63.45
882,"Dezembro",31.96
2901,"Janeiro",56.28
2901,"Fevereiro",62.09
2901,"Março",35.95
2901,"Abril",57.11
2901,"Maio",68.55
2901,"Junho",9.55
2901,"Julho",87.33
2901,"Agosto",75.54
2901,"Setembro",38.85
2901,"Outubro",70.62
2901,"Novembro",28.02
2901,"Dezembro",31.02
4656,"Janeiro",83.18
4656,"Fevereiro",57.91
4656,"Março",12.29
4656,"Abril",30.23
4656,"Maio",82.48
4656,"Junho",82.88
4656,"Julho",28.77
4656,"Agosto",87.83
4656,"Setembro",28.97
4656,"Outubro",27.2
4656,"Novembro",2.32
4656,"Dezembro",77.85
6259,"Janeiro",79.68
6259,"Fevereiro",91.48
6259,"Março",65.54
6259,"Abril",37.67
6259,"Maio",95.87
6259,"Junho",47.23
6259,"Julho",38.87
6259,"Agosto",60.96
6259,"Setembro",12.6
6259,"Outubro",80.05
6259,"Novembro",50.47
6259,"Dezembro",26.68
3697,"Janeiro",15.3
3697,"Fevereiro",5.81
3697,"Março",90.2
3697,"Abril",99.91
3697,"Maio",5.6
3697,"Junho",1.72
3697,"Julho",53.98
3697,"Agosto",5.09
3697,"Setembro",46.94
3697,"Outubro",99.04
3697,"Novembro",45.08
3697,"Dezembro",99.02
242,"Janeiro",15.97
242,"Fevereiro",45.7
242,"Março",55.8
242,"Abril",11.43
242,"Maio",88.22
242,"Junho",50.21
242,"Julho",84.97
242,"Agosto",87.89
242,"Setembro",75.46
242,"Outubro",72.28
242,"Novembro",47.19
242,"Dezembro",31.27
5432,"Janeiro",37.11
5432,"Fevereiro",11.12
5432,"Março",49.13
5432,"Abril",78.77
5432,"Maio",93.67
5432,"Junho",80.45
5432,"Julho",22.09
5432,"Agosto",25.07
5432,"Setembro",83.73
5432,"Outubro",37.91
5432,"Novembro",38.87
5432,"Dezembro",86.95
6173,"Janeiro",65.78
6173,"Fevereiro",31.98
6173,"Março",57.33
6173,"Abril",94.52
6173,"Maio",85.56
6173,"Junho",28.48
6173,"Julho",2.38
6173,"Agosto",42.15
6173,"Setembro",49.79
6173,"Outubro",81.71
6173,"Novembro",75.55
6173,"Dezembro",29.58
7100,"Janeiro",46.5
7100,"Fevereiro",60.84
7100,"Março",8.65
7100,"Abril",70.05
7100,"Maio",43.05
7100,"Junho",74.13
7100,"Julho",33.97
7100,"Agosto",80.48
7100,"Setembro",50.72
7100,"Outubro",96.39
7100,"Novembro",31.37
7100,"Dezembro",35.34
8411,"Janeiro",81.93
8411,"Fevereiro",18.2
8411,"Março",20.64
8411,"Abril",19.1
8411,"Maio",93.4
8411,"Junho",82.08
8411,"Julho",71.37
8411,"Agosto",69.27
8411,"Setembro",26.86
8411,"Outubro",97.65
8411,"Novembro",7.79
8411,"Dezembro",68.64
7456,"Janeiro",35.95
7456,"Fevereiro",93.92
7456,"Março",18.95
7456,"Abril",63.08
7456,"Maio",30.84
7456,"Junho",65.6
7456,"Julho",60.51
7456,"Agosto",29.43
7456,"Setembro",78.51
7456,"Outubro",4.21
7456,"Novembro",66.58
7456,"Dezembro",95.68
7746,"Janeiro",27.61
7746,"Fevereiro",44.8
7746,"Março",53.57
7746,"Abril",88.78
7746,"Maio",36.63
7746,"Junho",64.59
7746,"Julho",35.35
7746,"Agosto",21.91
7746,"Setembro",9.67
7746,"Outubro",90.32
7746,"Novembro",95.29
7746,"Dezembro",21.12
7676,"Janeiro",72.12
7676,"Fevereiro",18.88
7676,"Março",76.47
7676,"Abril",93.61
7676,"Maio",74.31
7676,"Junho",58.99
7676,"Julho",60.72
7676,"Agosto",20.61
7676,"Setembro",61.77
7676,"Outubro",94.04
7676,"Novembro",66.05
7676,"Dezembro",9.65
5726,"Janeiro",17.93
5726,"Fevereiro",28.22
5726,"Março",21.8
5726,"Abril",91.39
5726,"Maio",13.6
5726,"Junho",95.09
5726,"Julho",48.26
5726,"Agosto",16.49
5726,"Setembro",5.34
5726,"Outubro",20.95
5726,"Novembro",25.71
5726,"Dezembro",59.12
1012,"Janeiro",79.57
1012,"Fevereiro",48.8
1012,"Março",69.04
1012,"Abril",44.05
1012,"Maio",86.62
1012,"Junho",91.13
1012,"Julho",80.22
1012,"Agosto",52.83
1012,"Setembro",27.54
1012,"Outubro",91.35
1012,"Novembro",47.67
1012,"Dezembro",4.4
3096,"Janeiro",95.98
3096,"Fevereiro",36.23
3096,"Março",55.44
3096,"Abril",83.97
3096,"Maio",42.93
3096,"Junho",90.38
3096,"Julho",32.69
3096,"Agosto",10.19
3096,"Setembro",60
3096,"Outubro",2.28
3096,"Novembro",65.28
3096,"Dezembro",37.67
8700,"Janeiro",37.55
8700,"Fevereiro",55.12
8700,"Março",60.59
8700,"Abril",34.52
8700,"Maio",59.26
8700,"Junho",0.11
8700,"Julho",11.61
8700,"Agosto",29.85
8700,"Setembro",15.08
8700,"Outubro",82.85
8700,"Novembro",98.51
8700,"Dezembro",36.92
6394,"Janeiro",42.12
6394,"Fevereiro",72.44
6394,"Março",77.23
6394,"Abril",49.44
6394,"Maio",21.32
6394,"Junho",28.02
6394,"Julho",19.54
6394,"Agosto",17.02
6394,"Setembro",0.46
6394,"Outubro",63.52
6394,"Novembro",98.57
6394,"Dezembro",82.33
6891,"Janeiro",16.99
6891,"Fevereiro",42.84
6891,"Março",12.65
6891,"Abril",17.15
6891,"Maio",70.96
6891,"Junho",39.01
6891,"Julho",72.5
6891,"Agosto",16.03
6891,"Setembro",16.76
6891,"Outubro",5.61
6891,"Novembro",44.85
6891,"Dezembro",52.98
8652,"Janeiro",82.09
8652,"Fevereiro",85.66
8652,"Março",24.77
8652,"Abril",61.52
8652,"Maio",19.12
8652,"Junho",5.03
8652,"Julho",14.09
8652,"Agosto",60.71
8652,"Setembro",18.43
8652,"Outubro",90.43
8652,"Novembro",56.63
8652,"Dezembro",91.75
1479,"Janeiro",79.97
1479,"Fevereiro",1.42
1479,"Março",61.23
1479,"Abril",98.36
1479,"Maio",78.46
1479,"Junho",67.33
1479,"Julho",51.65
1479,"Agosto",58.76
1479,"Setembro",69.13
1479,"Outubro",16.5
1479,"Novembro",88.32
1479,"Dezembro",7
3604,"Janeiro",72.91
3604,"Fevereiro",83.57
3604,"Março",73.72
3604,"Abril",27.56
3604,"Maio",43.42
3604,"Junho",30.24
3604,"Julho",37.17
3604,"Agosto",30.12
3604,"Setembro",82.03
3604,"Outubro",15.73
3604,"Novembro",1.49
3604,"Dezembro",20.24
6950,"Janeiro",81.18
6950,"Fevereiro",31.46
6950,"Março",74.36
6950,"Abril",71.2
6950,"Maio",17.72
6950,"Junho",12.76
6950,"Julho",12.1
6950,"Agosto",18.03
6950,"Setembro",11.27
6950,"Outubro",87.23
6950,"Novembro",93.74
6950,"Dezembro",52.65
5165,"Janeiro",85.77
5165,"Fevereiro",36.79
5165,"Março",59.03
5165,"Abril",10.24
5165,"Maio",30.48
5165,"Junho",19.49
5165,"Julho",48.03
5165,"Agosto",33.65
5165,"Setembro",26.11
5165,"Outubro",44.18
5165,"Novembro",49.24
5165,"Dezembro",66.23
7240,"Janeiro",65.34
7240,"Fevereiro",64.72
7240,"Março",5.02
7240,"Abril",35.38
7240,"Maio",14.1
7240,"Junho",5.9
7240,"Julho",40.22
7240,"Agosto",65.03
7240,"Setembro",43.72
7240,"Outubro",7.84
7240,"Novembro",30.42
7240,"Dezembro",53.22
7840,"Janeiro",24.9
7840,"Fevereiro",51.63
7840,"Março",42.47
7840,"Abril",12.24
7840,"Maio",71.68
7840,"Junho",10
7840,"Julho",97.88
7840,"Agosto",50.12
7840,"Setembro",58.47
7840,"Outubro",50.18
7840,"Novembro",66.58
7840,"Dezembro",19.09
1145,"Janeiro",89.83
1145,"Fevereiro",91.9
1145,"Março",53.29
1145,"Abril",64.58
1145,"Maio",14.82
1145,"Junho",80.44
1145,"Julho",11.84
1145,"Agosto",16.2
1145,"Setembro",70.08
1145,"Outubro",70.59
1145,"Novembro",93.65
1145,"Dezembro",7.07
6889,"Janeiro",23.39
6889,"Fevereiro",92.54
6889,"Março",45.81
6889,"Abril",4.41
6889,"Maio",97.45
6889,"Junho",13.48
6889,"Julho",5.84
6889,"Agosto",38.46
6889,"Setembro",38
6889,"Outubro",94.17
6889,"Novembro",28.35
6889,"Dezembro",83.46
2977,"Janeiro",67.93
2977,"Fevereiro",54.65
2977,"Março",46.08
2977,"Abril",24.66
2977,"Maio",29.55
2977,"Junho",51.91
2977,"Julho",59.19
2977,"Agosto",18.83
2977,"Setembro",39.07
2977,"Outubro",80.43
2977,"Novembro",61.49
2977,"Dezembro",19.48
3810,"Janeiro",81.45
3810,"Fevereiro",3.03
3810,"Março",50.07
3810,"Abril",31.52
3810,"Maio",84.61
3810,"Junho",59.33
3810,"Julho",46.56
3810,"Agosto",73.27
3810,"Setembro",8.07
3810,"Outubro",85.05
3810,"Novembro",75.54
3810,"Dezembro",99.55
3893,"Janeiro",42.81
3893,"Fevereiro",41.61
3893,"Março",64.78
3893,"Abril",7.58
3893,"Maio",20.89
3893,"Junho",18.92
3893,"Julho",76.2
3893,"Agosto",56.43
3893,"Setembro",64.87
3893,"Outubro",28.81
3893,"Novembro",78.78
3893,"Dezembro",88.67
7072,"Janeiro",43.5
7072,"Fevereiro",54.98
7072,"Março",64.15
7072,"Abril",77.61
7072,"Maio",18.78
7072,"Junho",52.19
7072,"Julho",23.13
7072,"Agosto",86.59
7072,"Setembro",77.51
7072,"Outubro",3.25
7072,"Novembro",88.63
7072,"Dezembro",17.15
119,"Janeiro",16.89
119,"Fevereiro",89.09
119,"Março",95.57
119,"Abril",33.29
119,"Maio",73.7
119,"Junho",66.67
119,"Julho",63.98
119,"Agosto",60.82
119,"Setembro",18.73
119,"Outubro",74.12
119,"Novembro",27.43
119,"Dezembro",9.73
3118,"Janeiro",8.47
3118,"Fevereiro",55.2
3118,"Março",22.75
3118,"Abril",65.77
3118,"Maio",5.47
3118,"Junho",64.71
3118,"Julho",76.19
3118,"Agosto",91.8
3118,"Setembro",29.63
3118,"Outubro",87.05
3118,"Novembro",74.88
3118,"Dezembro",2.13
6770,"Janeiro",98.5
6770,"Fevereiro",37.43
6770,"Março",34.91
6770,"Abril",50.09
6770,"Maio",48.69
6770,"Junho",24.35
6770,"Julho",19.7
6770,"Agosto",42.62
6770,"Setembro",59.58
6770,"Outubro",1.04
6770,"Novembro",2.56
6770,"Dezembro",55.64
9053,"Janeiro",91.7
9053,"Fevereiro",15.6
9053,"Março",87.25
9053,"Abril",30.03
9053,"Maio",38.61
9053,"Junho",8.14
9053,"Julho",47.91
9053,"Agosto",4.12
9053,"Setembro",18.31
9053,"Outubro",9.9
9053,"Novembro",83.28
9053,"Dezembro",99.82
7266,"Janeiro",84.99
7266,"Fevereiro",26.55
7266,"Março",25.63
7266,"Abril",66.46
7266,"Maio",14.35
7266,"Junho",42.67
7266,"Julho",94.46
7266,"Agosto",48.6
7266,"Setembro",3.99
7266,"Outubro",52.48
7266,"Novembro",17.41
7266,"Dezembro",55.51
8587,"Janeiro",12.62
8587,"Fevereiro",70.27
8587,"Março",77.56
8587,"Abril",25.92
8587,"Maio",24.54
8587,"Junho",79.7
8587,"Julho",27.05
8587,"Agosto",22.46
8587,"Setembro",51.2
8587,"Outubro",3.64
8587,"Novembro",17.01
8587,"Dezembro",11.19
3579,"Janeiro",57.53
3579,"Fevereiro",84.93
3579,"Março",51.1
3579,"Abril",56.67
3579,"Maio",37.25
3579,"Junho",53.19
3579,"Julho",96.64
3579,"Agosto",73.07
3579,"Setembro",21.48
3579,"Outubro",77.92
3579,"Novembro",87.39
3579,"Dezembro",84.14
7179,"Janeiro",79.59
7179,"Fevereiro",95.01
7179,"Março",47.62
7179,"Abril",94.1
7179,"Maio",5.05
7179,"Junho",65.59
7179,"Julho",11.52
7179,"Agosto",62.67
7179,"Setembro",37.86
7179,"Outubro",57.36
7179,"Novembro",65.35
7179,"Dezembro",21.06
8358,"Janeiro",53.04
8358,"Fevereiro",51.61
8358,"Março",84.77
8358,"Abril",36.57
8358,"Maio",90.76
8358,"Junho",36.05
8358,"Julho",77.75
8358,"Agosto",8.21
8358,"Setembro",10.85
8358,"Outubro",42.16
8358,"Novembro",22.32
8358,"Dezembro",30.86
9526,"Janeiro",76.92
9526,"Fevereiro",63.05
9526,"Março",99.1
9526,"Abril",6.67
9526,"Maio",53.9
9526,"Junho",27.18
9526,"Julho",45.23
9526,"Agosto",15.33
9526,"Setembro",68.56
9526,"Outubro",85.62
9526,"Novembro",27.54
9526,"Dezembro",49.59
6196,"Janeiro",9.09
6196,"Fevereiro",87.45
6196,"Março",10.37
6196,"Abril",94.69
6196,"Maio",56.72
6196,"Junho",94.66
6196,"Julho",73.47
6196,"Agosto",4.93
6196,"Setembro",58.75
6196,"Outubro",26.52
6196,"Novembro",70.49
6196,"Dezembro",30.29
5349,"Janeiro",30.18
5349,"Fevereiro",60.9
5349,"Março",50.38
5349,"Abril",96.71
5349,"Maio",40.69
5349,"Junho",65.76
5349,"Julho",45.72
5349,"Agosto",42.79
5349,"Setembro",3.29
5349,"Outubro",33.85
5349,"Novembro",98.39
5349,"Dezembro",54.19
6786,"Janeiro",66.39
6786,"Fevereiro",43.71
6786,"Março",43.24
6786,"Abril",25.8
6786,"Maio",29.95
6786,"Junho",53.62
6786,"Julho",93.27
6786,"Agosto",17.95
6786,"Setembro",66.4
6786,"Outubro",75.42
6786,"Novembro",7
6786,"Dezembro",30.95
1284,"Janeiro",25.58
1284,"Fevereiro",57.64
1284,"Março",40.06
1284,"Abril",59.3
1284,"Maio",36.13
1284,"Junho",3.09
1284,"Julho",19.58
1284,"Agosto",7.96
1284,"Setembro",27.24
1284,"Outubro",81.99
1284,"Novembro",49.64
1284,"Dezembro",47.44
6366,"Janeiro",46.63
6366,"Fevereiro",41.18
6366,"Março",94.88
6366,"Abril",76.84
6366,"Maio",86.01
6366,"Junho",88.35
6366,"Julho",76.73
6366,"Agosto",40.95
6366,"Setembro",63.41
6366,"Outubro",0.38
6366,"Novembro",55.65
6366,"Dezembro",68.09
6226,"Janeiro",28.15
6226,"Fevereiro",24.42
6226,"Março",53.65
6226,"Abril",57.27
6226,"Maio",70.01
6226,"Junho",73.8
6226,"Julho",36.64
6226,"Agosto",65.15
6226,"Setembro",88.66
6226,"Outubro",33.13
6226,"Novembro",12
6226,"Dezembro",66
9760,"Janeiro",87.25
9760,"Fevereiro",89.19
9760,"Março",56.98
9760,"Abril",14.44
9760,"Maio",5.88
9760,"Junho",64.46
9760,"Julho",45.94
9760,"Agosto",34.8
9760,"Setembro",37.65
9760,"Outubro",16.98
9760,"Novembro",44.38
9760,"Dezembro",50.52
41,"Janeiro",47.94
41,"Fevereiro",52.26
41,"Março",33.82
41,"Abril",27.45
41,"Maio",72.05
41,"Junho",85.1
41,"Julho",5.73
41,"Agosto",36.84
41,"Setembro",37.59
41,"Outubro",62.48
41,"Novembro",24.64
41,"Dezembro",85
485,"Janeiro",90.43
485,"Fevereiro",47.98
485,"Março",48.86
485,"Abril",92.88
485,"Maio",77.85
485,"Junho",49.05
485,"Julho",39.28
485,"Agosto",64.58
485,"Setembro",44.17
485,"Outubro",19.35
485,"Novembro",31.94
485,"Dezembro",34.68
3193,"Janeiro",34.55
3193,"Fevereiro",77.94
3193,"Março",9.86
3193,"Abril",89.07
3193,"Maio",10.46
3193,"Junho",41.64
3193,"Julho",97.65
3193,"Agosto",52.57
3193,"Setembro",36.21
3193,"Outubro",60.1
3193,"Novembro",47.66
3193,"Dezembro",55.02
1964,"Janeiro",13.23
1964,"Fevereiro",55.36
1964,"Março",55.28
1964,"Abril",14.73
1964,"Maio",15.13
1964,"Junho",72.72
1964,"Julho",84.21
1964,"Agosto",95.19
1964,"Setembro",59.32
1964,"Outubro",69.66
1964,"Novembro",21.08
1964,"Dezembro",91.75
2080,"Janeiro",73.74
2080,"Fevereiro",86.82
2080,"Março",7.33
2080,"Abril",86.08
2080,"Maio",31.55
2080,"Junho",79.82
2080,"Julho",34.04
2080,"Agosto",5.64
2080,"Setembro",55.07
2080,"Outubro",98.96
2080,"Novembro",53.71
2080,"Dezembro",26.88
4885,"Janeiro",70.05
4885,"Fevereiro",1.75
4885,"Março",24.33
4885,"Abril",0.47
4885,"Maio",60.06
4885,"Junho",0.03
4885,"Julho",37.83
4885,"Agosto",87.67
4885,"Setembro",40.33
4885,"Outubro",39.54
4885,"Novembro",71.36
4885,"Dezembro",74.97
4499,"Janeiro",96.78
4499,"Fevereiro",25.22
4499,"Março",57.9
4499,"Abril",79.46
4499,"Maio",50.3
4499,"Junho",42.71
4499,"Julho",3.31
4499,"Agosto",15.64
4499,"Setembro",66.3
4499,"Outubro",93.44
4499,"Novembro",37.08
4499,"Dezembro",88.94
7952,"Janeiro",56.98
7952,"Fevereiro",83.08
7952,"Março",93.25
7952,"Abril",68
7952,"Maio",9.87
7952,"Junho",64.55
7952,"Julho",73.13
7952,"Agosto",36.51
7952,"Setembro",54.21
7952,"Outubro",2.23
7952,"Novembro",10.78
7952,"Dezembro",85.49
8947,"Janeiro",48.08
8947,"Fevereiro",9.48
8947,"Março",67.76
8947,"Abril",65.56
8947,"Maio",73.85
8947,"Junho",10.33
8947,"Julho",71.26
8947,"Agosto",71.73
8947,"Setembro",75.53
8947,"Outubro",35.62
8947,"Novembro",7.86
8947,"Dezembro",1.48
5629,"Janeiro",85.96
5629,"Fevereiro",92.63
5629,"Março",50.18
5629,"Abril",30.96
5629,"Maio",31.07
5629,"Junho",45.82
5629,"Julho",36.06
5629,"Agosto",99.58
5629,"Setembro",75.93
5629,"Outubro",22.19
5629,"Novembro",67.12
5629,"Dezembro",91.14
2631,"Janeiro",91.58
2631,"Fevereiro",99.84
2631,"Março",4.68
2631,"Abril",80.86
2631,"Maio",8.74
2631,"Junho",28.88
2631,"Julho",60.55
2631,"Agosto",75.42
2631,"Setembro",54.33
2631,"Outubro",55.44
2631,"Novembro",88.16
2631,"Dezembro",67.69
4157,"Janeiro",13.26
4157,"Fevereiro",39.79
4157,"Março",91.16
4157,"Abril",82.83
4157,"Maio",58.85
4157,"Junho",57.65
4157,"Julho",81.02
4157,"Agosto",69.62
4157,"Setembro",24.76
4157,"Outubro",4.68
4157,"Novembro",44.45
4157,"Dezembro",37.33
6,"Janeiro",4.03
6,"Fevereiro",8.23
6,"Março",38.64
6,"Abril",76.01
6,"Maio",4.67
6,"Junho",36.57
6,"Julho",48.55
6,"Agosto",76.53
6,"Setembro",40.57
6,"Outubro",88.91
6,"Novembro",45.43
6,"Dezembro",49.25
6661,"Janeiro",5.05
6661,"Fevereiro",57.04
6661,"Março",11.11
6661,"Abril",1.23
6661,"Maio",33.02
6661,"Junho",77.99
6661,"Julho",47.27
6661,"Agosto",29.7
6661,"Setembro",75
6661,"Outubro",45.04
6661,"Novembro",73.6
6661,"Dezembro",58.46
3439,"Janeiro",87.76
3439,"Fevereiro",79.04
3439,"Março",9.14
3439,"Abril",40.25
3439,"Maio",42.63
3439,"Junho",59.3
3439,"Julho",34.64
3439,"Agosto",38.6
3439,"Setembro",46.19
3439,"Outubro",97.3
3439,"Novembro",40.61
3439,"Dezembro",71.14
3286,"Janeiro",19.48
3286,"Fevereiro",53.72
3286,"Março",98.61
3286,"Abril",11.01
3286,"Maio",27.05
3286,"Junho",77.47
3286,"Julho",62.45
3286,"Agosto",51.32
3286,"Setembro",50.14
3286,"Outubro",67.41
3286,"Novembro",43.74
3286,"Dezembro",50.56
9471,"Janeiro",2.73
9471,"Fevereiro",60.87
9471,"Março",9.66
9471,"Abril",15.27
9471,"Maio",12.39
9471,"Junho",37.57
9471,"Julho",63.21
9471,"Agosto",70.69
9471,"Setembro",1.76
9471,"Outubro",95.52
9471,"Novembro",47.22
9471,"Dezembro",90.43
1258,"Janeiro",4.56
1258,"Fevereiro",67.97
1258,"Março",66.86
1258,"Abril",1.89
1258,"Maio",97.52
1258,"Junho",46.72
1258,"Julho",77.78
1258,"Agosto",50.09
1258,"Setembro",27.08
1258,"Outubro",74.47
1258,"Novembro",88.56
1258,"Dezembro",90.76
6045,"Janeiro",98.81
6045,"Fevereiro",7.79
6045,"Março",73.09
6045,"Abril",5.11
6045,"Maio",6.43
6045,"Junho",1.77
6045,"Julho",64.45
6045,"Agosto",30.97
6045,"Setembro",61.34
6045,"Outubro",44.51
6045,"Novembro",99.62
6045,"Dezembro",12.52
2679,"Janeiro",86.8
2679,"Fevereiro",8.65
2679,"Março",96.67
2679,"Abril",64.67
2679,"Maio",36.14
2679,"Junho",59.26
2679,"Julho",1.4
2679,"Agosto",58.06
2679,"Setembro",87.01
2679,"Outubro",52.73
2679,"Novembro",93.69
2679,"Dezembro",43.53
9419,"Janeiro",95.96
9419,"Fevereiro",62.29
9419,"Março",81.43
9419,"Abril",94.24
9419,"Maio",94.02
9419,"Junho",81.19
9419,"Julho",78.91
9419,"Agosto",8.04
9419,"Setembro",67.53
9419,"Outubro",82.34
9419,"Novembro",29
9419,"Dezembro",97.36
1756,"Janeiro",42.02
1756,"Fevereiro",65.76
1756,"Março",26.76
1756,"Abril",2.85
1756,"Maio",79.97
1756,"Junho",22.83
1756,"Julho",62.66
1756,"Agosto",32.26
1756,"Setembro",96.29
1756,"Outubro",13.67
1756,"Novembro",12.43
1756,"Dezembro",10.84
2535,"Janeiro",11.4
2535,"Fevereiro",33.87
2535,"Março",33.32
2535,"Abril",40.24
2535,"Maio",35.82
2535,"Junho",74.84
2535,"Julho",20.93
2535,"Agosto",23.41
2535,"Setembro",54.34
2535,"Outubro",24.05
2535,"Novembro",19.15
2535,"Dezembro",22.9
523,"Janeiro",71.71
523,"Fevereiro",64.27
523,"Março",30.72
523,"Abril",64.61
523,"Maio",75.58
523,"Junho",52.14
523,"Julho",42.85
523,"Agosto",88.49
523,"Setembro",56.86
523,"Outubro",43.65
523,"Novembro",13.59
523,"Dezembro",39.31
2349,"Janeiro",33.23
2349,"Fevereiro",11.27
2349,"Março",51.66
2349,"Abril",88.8
2349,"Maio",4.82
2349,"Junho",54.98
2349,"Julho",6.53
2349,"Agosto",63.83
2349,"Setembro",36.69
2349,"Outubro",17.16
2349,"Novembro",87.02
2349,"Dezembro",97.11
8013,"Janeiro",77.1
8013,"Fevereiro",14.52
8013,"Março",28.21
8013,"Abril",80.46
8013,"Maio",27.62
8013,"Junho",69.15
8013,"Julho",14.12
8013,"Agosto",48.5
8013,"Setembro",51.1
8013,"Outubro",51.74
8013,"Novembro",57.4
8013,"Dezembro",39.58
6370,"Janeiro",48.1
6370,"Fevereiro",17.68
6370,"Março",62.9
6370,"Abril",60.79
6370,"Maio",54.55
6370,"Junho",59.33
6370,"Julho",10.58
6370,"Agosto",68.03
6370,"Setembro",1.71
6370,"Outubro",43.17
6370,"Novembro",95.94
6370,"Dezembro",3.21
8811,"Janeiro",42.46
8811,"Fevereiro",7.38
8811,"Março",77.3
8811,"Abril",29.69
8811,"Maio",28.01
8811,"Junho",72.06
8811,"Julho",71.9
8811,"Agosto",88.01
8811,"Setembro",46.92
8811,"Outubro",63.57
8811,"Novembro",59
8811,"Dezembro",95.78
4636,"Janeiro",55.92
4636,"Fevereiro",24.15
4636,"Março",40.4
4636,"Abril",5.87
4636,"Maio",73.13
4636,"Junho",80.18
4636,"Julho",63.68
4636,"Agosto",83.96
4636,"Setembro",84.49
4636,"Outubro",70.08
4636,"Novembro",2.97
4636,"Dezembro",33.43
4484,"Janeiro",94.1
4484,"Fevereiro",1.66
4484,"Março",37.79
4484,"Abril",99.44
4484,"Maio",6.97
4484,"Junho",82.91
4484,"Julho",50.93
4484,"Agosto",87.12
4484,"Setembro",7.19
4484,"Outubro",41.86
4484,"Novembro",98.28
4484,"Dezembro",60.96
6249,"Janeiro",10.1
6249,"Fevereiro",74.23
6249,"Março",94.47
6249,"Abril",80.96
6249,"Maio",28.86
6249,"Junho",36.14
6249,"Julho",44.17
6249,"Agosto",91.48
6249,"Setembro",39.21
6249,"Outubro",31.85
6249,"Novembro",32.11
6249,"Dezembro",52.24
5507,"Janeiro",20.18
5507,"Fevereiro",46.34
5507,"Março",3.35
5507,"Abril",30.71
5507,"Maio",50.71
5507,"Junho",50.34
5507,"Julho",42.36
5507,"Agosto",52.48
5507,"Setembro",74.09
5507,"Outubro",52.09
5507,"Novembro",85.64
5507,"Dezembro",20.13
8594,"Janeiro",16.98
8594,"Fevereiro",60.37
8594,"Março",50.23
8594,"Abril",6.88
8594,"Maio",3.16
8594,"Junho",35.99
8594,"Julho",34.85
8594,"Agosto",21.84
8594,"Setembro",74.74
8594,"Outubro",39.17
8594,"Novembro",15.95
8594,"Dezembro",85.96
2791,"Janeiro",80.76
2791,"Fevereiro",68.56
2791,"Março",11.23
2791,"Abril",4.34
2791,"Maio",96.65
2791,"Junho",91.65
2791,"Julho",50.75
2791,"Agosto",36.07
2791,"Setembro",14.74
2791,"Outubro",0.89
2791,"Novembro",50.07
2791,"Dezembro",6
9693,"Janeiro",99.89
9693,"Fevereiro",44.97
9693,"Março",39.33
9693,"Abril",91.45
9693,"Maio",96.27
9693,"Junho",18.74
9693,"Julho",91.68
9693,"Agosto",93.24
9693,"Setembro",10.68
9693,"Outubro",75
9693,"Novembro",21.79
9693,"Dezembro",86.56
9911,"Janeiro",7.02
9911,"Fevereiro",75.98
9911,"Março",52.37
9911,"Abril",70.84
9911,"Maio",3.39
9911,"Junho",41.15
9911,"Julho",83.02
9911,"Agosto",52.99
9911,"Setembro",84.48
9911,"Outubro",66.02
9911,"Novembro",50.16
9911,"Dezembro",58.03
3934,"Janeiro",32.35
3934,"Fevereiro",66.67
3934,"Março",53.47
3934,"Abril",82.04
3934,"Maio",93.57
3934,"Junho",48.08
3934,"Julho",84.46
3934,"Agosto",59.69
3934,"Setembro",42.15
3934,"Outubro",61.96
3934,"Novembro",81.83
3934,"Dezembro",91.54
9917,"Janeiro",97.81
9917,"Fevereiro",1.35
9917,"Março",9.13
9917,"Abril",74.19
9917,"Maio",5.75
9917,"Junho",41.03
9917,"Julho",44.51
9917,"Agosto",29.83
9917,"Setembro",47.15
9917,"Outubro",9.43
9917,"Novembro",63.3
9917,"Dezembro",5.83
37,"Janeiro",46.11
37,"Fevereiro",33.92
37,"Março",5.89
37,"Abril",33.19
37,"Maio",86.64
37,"Junho",5.25
37,"Julho",32.22
37,"Agosto",77.85
37,"Setembro",73.63
37,"Outubro",32.82
37,"Novembro",74.52
37,"Dezembro",8.08
830,"Janeiro",13.4
830,"Fevereiro",43.77
830,"Março",5.63
830,"Abril",48.24
830,"Maio",90.86
830,"Junho",69.86
830,"Julho",46.8
830,"Agosto",37.48
830,"Setembro",74.7
830,"Outubro",86
830,"Novembro",9.37
830,"Dezembro",74
6633,"Janeiro",44.52
6633,"Fevereiro",88.88
6633,"Março",3.86
6633,"Abril",25.45
6633,"Maio",52.09
6633,"Junho",19.37
6633,"Julho",62.32
6633,"Agosto",8.3
6633,"Setembro",69.75
6633,"Outubro",14.32
6633,"Novembro",61
6633,"Dezembro",74.96
2244,"Janeiro",83.84
2244,"Fevereiro",99.22
2244,"Março",64.67
2244,"Abril",66.12
2244,"Maio",71.54
2244,"Junho",26.94
2244,"Julho",37.01
2244,"Agosto",89.73
2244,"Setembro",5.16
2244,"Outubro",3.35
2244,"Novembro",7.47
2244,"Dezembro",31.87
8369,"Janeiro",6.16
8369,"Fevereiro",68.42
8369,"Março",7.85
8369,"Abril",54.45
8369,"Maio",59.16
8369,"Junho",21.68
8369,"Julho",94.5
8369,"Agosto",52
8369,"Setembro",73.76
8369,"Outubro",77.22
8369,"Novembro",45.83
8369,"Dezembro",18.58
8101,"Janeiro",25.89
8101,"Fevereiro",98.72
8101,"Março",99.71
8101,"Abril",17.31
8101,"Maio",96.62
8101,"Junho",51.96
8101,"Julho",78.22
8101,"Agosto",14.6
8101,"Setembro",35.32
8101,"Outubro",32.89
8101,"Novembro",88.5
8101,"Dezembro",34.72
2298,"Janeiro",88.91
2298,"Fevereiro",12.56
2298,"Março",12.9
2298,"Abril",88.37
2298,"Maio",61.7
2298,"Junho",21.54
2298,"Julho",75.52
2298,"Agosto",44.72
2298,"Setembro",34.46
2298,"Outubro",3.51
2298,"Novembro",3.77
2298,"Dezembro",3.66
4462,"Janeiro",95.86
4462,"Fevereiro",65.53
4462,"Março",69.91
4462,"Abril",49.57
4462,"Maio",10.79
4462,"Junho",64.62
4462,"Julho",50.16
4462,"Agosto",88.48
4462,"Setembro",10.06
4462,"Outubro",15.44
4462,"Novembro",22.32
4462,"Dezembro",43.09
5241,"Janeiro",13.37
5241,"Fevereiro",51.84
5241,"Março",97.28
5241,"Abril",26.43
5241,"Maio",72.57
5241,"Junho",67
5241,"Julho",97.28
5241,"Agosto",12.39
5241,"Setembro",75.45
5241,"Outubro",65.92
5241,"Novembro",31.53
5241,"Dezembro",0.48
1250,"Janeiro",87.62
1250,"Fevereiro",14.89
1250,"Março",65.39
1250,"Abril",9.6
1250,"Maio",67.1
1250,"Junho",31.59
1250,"Julho",94.89
1250,"Agosto",85.94
1250,"Setembro",22.6
1250,"Outubro",71.05
1250,"Novembro",71.09
1250,"Dezembro",15.09
92,"Janeiro",57.71
92,"Fevereiro",83.46
92,"Março",96.29
92,"Abril",55.84
92,"Maio",68.58
92,"Junho",17.96
92,"Julho",58.3
92,"Agosto",40.24
92,"Setembro",2.76
92,"Outubro",15.39
92,"Novembro",72.34
92,"Dezembro",74.36
8360,"Janeiro",98.88
8360,"Fevereiro",31.87
8360,"Março",57.85
8360,"Abril",76.35
8360,"Maio",7.56
8360,"Junho",83.51
8360,"Julho",88.71
8360,"Agosto",25.29
8360,"Setembro",53.39
8360,"Outubro",58.22
8360,"Novembro",23.57
8360,"Dezembro",45.47
3897,"Janeiro",35.16
3897,"Fevereiro",24.9
3897,"Março",46.57
3897,"Abril",43.72
3897,"Maio",3.97
3897,"Junho",88.76
3897,"Julho",34.06
3897,"Agosto",4.3
3897,"Setembro",3.27
3897,"Outubro",63.88
3897,"Novembro",15.6
3897,"Dezembro",26.54
2176,"Janeiro",72.37
2176,"Fevereiro",19.92
2176,"Março",72.61
2176,"Abril",84.29
2176,"Maio",33.81
2176,"Junho",78.28
2176,"Julho",69.71
2176,"Agosto",63.45
2176,"Setembro",23.24
2176,"Outubro",26.62
2176,"Novembro",24.54
2176,"Dezembro",98.75
2100,"Janeiro",71.51
2100,"Fevereiro",92.64
2100,"Março",61.3
2100,"Abril",68.44
2100,"Maio",44.19
2100,"Junho",3.89
2100,"Julho",92.24
2100,"Agosto",78.74
2100,"Setembro",87.55
2100,"Outubro",1.19
2100,"Novembro",91.31
2100,"Dezembro",91.87
3631,"Janeiro",6.83
3631,"Fevereiro",12.73
3631,"Março",66.02
3631,"Abril",57.87
3631,"Maio",27.15
3631,"Junho",40.67
3631,"Julho",32.68
3631,"Agosto",10.82
3631,"Setembro",17.91
3631,"Outubro",9.72
3631,"Novembro",30.84
3631,"Dezembro",79.61
6395,"Janeiro",19.58
6395,"Fevereiro",94.15
6395,"Março",43.9
6395,"Abril",59.41
6395,"Maio",48.63
6395,"Junho",22.03
6395,"Julho",63.02
6395,"Agosto",30.09
6395,"Setembro",43.56
6395,"Outubro",36.26
6395,"Novembro",66.02
6395,"Dezembro",4.53
4907,"Janeiro",54.42
4907,"Fevereiro",22.11
4907,"Março",99.08
4907,"Abril",27.24
4907,"Maio",38.42
4907,"Junho",94.23
4907,"Julho",68.1
4907,"Agosto",3.7
4907,"Setembro",50.94
4907,"Outubro",29.23
4907,"Novembro",75.72
4907,"Dezembro",73.06
3379,"Janeiro",50.05
3379,"Fevereiro",50.74
3379,"Março",46.85
3379,"Abril",5.17
3379,"Maio",56.14
3379,"Junho",62.66
3379,"Julho",57.44
3379,"Agosto",50.18
3379,"Setembro",67.33
3379,"Outubro",62.2
3379,"Novembro",21.88
3379,"Dezembro",56.81
7890,"Janeiro",87.75
7890,"Fevereiro",74.93
7890,"Março",96.06
7890,"Abril",7.47
7890,"Maio",63.4
7890,"Junho",37.17
7890,"Julho",49.65
7890,"Agosto",28.56
7890,"Setembro",58.54
7890,"Outubro",56.51
7890,"Novembro",47.37
7890,"Dezembro",61.07
7814,"Janeiro",30.57
7814,"Fevereiro",84.89
7814,"Março",71.61
7814,"Abril",27.58
7814,"Maio",4.91
7814,"Junho",61.2
7814,"Julho",14.2
7814,"Agosto",0.79
7814,"Setembro",81.13
7814,"Outubro",74.79
7814,"Novembro",7.94
7814,"Dezembro",93.87
3208,"Janeiro",37.37
3208,"Fevereiro",25.46
3208,"Março",97.71
3208,"Abril",63.34
3208,"Maio",78.11
3208,"Junho",80.43
3208,"Julho",29.41
3208,"Agosto",58.76
3208,"Setembro",80.62
3208,"Outubro",8.19
3208,"Novembro",72.59
3208,"Dezembro",54.91
2860,"Janeiro",84.97
2860,"Fevereiro",16.44
2860,"Março",67.34
2860,"Abril",44.15
2860,"Maio",93.14
2860,"Junho",2.17
2860,"Julho",30.73
2860,"Agosto",77.33
2860,"Setembro",81.15
2860,"Outubro",55.13
2860,"Novembro",99.4
2860,"Dezembro",76.39
952,"Janeiro",91.19
952,"Fevereiro",50.75
952,"Março",94.87
952,"Abril",62.78
952,"Maio",89.68
952,"Junho",86.03
952,"Julho",61.65
952,"Agosto",66.43
952,"Setembro",32.81
952,"Outubro",79.36
952,"Novembro",49.4
952,"Dezembro",52.33
8036,"Janeiro",63.67
8036,"Fevereiro",19.75
8036,"Março",76.41
8036,"Abril",78.35
8036,"Maio",30.91
8036,"Junho",27.73
8036,"Julho",85.39
8036,"Agosto",63.59
8036,"Setembro",12.16
8036,"Outubro",25.38
8036,"Novembro",82.01
8036,"Dezembro",82.43
6451,"Janeiro",69.05
6451,"Fevereiro",43.77
6451,"Março",15.93
6451,"Abril",40.88
6451,"Maio",89.9
6451,"Junho",7.77
6451,"Julho",77.62
6451,"Agosto",58.04
6451,"Setembro",66.53
6451,"Outubro",12.66
6451,"Novembro",87.47
6451,"Dezembro",50.87
6964,"Janeiro",77.97
6964,"Fevereiro",42.85
6964,"Março",9.28
6964,"Abril",54.59
6964,"Maio",45.41
6964,"Junho",49.1
6964,"Julho",2.23
6964,"Agosto",43.72
6964,"Setembro",81.34
6964,"Outubro",10.32
6964,"Novembro",49.59
6964,"Dezembro",83.54
1746,"Janeiro",67.31
1746,"Fevereiro",17.24
1746,"Março",58.66
1746,"Abril",41.94
1746,"Maio",73.44
1746,"Junho",89.76
1746,"Julho",40.46
1746,"Agosto",14.73
1746,"Setembro",44.23
1746,"Outubro",41.46
1746,"Novembro",77.07
1746,"Dezembro",2.85
1892,"Janeiro",99.64
1892,"Fevereiro",59.84
1892,"Março",95.67
1892,"Abril",27.87
1892,"Maio",53.83
1892,"Junho",82.98
1892,"Julho",6.63
1892,"Agosto",45.12
1892,"Setembro",89.65
1892,"Outubro",1.26
1892,"Novembro",30.13
1892,"Dezembro",39.13
2295,"Janeiro",64.62
2295,"Fevereiro",23.07
2295,"Março",43.9
2295,"Abril",25.63
2295,"Maio",32.72
2295,"Junho",35.49
2295,"Julho",87.57
2295,"Agosto",5.23
2295,"Setembro",83.06
2295,"Outubro",77.82
2295,"Novembro",67.19
2295,"Dezembro",75.95
4654,"Janeiro",72.39
4654,"Fevereiro",99.16
4654,"Março",17.57
4654,"Abril",26.32
4654,"Maio",7.04
4654,"Junho",42.75
4654,"Julho",49.84
4654,"Agosto",22.94
4654,"Setembro",35.68
4654,"Outubro",93.7
4654,"Novembro",28.6
4654,"Dezembro",3.16
4490,"Janeiro",59.4
4490,"Fevereiro",20.8
4490,"Março",28.62
4490,"Abril",14.05
4490,"Maio",1.14
4490,"Junho",50.93
4490,"Julho",62.33
4490,"Agosto",61.64
4490,"Setembro",63.85
4490,"Outubro",45.41
4490,"Novembro",37.67
4490,"Dezembro",13.31
5777,"Janeiro",89.7
5777,"Fevereiro",49.17
5777,"Março",83.74
5777,"Abril",54.49
5777,"Maio",66.99
5777,"Junho",55
5777,"Julho",10.6
5777,"Agosto",10.74
5777,"Setembro",83.96
5777,"Outubro",88.75
5777,"Novembro",52.6
5777,"Dezembro",43.98
935,"Janeiro",82.55
935,"Fevereiro",0.35
935,"Março",74.1
935,"Abril",81.17
935,"Maio",21.64
935,"Junho",26.11
935,"Julho",86.49
935,"Agosto",53.32
935,"Setembro",98.19
935,"Outubro",33.33
935,"Novembro",71.59
935,"Dezembro",32.08
8560,"Janeiro",63.84
8560,"Fevereiro",34.32
8560,"Março",68.74
8560,"Abril",85.81
8560,"Maio",90.83
8560,"Junho",3.36
8560,"Julho",58.2
8560,"Agosto",48.34
8560,"Setembro",76.68
8560,"Outubro",82.86
8560,"Novembro",99
8560,"Dezembro",3.54
1747,"Janeiro",9.15
1747,"Fevereiro",44.46
1747,"Março",90.13
1747,"Abril",63.17
1747,"Maio",8.8
1747,"Junho",1.53
1747,"Julho",85.92
1747,"Agosto",47.09
1747,"Setembro",20.97
1747,"Outubro",3.88
1747,"Novembro",68.08
1747,"Dezembro",87.03
1410,"Janeiro",40.68
1410,"Fevereiro",35.85
1410,"Março",57.42
1410,"Abril",22.65
1410,"Maio",16.1
1410,"Junho",91.2
1410,"Julho",59.34
1410,"Agosto",96.91
1410,"Setembro",5.07
1410,"Outubro",37.42
1410,"Novembro",46.63
1410,"Dezembro",72.57
8221,"Janeiro",89.07
8221,"Fevereiro",58.55
8221,"Março",62.24
8221,"Abril",13.92
8221,"Maio",12.89
8221,"Junho",89.93
8221,"Julho",30.69
8221,"Agosto",53.12
8221,"Setembro",48.23
8221,"Outubro",88.14
8221,"Novembro",26.8
8221,"Dezembro",12.68
4941,"Janeiro",86.46
4941,"Fevereiro",29.36
4941,"Março",79.9
4941,"Abril",46.2
4941,"Maio",24.44
4941,"Junho",32.36
4941,"Julho",30.43
4941,"Agosto",63.86
4941,"Setembro",51.41
4941,"Outubro",6.3
4941,"Novembro",75.96
4941,"Dezembro",4.57
1981,"Janeiro",87.77
1981,"Fevereiro",20.67
1981,"Março",6.62
1981,"Abril",88.94
1981,"Maio",66.43
1981,"Junho",6.56
1981,"Julho",97.88
1981,"Agosto",32.98
1981,"Setembro",47.14
1981,"Outubro",70.85
1981,"Novembro",63.39
1981,"Dezembro",97.96
5621,"Janeiro",89.45
5621,"Fevereiro",72.67
5621,"Março",19.31
5621,"Abril",6.35
5621,"Maio",88.96
5621,"Junho",87.08
5621,"Julho",29.16
5621,"Agosto",4.03
5621,"Setembro",13.87
5621,"Outubro",97.25
5621,"Novembro",12.52
5621,"Dezembro",98.12
3402,"Janeiro",19.98
3402,"Fevereiro",67.44
3402,"Março",88.56
3402,"Abril",24.24
3402,"Maio",28.52
3402,"Junho",6.3
3402,"Julho",66.57
3402,"Agosto",3.3
3402,"Setembro",73.12
3402,"Outubro",74.54
3402,"Novembro",12.19
3402,"Dezembro",90.75
345,"Janeiro",4.59
345,"Fevereiro",75.92
345,"Março",53.07
345,"Abril",1.02
345,"Maio",16.44
345,"Junho",24.11
345,"Julho",51.74
345,"Agosto",17.99
345,"Setembro",10.36
345,"Outubro",81.61
345,"Novembro",47.73
345,"Dezembro",60.38
7274,"Janeiro",13.96
7274,"Fevereiro",14.05
7274,"Março",68.04
7274,"Abril",70.15
7274,"Maio",27.79
7274,"Junho",0.13
7274,"Julho",85.99
7274,"Agosto",26.46
7274,"Setembro",83.29
7274,"Outubro",79.3
7274,"Novembro",42.83
7274,"Dezembro",66.16
3774,"Janeiro",38.03
3774,"Fevereiro",65.11
3774,"Março",29.41
3774,"Abril",38.41
3774,"Maio",9.7
3774,"Junho",55.41
3774,"Julho",73.2
3774,"Agosto",86.87
3774,"Setembro",83.41
3774,"Outubro",33.46
3774,"Novembro",31.5
3774,"Dezembro",92.34
6043,"Janeiro",70.48
6043,"Fevereiro",9.97
6043,"Março",38.06
6043,"Abril",27.33
6043,"Maio",63.62
6043,"Junho",66.21
6043,"Julho",93.28
6043,"Agosto",21.26
6043,"Setembro",99.59
6043,"Outubro",26.02
6043,"Novembro",19.98
6043,"Dezembro",14.74
9824,"Janeiro",47.33
9824,"Fevereiro",59.83
9824,"Março",59.75
9824,"Abril",14.98
9824,"Maio",76.14
9824,"Junho",41.92
9824,"Julho",45.42
9824,"Agosto",30.04
9824,"Setembro",62.95
9824,"Outubro",52.63
9824,"Novembro",83.34
9824,"Dezembro",89.68
5329,"Janeiro",49.08
5329,"Fevereiro",73.39
5329,"Março",30.6
5329,"Abril",90.45
5329,"Maio",56.18
5329,"Junho",4.78
5329,"Julho",36.51
5329,"Agosto",53.6
5329,"Setembro",53.07
5329,"Outubro",35.26
5329,"Novembro",67.68
5329,"Dezembro",63.06
1237,"Janeiro",18.98
1237,"Fevereiro",2.65
1237,"Março",7.58
1237,"Abril",42.91
1237,"Maio",58.79
1237,"Junho",9.96
1237,"Julho",27.93
1237,"Agosto",28.51
1237,"Setembro",16.5
1237,"Outubro",59.81
1237,"Novembro",81.44
1237,"Dezembro",16.73
6476,"Janeiro",18.5
6476,"Fevereiro",65.09
6476,"Março",43.31
6476,"Abril",37.48
6476,"Maio",82.57
6476,"Junho",16.22
6476,"Julho",0.88
6476,"Agosto",95.12
6476,"Setembro",52.43
6476,"Outubro",36.03
6476,"Novembro",45.23
6476,"Dezembro",83.47
3050,"Janeiro",38.16
3050,"Fevereiro",38.95
3050,"Março",91.71
3050,"Abril",92.65
3050,"Maio",61.68
3050,"Junho",62.85
3050,"Julho",55.47
3050,"Agosto",5.66
3050,"Setembro",40.82
3050,"Outubro",25.44
3050,"Novembro",72.35
3050,"Dezembro",83.6
5045,"Janeiro",25.58
5045,"Fevereiro",21.66
5045,"Março",53.17
5045,"Abril",41.71
5045,"Maio",79.33
5045,"Junho",30.5
5045,"Julho",19.91
5045,"Agosto",34.4
5045,"Setembro",63.92
5045,"Outubro",46.69
5045,"Novembro",6.94
5045,"Dezembro",62.52
8156,"Janeiro",69.18
8156,"Fevereiro",77.57
8156,"Março",55.59
8156,"Abril",7.22
8156,"Maio",85.91
8156,"Junho",80.91
8156,"Julho",42.12
8156,"Agosto",21.95
8156,"Setembro",66.48
8156,"Outubro",23.57
8156,"Novembro",84.21
8156,"Dezembro",65.35
294,"Janeiro",83.93
294,"Fevereiro",7.6
294,"Março",89.12
294,"Abril",86.74
294,"Maio",22.81
294,"Junho",80.84
294,"Julho",51.72
294,"Agosto",18.4
294,"Setembro",31.18
294,"Outubro",35.33
294,"Novembro",70.75
294,"Dezembro",60.72
4437,"Janeiro",64.39
4437,"Fevereiro",27.55
4437,"Março",72.29
4437,"Abril",87.9
4437,"Maio",28.74
4437,"Junho",50.64
4437,"Julho",28.01
4437,"Agosto",0.63
4437,"Setembro",43.61
4437,"Outubro",73.77
4437,"Novembro",67.05
4437,"Dezembro",6.22
736,"Janeiro",54.3
736,"Fevereiro",90.12
736,"Março",45.12
736,"Abril",4.36
736,"Maio",42.39
736,"Junho",10.36
736,"Julho",18.37
736,"Agosto",78.52
736,"Setembro",97.71
736,"Outubro",20.21
736,"Novembro",33.74
736,"Dezembro",41.18
6663,"Janeiro",56.67
6663,"Fevereiro",19.64
6663,"Março",66.78
6663,"Abril",79.1
6663,"Maio",21.99
6663,"Junho",78.55
6663,"Julho",40.81
6663,"Agosto",6.75
6663,"Setembro",42.08
6663,"Outubro",87.73
6663,"Novembro",59.75
6663,"Dezembro",50.95
1509,"Janeiro",11.49
1509,"Fevereiro",69.3
1509,"Março",54
1509,"Abril",72.7
1509,"Maio",92.76
1509,"Junho",16.1
1509,"Julho",66.85
1509,"Agosto",23.26
1509,"Setembro",18.08
1509,"Outubro",99.22
1509,"Novembro",9.73
1509,"Dezembro",29.96
6502,"Janeiro",58.59
6502,"Fevereiro",30.61
6502,"Março",86.5
6502,"Abril",7.46
6502,"Maio",75.95
6502,"Junho",2.91
6502,"Julho",31.39
6502,"Agosto",94.43
6502,"Setembro",98.51
6502,"Outubro",22.38
6502,"Novembro",30.23
6502,"Dezembro",72.89
2883,"Janeiro",87.44
2883,"Fevereiro",27.03
2883,"Março",89.35
2883,"Abril",98.85
2883,"Maio",72.06
2883,"Junho",22.91
2883,"Julho",68.63
2883,"Agosto",66.57
2883,"Setembro",55.48
2883,"Outubro",48.88
2883,"Novembro",27.16
2883,"Dezembro",25.04
2508,"Janeiro",86.15
2508,"Fevereiro",53.96
2508,"Março",78.89
2508,"Abril",53.47
2508,"Maio",65.67
2508,"Junho",38.17
2508,"Julho",16.8
2508,"Agosto",74.47
2508,"Setembro",61.16
2508,"Outubro",18.82
2508,"Novembro",3.75
2508,"Dezembro",32.32
7662,"Janeiro",49.69
7662,"Fevereiro",23.39
7662,"Março",84.9
7662,"Abril",76.43
7662,"Maio",73.41
7662,"Junho",16.83
7662,"Julho",87.32
7662,"Agosto",81.96
7662,"Setembro",33.05
7662,"Outubro",62.06
7662,"Novembro",87.57
7662,"Dezembro",74.99
1252,"Janeiro",27.78
1252,"Fevereiro",3
1252,"Março",62.29
1252,"Abril",15.13
1252,"Maio",81.99
1252,"Junho",79.38
1252,"Julho",33.68
1252,"Agosto",42.49
1252,"Setembro",54.77
1252,"Outubro",67.15
1252,"Novembro",71.28
1252,"Dezembro",99.45
6147,"Janeiro",11.62
6147,"Fevereiro",75.87
6147,"Março",19.03
6147,"Abril",72.11
6147,"Maio",72.27
6147,"Junho",0.32
6147,"Julho",24.36
6147,"Agosto",3.31
6147,"Setembro",48.14
6147,"Outubro",38.89
6147,"Novembro",56.72
6147,"Dezembro",56.2
5110,"Janeiro",55.6
5110,"Fevereiro",77.18
5110,"Março",65.22
5110,"Abril",94.09
5110,"Maio",95.68
5110,"Junho",40.6
5110,"Julho",82.55
5110,"Agosto",75.27
5110,"Setembro",71.34
5110,"Outubro",78.9
5110,"Novembro",29.81
5110,"Dezembro",55.48
1789,"Janeiro",17.53
1789,"Fevereiro",15.52
1789,"Março",66.89
1789,"Abril",77.5
1789,"Maio",40.78
1789,"Junho",6.18
1789,"Julho",77.94
1789,"Agosto",75.73
1789,"Setembro",81.43
1789,"Outubro",86.29
1789,"Novembro",16.93
1789,"Dezembro",17.38
1054,"Janeiro",60.72
1054,"Fevereiro",67.03
1054,"Março",2.12
1054,"Abril",48.76
1054,"Maio",52.17
1054,"Junho",70.19
1054,"Julho",76.81
1054,"Agosto",63.27
1054,"Setembro",15.42
1054,"Outubro",79.72
1054,"Novembro",55.04
1054,"Dezembro",80.11
2948,"Janeiro",26.58
2948,"Fevereiro",49.44
2948,"Março",82.68
2948,"Abril",11.21
2948,"Maio",20.31
2948,"Junho",15.55
2948,"Julho",45.3
2948,"Agosto",30.85
2948,"Setembro",49.02
2948,"Outubro",47.94
2948,"Novembro",53.76
2948,"Dezembro",18.11
681,"Janeiro",32.07
681,"Fevereiro",92.17
681,"Março",25.72
681,"Abril",25.44
681,"Maio",15.4
681,"Junho",84.33
681,"Julho",37.8
681,"Agosto",74.67
681,"Setembro",10.98
681,"Outubro",79.73
681,"Novembro",7
681,"Dezembro",42.28
9921,"Janeiro",91.53
9921,"Fevereiro",64.37
9921,"Março",99.1
9921,"Abril",78.76
9921,"Maio",89.31
9921,"Junho",98.27
9921,"Julho",27.01
9921,"Agosto",34.81
9921,"Setembro",97.56
9921,"Outubro",56.23
9921,"Novembro",2.37
9921,"Dezembro",69.32
3097,"Janeiro",65.85
3097,"Fevereiro",74.99
3097,"Março",25.39
3097,"Abril",21.54
3097,"Maio",73.18
3097,"Junho",58.72
3097,"Julho",57.09
3097,"Agosto",17.79
3097,"Setembro",39.08
3097,"Outubro",9.38
3097,"Novembro",41.22
3097,"Dezembro",4.97
6331,"Janeiro",55.2
6331,"Fevereiro",80.08
6331,"Março",43.3
6331,"Abril",39.65
6331,"Maio",40.36
6331,"Junho",34.1
6331,"Julho",80.67
6331,"Agosto",3.04
6331,"Setembro",43.03
6331,"Outubro",81.22
6331,"Novembro",43.16
6331,"Dezembro",77.93
1225,"Janeiro",58.22
1225,"Fevereiro",76.26
1225,"Março",29.31
1225,"Abril",53.41
1225,"Maio",76.07
1225,"Junho",36.39
1225,"Julho",96.47
1225,"Agosto",56.69
1225,"Setembro",56.46
1225,"Outubro",7.28
1225,"Novembro",38.69
1225,"Dezembro",69.39
8883,"Janeiro",69.6
8883,"Fevereiro",32.42
8883,"Março",66.86
8883,"Abril",33.35
8883,"Maio",46.65
8883,"Junho",82.09
8883,"Julho",48.39
8883,"Agosto",95.21
8883,"Setembro",80.01
8883,"Outubro",59.21
8883,"Novembro",5.07
8883,"Dezembro",73
1294,"Janeiro",58.11
1294,"Fevereiro",23.56
1294,"Março",88.97
1294,"Abril",28.44
1294,"Maio",62.71
1294,"Junho",72.12
1294,"Julho",8.21
1294,"Agosto",51.21
1294,"Setembro",71.32
1294,"Outubro",29.39
1294,"Novembro",68.21
1294,"Dezembro",35.11
4173,"Janeiro",34.14
4173,"Fevereiro",63.71
4173,"Março",45.84
4173,"Abril",69.8
4173,"Maio",65.49
4173,"Junho",99.91
4173,"Julho",63.58
4173,"Agosto",23.96
4173,"Setembro",27.32
4173,"Outubro",64.13
4173,"Novembro",85.27
4173,"Dezembro",62.37
733,"Janeiro",35.88
733,"Fevereiro",17.38
733,"Março",97.36
733,"Abril",63.07
733,"Maio",27.92
733,"Junho",24.52
733,"Julho",75.43
733,"Agosto",22.14
733,"Setembro",82.8
733,"Outubro",79.6
733,"Novembro",31.1
733,"Dezembro",12.89
7022,"Janeiro",54.3
7022,"Fevereiro",52.84
7022,"Março",67.86
7022,"Abril",67.95
7022,"Maio",67.36
7022,"Junho",93.1
7022,"Julho",61.09
7022,"Agosto",63
7022,"Setembro",49.98
7022,"Outubro",75.26
7022,"Novembro",65.13
7022,"Dezembro",83.68
5035,"Janeiro",93.34
5035,"Fevereiro",10.19
5035,"Março",61.48
5035,"Abril",46.74
5035,"Maio",68.48
5035,"Junho",99.55
5035,"Julho",73.78
5035,"Agosto",0.66
5035,"Setembro",62.83
5035,"Outubro",65.73
5035,"Novembro",74.47
5035,"Dezembro",44.94
2759,"Janeiro",75.2
2759,"Fevereiro",61.84
2759,"Março",88.53
2759,"Abril",57.92
2759,"Maio",47.76
2759,"Junho",85.35
2759,"Julho",48.92
2759,"Agosto",27.36
2759,"Setembro",30.54
2759,"Outubro",33.46
2759,"Novembro",15.79
2759,"Dezembro",44.9
1501,"Janeiro",12.18
1501,"Fevereiro",65.65
1501,"Março",11.97
1501,"Abril",42.49
1501,"Maio",42.19
1501,"Junho",98.95
1501,"Julho",66.42
1501,"Agosto",63.58
1501,"Setembro",43.46
1501,"Outubro",69.89
1501,"Novembro",87.25
1501,"Dezembro",9.17
6994,"Janeiro",4.36
6994,"Fevereiro",66.68
6994,"Março",21.75
6994,"Abril",71.21
6994,"Maio",17.23
6994,"Junho",40.71
6994,"Julho",40.58
6994,"Agosto",16.51
6994,"Setembro",46.86
6994,"Outubro",50.74
6994,"Novembro",28.66
6994,"Dezembro",72.25
5092,"Janeiro",0.81
5092,"Fevereiro",35.31
5092,"Março",61.27
5092,"Abril",83.66
5092,"Maio",82.27
5092,"Junho",77.4
5092,"Julho",13.99
5092,"Agosto",73.2
5092,"Setembro",86.6
5092,"Outubro",27.93
5092,"Novembro",79.46
5092,"Dezembro",78.25
732,"Janeiro",47.32
732,"Fevereiro",80.69
732,"Março",58.25
732,"Abril",88.28
732,"Maio",92.34
732,"Junho",11.48
732,"Julho",85.92
732,"Agosto",55.05
732,"Setembro",50.79
732,"Outubro",70.16
732,"Novembro",27.66
732,"Dezembro",78.45
8973,"Janeiro",71.3
8973,"Fevereiro",74.13
8973,"Março",90.86
8973,"Abril",10.29
8973,"Maio",8.2
8973,"Junho",38.21
8973,"Julho",1.69
8973,"Agosto",67.73
8973,"Setembro",49.2
8973,"Outubro",26.67
8973,"Novembro",29.22
8973,"Dezembro",66.14
6197,"Janeiro",69.24
6197,"Fevereiro",17.81
6197,"Março",92.12
6197,"Abril",59.62
6197,"Maio",8.09
6197,"Junho",29.97
6197,"Julho",34
6197,"Agosto",4.01
6197,"Setembro",90.96
6197,"Outubro",46.91
6197,"Novembro",26.16
6197,"Dezembro",11.28
6485,"Janeiro",69.18
6485,"Fevereiro",80.77
6485,"Março",77.79
6485,"Abril",13.16
6485,"Maio",30.9
6485,"Junho",34.78
6485,"Julho",49.16
6485,"Agosto",14.31
6485,"Setembro",16.32
6485,"Outubro",50.13
6485,"Novembro",48.07
6485,"Dezembro",28.39
6744,"Janeiro",84.52
6744,"Fevereiro",64.81
6744,"Março",40.79
6744,"Abril",5.33
6744,"Maio",55.5
6744,"Junho",8.17
6744,"Julho",72.88
6744,"Agosto",70.08
6744,"Setembro",4.02
6744,"Outubro",45.54
6744,"Novembro",80.52
6744,"Dezembro",17.1
2940,"Janeiro",50.88
2940,"Fevereiro",31.08
2940,"Março",17.47
2940,"Abril",86.07
2940,"Maio",99.7
2940,"Junho",53.24
2940,"Julho",54.12
2940,"Agosto",56.17
2940,"Setembro",39.19
2940,"Outubro",78.65
2940,"Novembro",77.42
2940,"Dezembro",7.36
8267,"Janeiro",58.55
8267,"Fevereiro",17.06
8267,"Março",53.88
8267,"Abril",41.54
8267,"Maio",82.4
8267,"Junho",18.45
8267,"Julho",1.42
8267,"Agosto",30.74
8267,"Setembro",85.58
8267,"Outubro",67.01
8267,"Novembro",20.62
8267,"Dezembro",57.7
4282,"Janeiro",58.75
4282,"Fevereiro",23.8
4282,"Março",23
4282,"Abril",77.26
4282,"Maio",79.86
4282,"Junho",42.09
4282,"Julho",33.05
4282,"Agosto",82.36
4282,"Setembro",7.65
4282,"Outubro",58.82
4282,"Novembro",65.49
4282,"Dezembro",85.8
2083,"Janeiro",60.63
2083,"Fevereiro",72.45
2083,"Março",55.88
2083,"Abril",3.94
2083,"Maio",21.72
2083,"Junho",23.41
2083,"Julho",11.63
2083,"Agosto",2.5
2083,"Setembro",47.64
2083,"Outubro",25.14
2083,"Novembro",84.94
2083,"Dezembro",8.68
2259,"Janeiro",12.44
2259,"Fevereiro",79.76
2259,"Março",43.84
2259,"Abril",54.78
2259,"Maio",98.01
2259,"Junho",92.17
2259,"Julho",13.33
2259,"Agosto",60.72
2259,"Setembro",46.71
2259,"Outubro",46.88
2259,"Novembro",57.39
2259,"Dezembro",29.51
7569,"Janeiro",95.95
7569,"Fevereiro",81.24
7569,"Março",15.08
7569,"Abril",98.68
7569,"Maio",64.55
7569,"Junho",87.21
7569,"Julho",51.71
7569,"Agosto",48.59
7569,"Setembro",92.1
7569,"Outubro",31.17
7569,"Novembro",91.49
7569,"Dezembro",8.96
3144,"Janeiro",78.59
3144,"Fevereiro",97.02
3144,"Março",17.83
3144,"Abril",26.63
3144,"Maio",78.11
3144,"Junho",17.37
3144,"Julho",68.91
3144,"Agosto",25.61
3144,"Setembro",56.83
3144,"Outubro",99.73
3144,"Novembro",65.52
3144,"Dezembro",44.3
927,"Janeiro",93.7
927,"Fevereiro",26.96
927,"Março",77.19
927,"Abril",58.91
927,"Maio",74.18
927,"Junho",23.91
927,"Julho",5.8
927,"Agosto",29.24
927,"Setembro",21.87
927,"Outubro",27.35
927,"Novembro",80.1
927,"Dezembro",60.88
4312,"Janeiro",32.17
4312,"Fevereiro",46.92
4312,"Março",90.58
4312,"Abril",61.66
4312,"Maio",72.96
4312,"Junho",54.82
4312,"Julho",94.03
4312,"Agosto",98.96
4312,"Setembro",54.09
4312,"Outubro",48.58
4312,"Novembro",18.92
4312,"Dezembro",7.46
1412,"Janeiro",5.84
1412,"Fevereiro",6.61
1412,"Março",10.41
1412,"Abril",55.22
1412,"Maio",97.21
1412,"Junho",24.09
1412,"Julho",38
1412,"Agosto",41.63
1412,"Setembro",1.73
1412,"Outubro",45.34
1412,"Novembro",1.17
1412,"Dezembro",61.96
9986,"Janeiro",75.52
9986,"Fevereiro",36.56
9986,"Março",76.2
9986,"Abril",4.95
9986,"Maio",77.2
9986,"Junho",38.8
9986,"Julho",92.84
9986,"Agosto",50.49
9986,"Setembro",50.95
9986,"Outubro",33.99
9986,"Novembro",92.91
9986,"Dezembro",93.8
5016,"Janeiro",24.87
5016,"Fevereiro",56.56
5016,"Março",61.68
5016,"Abril",78.86
5016,"Maio",2.53
5016,"Junho",56.86
5016,"Julho",87.67
5016,"Agosto",98.25
5016,"Setembro",10.69
5016,"Outubro",90.91
5016,"Novembro",11.88
5016,"Dezembro",44.96
161,"Janeiro",82.37
161,"Fevereiro",14.36
161,"Março",74.01
161,"Abril",57.53
161,"Maio",6.41
161,"Junho",15.08
161,"Julho",42.96
161,"Agosto",54.54
161,"Setembro",65.13
161,"Outubro",69.31
161,"Novembro",38.8
161,"Dezembro",33.7
9587,"Janeiro",54.82
9587,"Fevereiro",15.9
9587,"Março",76.71
9587,"Abril",43.05
9587,"Maio",15.58
9587,"Junho",77.01
9587,"Julho",18.14
9587,"Agosto",2.73
9587,"Setembro",68.93
9587,"Outubro",65.55
9587,"Novembro",5.05
9587,"Dezembro",95.39
6164,"Janeiro",62.51
6164,"Fevereiro",21.78
6164,"Março",59.38
6164,"Abril",95.64
6164,"Maio",83.59
6164,"Junho",5.27
6164,"Julho",68.76
6164,"Agosto",4.7
6164,"Setembro",95.71
6164,"Outubro",52.47
6164,"Novembro",71.85
6164,"Dezembro",33.78
7420,"Janeiro",49.74
7420,"Fevereiro",89.6
7420,"Março",11.79
7420,"Abril",22
7420,"Maio",42.6
7420,"Junho",48.01
7420,"Julho",77.68
7420,"Agosto",83.32
7420,"Setembro",16.93
7420,"Outubro",60.16
7420,"Novembro",79.27
7420,"Dezembro",24.62
9831,"Janeiro",39.46
9831,"Fevereiro",36
9831,"Março",47.77
9831,"Abril",95.11
9831,"Maio",39.59
9831,"Junho",8.97
9831,"Julho",12.64
9831,"Agosto",62.41
9831,"Setembro",62.13
9831,"Outubro",73.51
9831,"Novembro",6.78
9831,"Dezembro",58.41
12,"Janeiro",4.5
12,"Fevereiro",31.91
12,"Março",94.46
12,"Abril",95.76
12,"Maio",65.65
12,"Junho",12.21
12,"Julho",59.55
12,"Agosto",81.24
12,"Setembro",66.53
12,"Outubro",75.86
12,"Novembro",79.76
12,"Dezembro",85.98
3016,"Janeiro",55.2
3016,"Fevereiro",65.78
3016,"Março",51.87
3016,"Abril",88.91
3016,"Maio",53.37
3016,"Junho",74.62
3016,"Julho",34.37
3016,"Agosto",17.5
3016,"Setembro",98.23
3016,"Outubro",97.96
3016,"Novembro",86.42
3016,"Dezembro",9.09
1362,"Janeiro",94.23
1362,"Fevereiro",58.21
1362,"Março",69.05
1362,"Abril",94.32
1362,"Maio",47.5
1362,"Junho",1.38
1362,"Julho",16.54
1362,"Agosto",92.95
1362,"Setembro",83.56
1362,"Outubro",67.49
1362,"Novembro",30.21
1362,"Dezembro",92.98
2151,"Janeiro",68.9
2151,"Fevereiro",28.6
2151,"Março",20.68
2151,"Abril",34.53
2151,"Maio",20.82
2151,"Junho",15.74
2151,"Julho",30.29
2151,"Agosto",50.8
2151,"Setembro",62.94
2151,"Outubro",74.46
2151,"Novembro",71.27
2151,"Dezembro",94.16
4637,"Janeiro",7.81
4637,"Fevereiro",10.21
4637,"Março",96.61
4637,"Abril",72.12
4637,"Maio",93.26
4637,"Junho",0.27
4637,"Julho",5.71
4637,"Agosto",61.42
4637,"Setembro",91.17
4637,"Outubro",14.15
4637,"Novembro",94.98
4637,"Dezembro",69.69
4577,"Janeiro",39.34
4577,"Fevereiro",18.96
4577,"Março",82.64
4577,"Abril",30.68
4577,"Maio",82.06
4577,"Junho",43.78
4577,"Julho",6.8
4577,"Agosto",66.87
4577,"Setembro",57.96
4577,"Outubro",86.44
4577,"Novembro",4.49
4577,"Dezembro",88.37
2509,"Janeiro",37.98
2509,"Fevereiro",80.27
2509,"Março",89.11
2509,"Abril",54.5
2509,"Maio",73.41
2509,"Junho",92.22
2509,"Julho",53.17
2509,"Agosto",13.44
2509,"Setembro",83.1
2509,"Outubro",59.53
2509,"Novembro",7.56
2509,"Dezembro",41.33
6851,"Janeiro",48.58
6851,"Fevereiro",48.37
6851,"Março",39.73
6851,"Abril",11.53
6851,"Maio",96.29
6851,"Junho",37.9
6851,"Julho",9.85
6851,"Agosto",86.96
6851,"Setembro",94.68
6851,"Outubro",73.97
6851,"Novembro",38.1
6851,"Dezembro",63.44
